[PYI-37682:DEBUG] PyInstaller Bootloader 6.x
[PYI-37682:DEBUG] LOADER: argv[0]: ./dist/吸气声弱化工具.app/Contents/MacOS/吸气声弱化工具
[PYI-37682:DEBUG] LOADER: executable file: /Users/x/code/musicdoubao/dist/吸气声弱化工具.app/Contents/MacOS/吸气声弱化工具
[PYI-37682:DEBUG] LOADER: trying to load executable-embedded archive...
[PYI-37682:DEBUG] LOADER: attempting to open archive /Users/x/code/musicdoubao/dist/吸气声弱化工具.app/Contents/MacOS/吸气声弱化工具
[PYI-37682:DEBUG] LOADER: cookie found at offset 0x3240E
[PYI-37682:DEBUG] LOADER: archive file: /Users/x/code/musicdoubao/dist/吸气声弱化工具.app/Contents/MacOS/吸气声弱化工具
[PYI-37682:DEBUG] LOADER: application has onedir semantics...
[PYI-37682:DEBUG] LOADER: _PYI_ARCHIVE_FILE not defined...
[PYI-37682:DEBUG] LOADER: parent process level = -2
[PYI-37682:DEBUG] LOADER: process level = 1
[PYI-37682:DEBUG] LOADER: application's top-level directory: /Users/x/code/musicdoubao/dist/吸气声弱化工具.app/Contents/Frameworks
[PYI-37682:DEBUG] LOADER: splash screen is unavailable.
[PYI-37682:DEBUG] DYLIB: loading Python shared library: /Users/x/code/musicdoubao/dist/吸气声弱化工具.app/Contents/Frameworks/Python
[PYI-37682:DEBUG] DYLIB: loaded Python shared library.
[PYI-37682:DEBUG] DYLIB: imported symbols from Python shared library.
[PYI-37682:DEBUG] LOADER: pre-initializing embedded python interpreter...
[PYI-37682:DEBUG] LOADER: using PEP-741 API...
[PYI-37682:DEBUG] LOADER: creating PyInitConfig structure...
[PYI-37682:DEBUG] LOADER: setting program name...
[PYI-37682:DEBUG] LOADER: setting python home path...
[PYI-37682:DEBUG] LOADER: setting module search paths...
[PYI-37682:DEBUG] LOADER: setting sys.argv...
[PYI-37682:DEBUG] LOADER: applying run-time options...
[PYI-37682:DEBUG] LOADER: starting embedded python interpreter...
import _frozen_importlib # frozen
import _imp # builtin
import '_thread' # <class '_frozen_importlib.BuiltinImporter'>
import '_warnings' # <class '_frozen_importlib.BuiltinImporter'>
import '_weakref' # <class '_frozen_importlib.BuiltinImporter'>
import '_io' # <class '_frozen_importlib.BuiltinImporter'>
import 'marshal' # <class '_frozen_importlib.BuiltinImporter'>
import 'posix' # <class '_frozen_importlib.BuiltinImporter'>
import '_frozen_importlib_external' # <class '_frozen_importlib.FrozenImporter'>
# installing zipimport hook
import 'time' # <class '_frozen_importlib.BuiltinImporter'>
import 'zipimport' # <class '_frozen_importlib.FrozenImporter'>
# installed zipimport hook
# code object from '/Users/x/code/musicdoubao/dist/吸气声弱化工具.app/Contents/Frameworks/encodings/__init__.pyc'
import '_codecs' # <class '_frozen_importlib.BuiltinImporter'>
import 'codecs' # <class '_frozen_importlib.FrozenImporter'>
# code object from '/Users/x/code/musicdoubao/dist/吸气声弱化工具.app/Contents/Frameworks/encodings/aliases.pyc'
import 'encodings.aliases' # <_frozen_importlib_external.SourcelessFileLoader object at 0x1074960d0>
import 'encodings' # <_frozen_importlib_external.SourcelessFileLoader object at 0x1074112b0>
# code object from '/Users/x/code/musicdoubao/dist/吸气声弱化工具.app/Contents/Frameworks/encodings/utf_8.pyc'
import 'encodings.utf_8' # <_frozen_importlib_external.SourcelessFileLoader object at 0x107496210>
import '_signal' # <class '_frozen_importlib.BuiltinImporter'>
[PYI-37682:DEBUG] LOADER: setting sys._MEIPASS
[PYI-37682:DEBUG] LOADER: importing modules from PKG/CArchive
[PYI-37682:DEBUG] LOADER: extracted struct
[PYI-37682:DEBUG] LOADER: running unmarshalled code object for module struct...
# extension module '_struct' loaded from '/Users/x/code/musicdoubao/dist/吸气声弱化工具.app/Contents/Frameworks/python3.14/lib-dynload/_struct.cpython-314-darwin.so'
# extension module '_struct' executed from '/Users/x/code/musicdoubao/dist/吸气声弱化工具.app/Contents/Frameworks/python3.14/lib-dynload/_struct.cpython-314-darwin.so'
import '_struct' # <_frozen_importlib_external.ExtensionFileLoader object at 0x1074123c0>
[PYI-37682:DEBUG] LOADER: extracted pyimod01_archive
[PYI-37682:DEBUG] LOADER: running unmarshalled code object for module pyimod01_archive...
import '_abc' # <class '_frozen_importlib.BuiltinImporter'>
import 'abc' # <class '_frozen_importlib.FrozenImporter'>
import '_stat' # <class '_frozen_importlib.BuiltinImporter'>
import 'stat' # <class '_frozen_importlib.FrozenImporter'>
import '_collections_abc' # <class '_frozen_importlib.FrozenImporter'>
import 'errno' # <class '_frozen_importlib.BuiltinImporter'>
import 'genericpath' # <class '_frozen_importlib.FrozenImporter'>
import 'posixpath' # <class '_frozen_importlib.FrozenImporter'>
import 'os' # <class '_frozen_importlib.FrozenImporter'>
# extension module 'zlib' loaded from '/Users/x/code/musicdoubao/dist/吸气声弱化工具.app/Contents/Frameworks/python3.14/lib-dynload/zlib.cpython-314-darwin.so'
# extension module 'zlib' executed from '/Users/x/code/musicdoubao/dist/吸气声弱化工具.app/Contents/Frameworks/python3.14/lib-dynload/zlib.cpython-314-darwin.so'
import 'zlib' # <_frozen_importlib_external.ExtensionFileLoader object at 0x107496850>
[PYI-37682:DEBUG] LOADER: extracted pyimod02_importers
[PYI-37682:DEBUG] LOADER: running unmarshalled code object for module pyimod02_importers...
import 'io' # <class '_frozen_importlib.FrozenImporter'>
[PYI-37682:DEBUG] LOADER: extracted pyimod03_ctypes
[PYI-37682:DEBUG] LOADER: running unmarshalled code object for module pyimod03_ctypes...
# code object from '/Users/x/code/musicdoubao/dist/吸气声弱化工具.app/Contents/Frameworks/ctypes/__init__.pyc'
# code object from '/Users/x/code/musicdoubao/dist/吸气声弱化工具.app/Contents/Frameworks/sysconfig/__init__.pyc'
# code object from '/Users/x/code/musicdoubao/dist/吸气声弱化工具.app/Contents/Frameworks/threading.pyc'
import '_contextvars' # <class '_frozen_importlib.BuiltinImporter'>
# code object from '/Users/x/code/musicdoubao/dist/吸气声弱化工具.app/Contents/Frameworks/_weakrefset.pyc'
# code object from '/Users/x/code/musicdoubao/dist/吸气声弱化工具.app/Contents/Frameworks/types.pyc'
import '_types' # <class '_frozen_importlib.BuiltinImporter'>
import 'types' # <_frozen_importlib_external.SourcelessFileLoader object at 0x1075b5260>
import '_weakrefset' # <_frozen_importlib_external.SourcelessFileLoader object at 0x107537ce0>
import 'itertools' # <class '_frozen_importlib.BuiltinImporter'>
import '_collections' # <class '_frozen_importlib.BuiltinImporter'>
import 'threading' # <_frozen_importlib_external.SourcelessFileLoader object at 0x10754d7f0>
import 'sysconfig' # <_frozen_importlib_external.SourcelessFileLoader object at 0x10749a8b0>
# extension module '_ctypes' loaded from '/Users/x/code/musicdoubao/dist/吸气声弱化工具.app/Contents/Frameworks/python3.14/lib-dynload/_ctypes.cpython-314-darwin.so'
# extension module '_ctypes' executed from '/Users/x/code/musicdoubao/dist/吸气声弱化工具.app/Contents/Frameworks/python3.14/lib-dynload/_ctypes.cpython-314-darwin.so'
import '_ctypes' # <_frozen_importlib_external.ExtensionFileLoader object at 0x10757c7d0>
# code object from '/Users/x/code/musicdoubao/dist/吸气声弱化工具.app/Contents/Frameworks/ctypes/_endian.pyc'
import 'ctypes._endian' # <_frozen_importlib_external.SourcelessFileLoader object at 0x10752b550>
import 'ctypes' # <_frozen_importlib_external.SourcelessFileLoader object at 0x10749a190>
# code object from '/Users/x/code/musicdoubao/dist/吸气声弱化工具.app/Contents/Frameworks/ctypes/macholib/__init__.pyc'
import 'ctypes.macholib' # <_frozen_importlib_external.SourcelessFileLoader object at 0x107528c50>
# code object from '/Users/x/code/musicdoubao/dist/吸气声弱化工具.app/Contents/Frameworks/ctypes/macholib/dyld.pyc'
# code object from '/Users/x/code/musicdoubao/dist/吸气声弱化工具.app/Contents/Frameworks/ctypes/macholib/framework.pyc'
# code object from '/Users/x/code/musicdoubao/dist/吸气声弱化工具.app/Contents/Frameworks/re/__init__.pyc'
# code object from '/Users/x/code/musicdoubao/dist/吸气声弱化工具.app/Contents/Frameworks/enum.pyc'
import 'enum' # <_frozen_importlib_external.SourcelessFileLoader object at 0x1075cc4b0>
# code object from '/Users/x/code/musicdoubao/dist/吸气声弱化工具.app/Contents/Frameworks/re/_compiler.pyc'
import '_sre' # <class '_frozen_importlib.BuiltinImporter'>
# code object from '/Users/x/code/musicdoubao/dist/吸气声弱化工具.app/Contents/Frameworks/re/_parser.pyc'
# code object from '/Users/x/code/musicdoubao/dist/吸气声弱化工具.app/Contents/Frameworks/re/_constants.pyc'
import 're._constants' # <_frozen_importlib_external.SourcelessFileLoader object at 0x107614350>
import 're._parser' # <_frozen_importlib_external.SourcelessFileLoader object at 0x107423e90>
# code object from '/Users/x/code/musicdoubao/dist/吸气声弱化工具.app/Contents/Frameworks/re/_casefix.pyc'
import 're._casefix' # <_frozen_importlib_external.SourcelessFileLoader object at 0x1076278b0>
import 're._compiler' # <_frozen_importlib_external.SourcelessFileLoader object at 0x1075f98b0>
# code object from '/Users/x/code/musicdoubao/dist/吸气声弱化工具.app/Contents/Frameworks/functools.pyc'
# code object from '/Users/x/code/musicdoubao/dist/吸气声弱化工具.app/Contents/Frameworks/collections/__init__.pyc'
# code object from '/Users/x/code/musicdoubao/dist/吸气声弱化工具.app/Contents/Frameworks/keyword.pyc'
import 'keyword' # <_frozen_importlib_external.SourcelessFileLoader object at 0x107629130>
# code object from '/Users/x/code/musicdoubao/dist/吸气声弱化工具.app/Contents/Frameworks/operator.pyc'
import '_operator' # <class '_frozen_importlib.BuiltinImporter'>
import 'operator' # <_frozen_importlib_external.SourcelessFileLoader object at 0x1075d8c20>
# code object from '/Users/x/code/musicdoubao/dist/吸气声弱化工具.app/Contents/Frameworks/reprlib.pyc'
import 'reprlib' # <_frozen_importlib_external.SourcelessFileLoader object at 0x10761d150>
import 'collections' # <_frozen_importlib_external.SourcelessFileLoader object at 0x107628f50>
import '_functools' # <class '_frozen_importlib.BuiltinImporter'>
import 'functools' # <_frozen_importlib_external.SourcelessFileLoader object at 0x107627490>
# code object from '/Users/x/code/musicdoubao/dist/吸气声弱化工具.app/Contents/Frameworks/copyreg.pyc'
import 'copyreg' # <_frozen_importlib_external.SourcelessFileLoader object at 0x10761e750>
import 're' # <_frozen_importlib_external.SourcelessFileLoader object at 0x1075cc2f0>
import 'ctypes.macholib.framework' # <_frozen_importlib_external.SourcelessFileLoader object at 0x1075518b0>
# code object from '/Users/x/code/musicdoubao/dist/吸气声弱化工具.app/Contents/Frameworks/ctypes/macholib/dylib.pyc'
import 'ctypes.macholib.dylib' # <_frozen_importlib_external.SourcelessFileLoader object at 0x1075aed60>
import 'ctypes.macholib.dyld' # <_frozen_importlib_external.SourcelessFileLoader object at 0x107551130>
[PYI-37682:DEBUG] LOADER: looking for PYZ archive TOC entry...
[PYI-37682:DEBUG] LOADER: path to PYZ archive stored into sys._pyinstaller_pyz...
[PYI-37682:DEBUG] LOADER: running pyiboot01_bootstrap.py
PyInstaller: inserting our finder hook at index 1 in sys.path_hooks.
[PYI-37682:DEBUG] LOADER: running pyi_rth_inspect.py
PyInstaller: running path finder hook for path: '/Users/x/code/musicdoubao/dist/吸气声弱化工具.app/Contents/Frameworks'
PyInstaller: hook succeeded
PyiFrozenFinder(/Users/x/code/musicdoubao/dist/吸气声弱化工具.app/Contents/Frameworks): find_spec: called with fullname='inspect', target='inspect'
PyiFrozenFinder(/Users/x/code/musicdoubao/dist/吸气声弱化工具.app/Contents/Frameworks): find_spec: 'inspect' not found in PYZ...
PyiFrozenFinder(/Users/x/code/musicdoubao/dist/吸气声弱化工具.app/Contents/Frameworks): find_spec: attempting resolve using fallback finder FileFinder('/Users/x/code/musicdoubao/dist/吸气声弱化工具.app/Contents/Frameworks').
PyiFrozenFinder(/Users/x/code/musicdoubao/dist/吸气声弱化工具.app/Contents/Frameworks): find_spec: fallback finder returned spec: ModuleSpec(name='inspect', loader=<_frozen_importlib_external.SourcelessFileLoader object at 0x1075aef20>, origin='/Users/x/code/musicdoubao/dist/吸气声弱化工具.app/Contents/Frameworks/inspect.pyc').
# code object from '/Users/x/code/musicdoubao/dist/吸气声弱化工具.app/Contents/Frameworks/inspect.pyc'
PyiFrozenFinder(/Users/x/code/musicdoubao/dist/吸气声弱化工具.app/Contents/Frameworks): find_spec: called with fullname='annotationlib', target='annotationlib'
PyiFrozenFinder(/Users/x/code/musicdoubao/dist/吸气声弱化工具.app/Contents/Frameworks): find_spec: 'annotationlib' not found in PYZ...
PyiFrozenFinder(/Users/x/code/musicdoubao/dist/吸气声弱化工具.app/Contents/Frameworks): find_spec: attempting resolve using fallback finder FileFinder('/Users/x/code/musicdoubao/dist/吸气声弱化工具.app/Contents/Frameworks').
PyiFrozenFinder(/Users/x/code/musicdoubao/dist/吸气声弱化工具.app/Contents/Frameworks): find_spec: fallback finder returned spec: ModuleSpec(name='annotationlib', loader=<_frozen_importlib_external.SourcelessFileLoader object at 0x10760a3f0>, origin='/Users/x/code/musicdoubao/dist/吸气声弱化工具.app/Contents/Frameworks/annotationlib.pyc').
# code object from '/Users/x/code/musicdoubao/dist/吸气声弱化工具.app/Contents/Frameworks/annotationlib.pyc'
PyiFrozenFinder(/Users/x/code/musicdoubao/dist/吸气声弱化工具.app/Contents/Frameworks): find_spec: called with fullname='ast', target='ast'
PyiFrozenFinder(/Users/x/code/musicdoubao/dist/吸气声弱化工具.app/Contents/Frameworks): find_spec: 'ast' not found in PYZ...
PyiFrozenFinder(/Users/x/code/musicdoubao/dist/吸气声弱化工具.app/Contents/Frameworks): find_spec: attempting resolve using fallback finder FileFinder('/Users/x/code/musicdoubao/dist/吸气声弱化工具.app/Contents/Frameworks').
PyiFrozenFinder(/Users/x/code/musicdoubao/dist/吸气声弱化工具.app/Contents/Frameworks): find_spec: fallback finder returned spec: ModuleSpec(name='ast', loader=<_frozen_importlib_external.SourcelessFileLoader object at 0x10760b170>, origin='/Users/x/code/musicdoubao/dist/吸气声弱化工具.app/Contents/Frameworks/ast.pyc').
# code object from '/Users/x/code/musicdoubao/dist/吸气声弱化工具.app/Contents/Frameworks/ast.pyc'
import '_ast' # <class '_frozen_importlib.BuiltinImporter'>
import 'ast' # <_frozen_importlib_external.SourcelessFileLoader object at 0x10760b170>
import 'annotationlib' # <_frozen_importlib_external.SourcelessFileLoader object at 0x10760a3f0>
PyiFrozenFinder(/Users/x/code/musicdoubao/dist/吸气声弱化工具.app/Contents/Frameworks): find_spec: called with fullname='dis', target='dis'
PyiFrozenFinder(/Users/x/code/musicdoubao/dist/吸气声弱化工具.app/Contents/Frameworks): find_spec: 'dis' not found in PYZ...
PyiFrozenFinder(/Users/x/code/musicdoubao/dist/吸气声弱化工具.app/Contents/Frameworks): find_spec: attempting resolve using fallback finder FileFinder('/Users/x/code/musicdoubao/dist/吸气声弱化工具.app/Contents/Frameworks').
PyiFrozenFinder(/Users/x/code/musicdoubao/dist/吸气声弱化工具.app/Contents/Frameworks): find_spec: fallback finder returned spec: ModuleSpec(name='dis', loader=<_frozen_importlib_external.SourcelessFileLoader object at 0x10760a7b0>, origin='/Users/x/code/musicdoubao/dist/吸气声弱化工具.app/Contents/Frameworks/dis.pyc').
# code object from '/Users/x/code/musicdoubao/dist/吸气声弱化工具.app/Contents/Frameworks/dis.pyc'
PyiFrozenFinder(/Users/x/code/musicdoubao/dist/吸气声弱化工具.app/Contents/Frameworks): find_spec: called with fullname='opcode', target='opcode'
PyiFrozenFinder(/Users/x/code/musicdoubao/dist/吸气声弱化工具.app/Contents/Frameworks): find_spec: 'opcode' not found in PYZ...
PyiFrozenFinder(/Users/x/code/musicdoubao/dist/吸气声弱化工具.app/Contents/Frameworks): find_spec: attempting resolve using fallback finder FileFinder('/Users/x/code/musicdoubao/dist/吸气声弱化工具.app/Contents/Frameworks').
PyiFrozenFinder(/Users/x/code/musicdoubao/dist/吸气声弱化工具.app/Contents/Frameworks): find_spec: fallback finder returned spec: ModuleSpec(name='opcode', loader=<_frozen_importlib_external.SourcelessFileLoader object at 0x1076d64b0>, origin='/Users/x/code/musicdoubao/dist/吸气声弱化工具.app/Contents/Frameworks/opcode.pyc').
# code object from '/Users/x/code/musicdoubao/dist/吸气声弱化工具.app/Contents/Frameworks/opcode.pyc'
import '_opcode' # <class '_frozen_importlib.BuiltinImporter'>
PyiFrozenFinder(/Users/x/code/musicdoubao/dist/吸气声弱化工具.app/Contents/Frameworks): find_spec: called with fullname='_opcode_metadata', target='_opcode_metadata'
PyiFrozenFinder(/Users/x/code/musicdoubao/dist/吸气声弱化工具.app/Contents/Frameworks): find_spec: '_opcode_metadata' not found in PYZ...
PyiFrozenFinder(/Users/x/code/musicdoubao/dist/吸气声弱化工具.app/Contents/Frameworks): find_spec: attempting resolve using fallback finder FileFinder('/Users/x/code/musicdoubao/dist/吸气声弱化工具.app/Contents/Frameworks').
PyiFrozenFinder(/Users/x/code/musicdoubao/dist/吸气声弱化工具.app/Contents/Frameworks): find_spec: fallback finder returned spec: ModuleSpec(name='_opcode_metadata', loader=<_frozen_importlib_external.SourcelessFileLoader object at 0x1076d69f0>, origin='/Users/x/code/musicdoubao/dist/吸气声弱化工具.app/Contents/Frameworks/_opcode_metadata.pyc').
# code object from '/Users/x/code/musicdoubao/dist/吸气声弱化工具.app/Contents/Frameworks/_opcode_metadata.pyc'
import '_opcode_metadata' # <_frozen_importlib_external.SourcelessFileLoader object at 0x1076d69f0>
import 'opcode' # <_frozen_importlib_external.SourcelessFileLoader object at 0x1076d64b0>
import 'dis' # <_frozen_importlib_external.SourcelessFileLoader object at 0x10760a7b0>
PyiFrozenFinder(/Users/x/code/musicdoubao/dist/吸气声弱化工具.app/Contents/Frameworks): find_spec: called with fullname='importlib', target='importlib'
PyiFrozenFinder(/Users/x/code/musicdoubao/dist/吸气声弱化工具.app/Contents/Frameworks): find_spec: 'importlib' not found in PYZ...
PyiFrozenFinder(/Users/x/code/musicdoubao/dist/吸气声弱化工具.app/Contents/Frameworks): find_spec: attempting resolve using fallback finder FileFinder('/Users/x/code/musicdoubao/dist/吸气声弱化工具.app/Contents/Frameworks').
PyiFrozenFinder(/Users/x/code/musicdoubao/dist/吸气声弱化工具.app/Contents/Frameworks): find_spec: fallback finder returned spec: ModuleSpec(name='importlib', loader=<_frozen_importlib_external.SourcelessFileLoader object at 0x1076d7590>, origin='/Users/x/code/musicdoubao/dist/吸气声弱化工具.app/Contents/Frameworks/importlib/__init__.pyc', submodule_search_locations=['/Users/x/code/musicdoubao/dist/吸气声弱化工具.app/Contents/Frameworks/importlib']).
# code object from '/Users/x/code/musicdoubao/dist/吸气声弱化工具.app/Contents/Frameworks/importlib/__init__.pyc'
import 'importlib' # <_frozen_importlib_external.SourcelessFileLoader object at 0x1076d7590>
import 'importlib.machinery' # <class '_frozen_importlib.FrozenImporter'>
PyiFrozenFinder(/Users/x/code/musicdoubao/dist/吸气声弱化工具.app/Contents/Frameworks): find_spec: called with fullname='linecache', target='linecache'
PyiFrozenFinder(/Users/x/code/musicdoubao/dist/吸气声弱化工具.app/Contents/Frameworks): find_spec: 'linecache' not found in PYZ...
PyiFrozenFinder(/Users/x/code/musicdoubao/dist/吸气声弱化工具.app/Contents/Frameworks): find_spec: attempting resolve using fallback finder FileFinder('/Users/x/code/musicdoubao/dist/吸气声弱化工具.app/Contents/Frameworks').
PyiFrozenFinder(/Users/x/code/musicdoubao/dist/吸气声弱化工具.app/Contents/Frameworks): find_spec: fallback finder returned spec: ModuleSpec(name='linecache', loader=<_frozen_importlib_external.SourcelessFileLoader object at 0x1076d7530>, origin='/Users/x/code/musicdoubao/dist/吸气声弱化工具.app/Contents/Frameworks/linecache.pyc').
# code object from '/Users/x/code/musicdoubao/dist/吸气声弱化工具.app/Contents/Frameworks/linecache.pyc'
import 'linecache' # <_frozen_importlib_external.SourcelessFileLoader object at 0x1076d7530>
PyiFrozenFinder(/Users/x/code/musicdoubao/dist/吸气声弱化工具.app/Contents/Frameworks): find_spec: called with fullname='tokenize', target='tokenize'
PyiFrozenFinder(/Users/x/code/musicdoubao/dist/吸气声弱化工具.app/Contents/Frameworks): find_spec: 'tokenize' not found in PYZ...
PyiFrozenFinder(/Users/x/code/musicdoubao/dist/吸气声弱化工具.app/Contents/Frameworks): find_spec: attempting resolve using fallback finder FileFinder('/Users/x/code/musicdoubao/dist/吸气声弱化工具.app/Contents/Frameworks').
PyiFrozenFinder(/Users/x/code/musicdoubao/dist/吸气声弱化工具.app/Contents/Frameworks): find_spec: fallback finder returned spec: ModuleSpec(name='tokenize', loader=<_frozen_importlib_external.SourcelessFileLoader object at 0x1076d7830>, origin='/Users/x/code/musicdoubao/dist/吸气声弱化工具.app/Contents/Frameworks/tokenize.pyc').
# code object from '/Users/x/code/musicdoubao/dist/吸气声弱化工具.app/Contents/Frameworks/tokenize.pyc'
PyiFrozenFinder(/Users/x/code/musicdoubao/dist/吸气声弱化工具.app/Contents/Frameworks): find_spec: called with fullname='token', target='token'
PyiFrozenFinder(/Users/x/code/musicdoubao/dist/吸气声弱化工具.app/Contents/Frameworks): find_spec: 'token' not found in PYZ...
PyiFrozenFinder(/Users/x/code/musicdoubao/dist/吸气声弱化工具.app/Contents/Frameworks): find_spec: attempting resolve using fallback finder FileFinder('/Users/x/code/musicdoubao/dist/吸气声弱化工具.app/Contents/Frameworks').
PyiFrozenFinder(/Users/x/code/musicdoubao/dist/吸气声弱化工具.app/Contents/Frameworks): find_spec: fallback finder returned spec: ModuleSpec(name='token', loader=<_frozen_importlib_external.SourcelessFileLoader object at 0x1076d7e90>, origin='/Users/x/code/musicdoubao/dist/吸气声弱化工具.app/Contents/Frameworks/token.pyc').
# code object from '/Users/x/code/musicdoubao/dist/吸气声弱化工具.app/Contents/Frameworks/token.pyc'
import 'token' # <_frozen_importlib_external.SourcelessFileLoader object at 0x1076d7e90>
import '_tokenize' # <class '_frozen_importlib.BuiltinImporter'>
import 'tokenize' # <_frozen_importlib_external.SourcelessFileLoader object at 0x1076d7830>
PyiFrozenFinder(/Users/x/code/musicdoubao/dist/吸气声弱化工具.app/Contents/Frameworks): find_spec: called with fullname='weakref', target='weakref'
PyiFrozenFinder(/Users/x/code/musicdoubao/dist/吸气声弱化工具.app/Contents/Frameworks): find_spec: 'weakref' not found in PYZ...
PyiFrozenFinder(/Users/x/code/musicdoubao/dist/吸气声弱化工具.app/Contents/Frameworks): find_spec: attempting resolve using fallback finder FileFinder('/Users/x/code/musicdoubao/dist/吸气声弱化工具.app/Contents/Frameworks').
PyiFrozenFinder(/Users/x/code/musicdoubao/dist/吸气声弱化工具.app/Contents/Frameworks): find_spec: fallback finder returned spec: ModuleSpec(name='weakref', loader=<_frozen_importlib_external.SourcelessFileLoader object at 0x1076d79b0>, origin='/Users/x/code/musicdoubao/dist/吸气声弱化工具.app/Contents/Frameworks/weakref.pyc').
# code object from '/Users/x/code/musicdoubao/dist/吸气声弱化工具.app/Contents/Frameworks/weakref.pyc'
import 'weakref' # <_frozen_importlib_external.SourcelessFileLoader object at 0x1076d79b0>
import 'inspect' # <_frozen_importlib_external.SourcelessFileLoader object at 0x1075aef20>
PyiFrozenFinder(/Users/x/code/musicdoubao/dist/吸气声弱化工具.app/Contents/Frameworks): find_spec: called with fullname='zipfile', target='zipfile'
PyiFrozenFinder(/Users/x/code/musicdoubao/dist/吸气声弱化工具.app/Contents/Frameworks): find_spec: 'zipfile' not found in PYZ...
PyiFrozenFinder(/Users/x/code/musicdoubao/dist/吸气声弱化工具.app/Contents/Frameworks): find_spec: attempting resolve using fallback finder FileFinder('/Users/x/code/musicdoubao/dist/吸气声弱化工具.app/Contents/Frameworks').
PyiFrozenFinder(/Users/x/code/musicdoubao/dist/吸气声弱化工具.app/Contents/Frameworks): find_spec: fallback finder returned spec: ModuleSpec(name='zipfile', loader=<_frozen_importlib_external.SourcelessFileLoader object at 0x10766ab70>, origin='/Users/x/code/musicdoubao/dist/吸气声弱化工具.app/Contents/Frameworks/zipfile/__init__.pyc', submodule_search_locations=['/Users/x/code/musicdoubao/dist/吸气声弱化工具.app/Contents/Frameworks/zipfile']).
# code object from '/Users/x/code/musicdoubao/dist/吸气声弱化工具.app/Contents/Frameworks/zipfile/__init__.pyc'
# extension module 'binascii' loaded from '/Users/x/code/musicdoubao/dist/吸气声弱化工具.app/Contents/Frameworks/python3.14/lib-dynload/binascii.cpython-314-darwin.so'
# extension module 'binascii' executed from '/Users/x/code/musicdoubao/dist/吸气声弱化工具.app/Contents/Frameworks/python3.14/lib-dynload/binascii.cpython-314-darwin.so'
import 'binascii' # <_frozen_importlib_external.ExtensionFileLoader object at 0x1076c68b0>
PyInstaller: running path finder hook for path: '/Users/x/code/musicdoubao/dist/吸气声弱化工具.app/Contents/Frameworks/importlib'
PyInstaller: hook succeeded
PyiFrozenFinder(/Users/x/code/musicdoubao/dist/吸气声弱化工具.app/Contents/Frameworks/importlib): find_spec: called with fullname='importlib._abc', target='importlib._abc'
PyiFrozenFinder(/Users/x/code/musicdoubao/dist/吸气声弱化工具.app/Contents/Frameworks/importlib): find_spec: 'importlib._abc' not found in PYZ...
PyiFrozenFinder(/Users/x/code/musicdoubao/dist/吸气声弱化工具.app/Contents/Frameworks/importlib): find_spec: attempting resolve using fallback finder FileFinder('/Users/x/code/musicdoubao/dist/吸气声弱化工具.app/Contents/Frameworks/importlib').
PyiFrozenFinder(/Users/x/code/musicdoubao/dist/吸气声弱化工具.app/Contents/Frameworks/importlib): find_spec: fallback finder returned spec: ModuleSpec(name='importlib._abc', loader=<_frozen_importlib_external.SourcelessFileLoader object at 0x10774bfb0>, origin='/Users/x/code/musicdoubao/dist/吸气声弱化工具.app/Contents/Frameworks/importlib/_abc.pyc').
# code object from '/Users/x/code/musicdoubao/dist/吸气声弱化工具.app/Contents/Frameworks/importlib/_abc.pyc'
import 'importlib._abc' # <_frozen_importlib_external.SourcelessFileLoader object at 0x10774bfb0>
import 'importlib.util' # <class '_frozen_importlib.FrozenImporter'>
PyiFrozenFinder(/Users/x/code/musicdoubao/dist/吸气声弱化工具.app/Contents/Frameworks): find_spec: called with fullname='shutil', target='shutil'
PyiFrozenFinder(/Users/x/code/musicdoubao/dist/吸气声弱化工具.app/Contents/Frameworks): find_spec: 'shutil' not found in PYZ...
PyiFrozenFinder(/Users/x/code/musicdoubao/dist/吸气声弱化工具.app/Contents/Frameworks): find_spec: attempting resolve using fallback finder FileFinder('/Users/x/code/musicdoubao/dist/吸气声弱化工具.app/Contents/Frameworks').
PyiFrozenFinder(/Users/x/code/musicdoubao/dist/吸气声弱化工具.app/Contents/Frameworks): find_spec: fallback finder returned spec: ModuleSpec(name='shutil', loader=<_frozen_importlib_external.SourcelessFileLoader object at 0x1077940b0>, origin='/Users/x/code/musicdoubao/dist/吸气声弱化工具.app/Contents/Frameworks/shutil.pyc').
# code object from '/Users/x/code/musicdoubao/dist/吸气声弱化工具.app/Contents/Frameworks/shutil.pyc'
PyiFrozenFinder(/Users/x/code/musicdoubao/dist/吸气声弱化工具.app/Contents/Frameworks): find_spec: called with fullname='fnmatch', target='fnmatch'
PyiFrozenFinder(/Users/x/code/musicdoubao/dist/吸气声弱化工具.app/Contents/Frameworks): find_spec: 'fnmatch' not found in PYZ...
PyiFrozenFinder(/Users/x/code/musicdoubao/dist/吸气声弱化工具.app/Contents/Frameworks): find_spec: attempting resolve using fallback finder FileFinder('/Users/x/code/musicdoubao/dist/吸气声弱化工具.app/Contents/Frameworks').
PyiFrozenFinder(/Users/x/code/musicdoubao/dist/吸气声弱化工具.app/Contents/Frameworks): find_spec: fallback finder returned spec: ModuleSpec(name='fnmatch', loader=<_frozen_importlib_external.SourcelessFileLoader object at 0x107795430>, origin='/Users/x/code/musicdoubao/dist/吸气声弱化工具.app/Contents/Frameworks/fnmatch.pyc').
# code object from '/Users/x/code/musicdoubao/dist/吸气声弱化工具.app/Contents/Frameworks/fnmatch.pyc'
import 'fnmatch' # <_frozen_importlib_external.SourcelessFileLoader object at 0x107795430>
PyiFrozenFinder(/Users/x/code/musicdoubao/dist/吸气声弱化工具.app/Contents/Frameworks): find_spec: called with fullname='bz2', target='bz2'
PyiFrozenFinder(/Users/x/code/musicdoubao/dist/吸气声弱化工具.app/Contents/Frameworks): find_spec: 'bz2' not found in PYZ...
PyiFrozenFinder(/Users/x/code/musicdoubao/dist/吸气声弱化工具.app/Contents/Frameworks): find_spec: attempting resolve using fallback finder FileFinder('/Users/x/code/musicdoubao/dist/吸气声弱化工具.app/Contents/Frameworks').
PyiFrozenFinder(/Users/x/code/musicdoubao/dist/吸气声弱化工具.app/Contents/Frameworks): find_spec: fallback finder returned spec: ModuleSpec(name='bz2', loader=<_frozen_importlib_external.SourcelessFileLoader object at 0x107795610>, origin='/Users/x/code/musicdoubao/dist/吸气声弱化工具.app/Contents/Frameworks/bz2.pyc').
# code object from '/Users/x/code/musicdoubao/dist/吸气声弱化工具.app/Contents/Frameworks/bz2.pyc'
PyiFrozenFinder(/Users/x/code/musicdoubao/dist/吸气声弱化工具.app/Contents/Frameworks): find_spec: called with fullname='compression', target='compression'
PyiFrozenFinder(/Users/x/code/musicdoubao/dist/吸气声弱化工具.app/Contents/Frameworks): find_spec: 'compression' not found in PYZ...
PyiFrozenFinder(/Users/x/code/musicdoubao/dist/吸气声弱化工具.app/Contents/Frameworks): find_spec: attempting resolve using fallback finder FileFinder('/Users/x/code/musicdoubao/dist/吸气声弱化工具.app/Contents/Frameworks').
PyiFrozenFinder(/Users/x/code/musicdoubao/dist/吸气声弱化工具.app/Contents/Frameworks): find_spec: fallback finder returned spec: ModuleSpec(name='compression', loader=<_frozen_importlib_external.SourcelessFileLoader object at 0x107795f10>, origin='/Users/x/code/musicdoubao/dist/吸气声弱化工具.app/Contents/Frameworks/compression/__init__.pyc', submodule_search_locations=['/Users/x/code/musicdoubao/dist/吸气声弱化工具.app/Contents/Frameworks/compression']).
# code object from '/Users/x/code/musicdoubao/dist/吸气声弱化工具.app/Contents/Frameworks/compression/__init__.pyc'
import 'compression' # <_frozen_importlib_external.SourcelessFileLoader object at 0x107795f10>
PyInstaller: running path finder hook for path: '/Users/x/code/musicdoubao/dist/吸气声弱化工具.app/Contents/Frameworks/compression'
PyInstaller: hook succeeded
PyiFrozenFinder(/Users/x/code/musicdoubao/dist/吸气声弱化工具.app/Contents/Frameworks/compression): find_spec: called with fullname='compression._common', target='compression._common'
PyiFrozenFinder(/Users/x/code/musicdoubao/dist/吸气声弱化工具.app/Contents/Frameworks/compression): find_spec: 'compression._common' not found in PYZ...
PyiFrozenFinder(/Users/x/code/musicdoubao/dist/吸气声弱化工具.app/Contents/Frameworks/compression): find_spec: attempting resolve using fallback finder FileFinder('/Users/x/code/musicdoubao/dist/吸气声弱化工具.app/Contents/Frameworks/compression').
PyiFrozenFinder(/Users/x/code/musicdoubao/dist/吸气声弱化工具.app/Contents/Frameworks/compression): find_spec: fallback finder returned spec: ModuleSpec(name='compression._common', loader=<_frozen_importlib_external.SourcelessFileLoader object at 0x107795eb0>, origin='/Users/x/code/musicdoubao/dist/吸气声弱化工具.app/Contents/Frameworks/compression/_common/__init__.pyc', submodule_search_locations=['/Users/x/code/musicdoubao/dist/吸气声弱化工具.app/Contents/Frameworks/compression/_common']).
# code object from '/Users/x/code/musicdoubao/dist/吸气声弱化工具.app/Contents/Frameworks/compression/_common/__init__.pyc'
import 'compression._common' # <_frozen_importlib_external.SourcelessFileLoader object at 0x107795eb0>
PyInstaller: running path finder hook for path: '/Users/x/code/musicdoubao/dist/吸气声弱化工具.app/Contents/Frameworks/compression/_common'
PyInstaller: hook succeeded
PyiFrozenFinder(/Users/x/code/musicdoubao/dist/吸气声弱化工具.app/Contents/Frameworks/compression/_common): find_spec: called with fullname='compression._common._streams', target='compression._common._streams'
PyiFrozenFinder(/Users/x/code/musicdoubao/dist/吸气声弱化工具.app/Contents/Frameworks/compression/_common): find_spec: 'compression._common._streams' not found in PYZ...
PyiFrozenFinder(/Users/x/code/musicdoubao/dist/吸气声弱化工具.app/Contents/Frameworks/compression/_common): find_spec: attempting resolve using fallback finder FileFinder('/Users/x/code/musicdoubao/dist/吸气声弱化工具.app/Contents/Frameworks/compression/_common').
PyiFrozenFinder(/Users/x/code/musicdoubao/dist/吸气声弱化工具.app/Contents/Frameworks/compression/_common): find_spec: fallback finder returned spec: ModuleSpec(name='compression._common._streams', loader=<_frozen_importlib_external.SourcelessFileLoader object at 0x107795f70>, origin='/Users/x/code/musicdoubao/dist/吸气声弱化工具.app/Contents/Frameworks/compression/_common/_streams.pyc').
# code object from '/Users/x/code/musicdoubao/dist/吸气声弱化工具.app/Contents/Frameworks/compression/_common/_streams.pyc'
import 'compression._common._streams' # <_frozen_importlib_external.SourcelessFileLoader object at 0x107795f70>
# extension module '_bz2' loaded from '/Users/x/code/musicdoubao/dist/吸气声弱化工具.app/Contents/Frameworks/python3.14/lib-dynload/_bz2.cpython-314-darwin.so'
# extension module '_bz2' executed from '/Users/x/code/musicdoubao/dist/吸气声弱化工具.app/Contents/Frameworks/python3.14/lib-dynload/_bz2.cpython-314-darwin.so'
import '_bz2' # <_frozen_importlib_external.ExtensionFileLoader object at 0x1076c7bb0>
import 'bz2' # <_frozen_importlib_external.SourcelessFileLoader object at 0x107795610>
PyiFrozenFinder(/Users/x/code/musicdoubao/dist/吸气声弱化工具.app/Contents/Frameworks): find_spec: called with fullname='lzma', target='lzma'
PyiFrozenFinder(/Users/x/code/musicdoubao/dist/吸气声弱化工具.app/Contents/Frameworks): find_spec: 'lzma' not found in PYZ...
PyiFrozenFinder(/Users/x/code/musicdoubao/dist/吸气声弱化工具.app/Contents/Frameworks): find_spec: attempting resolve using fallback finder FileFinder('/Users/x/code/musicdoubao/dist/吸气声弱化工具.app/Contents/Frameworks').
PyiFrozenFinder(/Users/x/code/musicdoubao/dist/吸气声弱化工具.app/Contents/Frameworks): find_spec: fallback finder returned spec: ModuleSpec(name='lzma', loader=<_frozen_importlib_external.SourcelessFileLoader object at 0x107795910>, origin='/Users/x/code/musicdoubao/dist/吸气声弱化工具.app/Contents/Frameworks/lzma.pyc').
# code object from '/Users/x/code/musicdoubao/dist/吸气声弱化工具.app/Contents/Frameworks/lzma.pyc'
# extension module '_lzma' loaded from '/Users/x/code/musicdoubao/dist/吸气声弱化工具.app/Contents/Frameworks/python3.14/lib-dynload/_lzma.cpython-314-darwin.so'
# extension module '_lzma' executed from '/Users/x/code/musicdoubao/dist/吸气声弱化工具.app/Contents/Frameworks/python3.14/lib-dynload/_lzma.cpython-314-darwin.so'
import '_lzma' # <_frozen_importlib_external.ExtensionFileLoader object at 0x10777b650>
import 'lzma' # <_frozen_importlib_external.SourcelessFileLoader object at 0x107795910>
PyiFrozenFinder(/Users/x/code/musicdoubao/dist/吸气声弱化工具.app/Contents/Frameworks/compression): find_spec: called with fullname='compression.zstd', target='compression.zstd'
PyiFrozenFinder(/Users/x/code/musicdoubao/dist/吸气声弱化工具.app/Contents/Frameworks/compression): find_spec: 'compression.zstd' not found in PYZ...
PyiFrozenFinder(/Users/x/code/musicdoubao/dist/吸气声弱化工具.app/Contents/Frameworks/compression): find_spec: attempting resolve using fallback finder FileFinder('/Users/x/code/musicdoubao/dist/吸气声弱化工具.app/Contents/Frameworks/compression').
PyiFrozenFinder(/Users/x/code/musicdoubao/dist/吸气声弱化工具.app/Contents/Frameworks/compression): find_spec: fallback finder returned spec: ModuleSpec(name='compression.zstd', loader=<_frozen_importlib_external.SourcelessFileLoader object at 0x107796570>, origin='/Users/x/code/musicdoubao/dist/吸气声弱化工具.app/Contents/Frameworks/compression/zstd/__init__.pyc', submodule_search_locations=['/Users/x/code/musicdoubao/dist/吸气声弱化工具.app/Contents/Frameworks/compression/zstd']).
# code object from '/Users/x/code/musicdoubao/dist/吸气声弱化工具.app/Contents/Frameworks/compression/zstd/__init__.pyc'
# extension module '_zstd' loaded from '/Users/x/code/musicdoubao/dist/吸气声弱化工具.app/Contents/Frameworks/python3.14/lib-dynload/_zstd.cpython-314-darwin.so'
# extension module '_zstd' executed from '/Users/x/code/musicdoubao/dist/吸气声弱化工具.app/Contents/Frameworks/python3.14/lib-dynload/_zstd.cpython-314-darwin.so'
import '_zstd' # <_frozen_importlib_external.ExtensionFileLoader object at 0x10775a360>
PyInstaller: running path finder hook for path: '/Users/x/code/musicdoubao/dist/吸气声弱化工具.app/Contents/Frameworks/compression/zstd'
PyInstaller: hook succeeded
PyiFrozenFinder(/Users/x/code/musicdoubao/dist/吸气声弱化工具.app/Contents/Frameworks/compression/zstd): find_spec: called with fullname='compression.zstd._zstdfile', target='compression.zstd._zstdfile'
PyiFrozenFinder(/Users/x/code/musicdoubao/dist/吸气声弱化工具.app/Contents/Frameworks/compression/zstd): find_spec: 'compression.zstd._zstdfile' not found in PYZ...
PyiFrozenFinder(/Users/x/code/musicdoubao/dist/吸气声弱化工具.app/Contents/Frameworks/compression/zstd): find_spec: attempting resolve using fallback finder FileFinder('/Users/x/code/musicdoubao/dist/吸气声弱化工具.app/Contents/Frameworks/compression/zstd').
PyiFrozenFinder(/Users/x/code/musicdoubao/dist/吸气声弱化工具.app/Contents/Frameworks/compression/zstd): find_spec: fallback finder returned spec: ModuleSpec(name='compression.zstd._zstdfile', loader=<_frozen_importlib_external.SourcelessFileLoader object at 0x107796c30>, origin='/Users/x/code/musicdoubao/dist/吸气声弱化工具.app/Contents/Frameworks/compression/zstd/_zstdfile.pyc').
# code object from '/Users/x/code/musicdoubao/dist/吸气声弱化工具.app/Contents/Frameworks/compression/zstd/_zstdfile.pyc'
import 'compression.zstd._zstdfile' # <_frozen_importlib_external.SourcelessFileLoader object at 0x107796c30>
import 'compression.zstd' # <_frozen_importlib_external.SourcelessFileLoader object at 0x107796570>
import 'shutil' # <_frozen_importlib_external.SourcelessFileLoader object at 0x1077940b0>
PyInstaller: running path finder hook for path: '/Users/x/code/musicdoubao/dist/吸气声弱化工具.app/Contents/Frameworks/zipfile'
PyInstaller: hook succeeded
PyiFrozenFinder(/Users/x/code/musicdoubao/dist/吸气声弱化工具.app/Contents/Frameworks/zipfile): find_spec: called with fullname='zipfile._path', target='zipfile._path'
PyiFrozenFinder(/Users/x/code/musicdoubao/dist/吸气声弱化工具.app/Contents/Frameworks/zipfile): find_spec: 'zipfile._path' not found in PYZ...
PyiFrozenFinder(/Users/x/code/musicdoubao/dist/吸气声弱化工具.app/Contents/Frameworks/zipfile): find_spec: attempting resolve using fallback finder FileFinder('/Users/x/code/musicdoubao/dist/吸气声弱化工具.app/Contents/Frameworks/zipfile').
PyiFrozenFinder(/Users/x/code/musicdoubao/dist/吸气声弱化工具.app/Contents/Frameworks/zipfile): find_spec: fallback finder returned spec: ModuleSpec(name='zipfile._path', loader=<_frozen_importlib_external.SourcelessFileLoader object at 0x1077977d0>, origin='/Users/x/code/musicdoubao/dist/吸气声弱化工具.app/Contents/Frameworks/zipfile/_path/__init__.pyc', submodule_search_locations=['/Users/x/code/musicdoubao/dist/吸气声弱化工具.app/Contents/Frameworks/zipfile/_path']).
# code object from '/Users/x/code/musicdoubao/dist/吸气声弱化工具.app/Contents/Frameworks/zipfile/_path/__init__.pyc'
PyiFrozenFinder(/Users/x/code/musicdoubao/dist/吸气声弱化工具.app/Contents/Frameworks): find_spec: called with fullname='contextlib', target='contextlib'
PyiFrozenFinder(/Users/x/code/musicdoubao/dist/吸气声弱化工具.app/Contents/Frameworks): find_spec: 'contextlib' not found in PYZ...
PyiFrozenFinder(/Users/x/code/musicdoubao/dist/吸气声弱化工具.app/Contents/Frameworks): find_spec: attempting resolve using fallback finder FileFinder('/Users/x/code/musicdoubao/dist/吸气声弱化工具.app/Contents/Frameworks').
PyiFrozenFinder(/Users/x/code/musicdoubao/dist/吸气声弱化工具.app/Contents/Frameworks): find_spec: fallback finder returned spec: ModuleSpec(name='contextlib', loader=<_frozen_importlib_external.SourcelessFileLoader object at 0x107797950>, origin='/Users/x/code/musicdoubao/dist/吸气声弱化工具.app/Contents/Frameworks/contextlib.pyc').
# code object from '/Users/x/code/musicdoubao/dist/吸气声弱化工具.app/Contents/Frameworks/contextlib.pyc'
import 'contextlib' # <_frozen_importlib_external.SourcelessFileLoader object at 0x107797950>
PyiFrozenFinder(/Users/x/code/musicdoubao/dist/吸气声弱化工具.app/Contents/Frameworks): find_spec: called with fullname='pathlib', target='pathlib'
PyiFrozenFinder(/Users/x/code/musicdoubao/dist/吸气声弱化工具.app/Contents/Frameworks): find_spec: 'pathlib' not found in PYZ...
PyiFrozenFinder(/Users/x/code/musicdoubao/dist/吸气声弱化工具.app/Contents/Frameworks): find_spec: attempting resolve using fallback finder FileFinder('/Users/x/code/musicdoubao/dist/吸气声弱化工具.app/Contents/Frameworks').
PyiFrozenFinder(/Users/x/code/musicdoubao/dist/吸气声弱化工具.app/Contents/Frameworks): find_spec: fallback finder returned spec: ModuleSpec(name='pathlib', loader=<_frozen_importlib_external.SourcelessFileLoader object at 0x10787ccb0>, origin='/Users/x/code/musicdoubao/dist/吸气声弱化工具.app/Contents/Frameworks/pathlib/__init__.pyc', submodule_search_locations=['/Users/x/code/musicdoubao/dist/吸气声弱化工具.app/Contents/Frameworks/pathlib']).
# code object from '/Users/x/code/musicdoubao/dist/吸气声弱化工具.app/Contents/Frameworks/pathlib/__init__.pyc'
PyiFrozenFinder(/Users/x/code/musicdoubao/dist/吸气声弱化工具.app/Contents/Frameworks): find_spec: called with fullname='_winapi', target='_winapi'
PyiFrozenFinder(/Users/x/code/musicdoubao/dist/吸气声弱化工具.app/Contents/Frameworks): find_spec: '_winapi' not found in PYZ...
PyiFrozenFinder(/Users/x/code/musicdoubao/dist/吸气声弱化工具.app/Contents/Frameworks): find_spec: attempting resolve using fallback finder FileFinder('/Users/x/code/musicdoubao/dist/吸气声弱化工具.app/Contents/Frameworks').
PyiFrozenFinder(/Users/x/code/musicdoubao/dist/吸气声弱化工具.app/Contents/Frameworks): find_spec: fallback finder returned spec: None.
PyiFrozenFinder(/Users/x/code/musicdoubao/dist/吸气声弱化工具.app/Contents/Frameworks): find_spec: called with fullname='nt', target='nt'
PyiFrozenFinder(/Users/x/code/musicdoubao/dist/吸气声弱化工具.app/Contents/Frameworks): find_spec: 'nt' not found in PYZ...
PyiFrozenFinder(/Users/x/code/musicdoubao/dist/吸气声弱化工具.app/Contents/Frameworks): find_spec: attempting resolve using fallback finder FileFinder('/Users/x/code/musicdoubao/dist/吸气声弱化工具.app/Contents/Frameworks').
PyiFrozenFinder(/Users/x/code/musicdoubao/dist/吸气声弱化工具.app/Contents/Frameworks): find_spec: fallback finder returned spec: None.
PyiFrozenFinder(/Users/x/code/musicdoubao/dist/吸气声弱化工具.app/Contents/Frameworks): find_spec: called with fullname='nt', target='nt'
PyiFrozenFinder(/Users/x/code/musicdoubao/dist/吸气声弱化工具.app/Contents/Frameworks): find_spec: 'nt' not found in PYZ...
PyiFrozenFinder(/Users/x/code/musicdoubao/dist/吸气声弱化工具.app/Contents/Frameworks): find_spec: attempting resolve using fallback finder FileFinder('/Users/x/code/musicdoubao/dist/吸气声弱化工具.app/Contents/Frameworks').
PyiFrozenFinder(/Users/x/code/musicdoubao/dist/吸气声弱化工具.app/Contents/Frameworks): find_spec: fallback finder returned spec: None.
PyiFrozenFinder(/Users/x/code/musicdoubao/dist/吸气声弱化工具.app/Contents/Frameworks): find_spec: called with fullname='nt', target='nt'
PyiFrozenFinder(/Users/x/code/musicdoubao/dist/吸气声弱化工具.app/Contents/Frameworks): find_spec: 'nt' not found in PYZ...
PyiFrozenFinder(/Users/x/code/musicdoubao/dist/吸气声弱化工具.app/Contents/Frameworks): find_spec: attempting resolve using fallback finder FileFinder('/Users/x/code/musicdoubao/dist/吸气声弱化工具.app/Contents/Frameworks').
PyiFrozenFinder(/Users/x/code/musicdoubao/dist/吸气声弱化工具.app/Contents/Frameworks): find_spec: fallback finder returned spec: None.
PyiFrozenFinder(/Users/x/code/musicdoubao/dist/吸气声弱化工具.app/Contents/Frameworks): find_spec: called with fullname='nt', target='nt'
PyiFrozenFinder(/Users/x/code/musicdoubao/dist/吸气声弱化工具.app/Contents/Frameworks): find_spec: 'nt' not found in PYZ...
PyiFrozenFinder(/Users/x/code/musicdoubao/dist/吸气声弱化工具.app/Contents/Frameworks): find_spec: attempting resolve using fallback finder FileFinder('/Users/x/code/musicdoubao/dist/吸气声弱化工具.app/Contents/Frameworks').
PyiFrozenFinder(/Users/x/code/musicdoubao/dist/吸气声弱化工具.app/Contents/Frameworks): find_spec: fallback finder returned spec: None.
PyiFrozenFinder(/Users/x/code/musicdoubao/dist/吸气声弱化工具.app/Contents/Frameworks): find_spec: called with fullname='nt', target='nt'
PyiFrozenFinder(/Users/x/code/musicdoubao/dist/吸气声弱化工具.app/Contents/Frameworks): find_spec: 'nt' not found in PYZ...
PyiFrozenFinder(/Users/x/code/musicdoubao/dist/吸气声弱化工具.app/Contents/Frameworks): find_spec: attempting resolve using fallback finder FileFinder('/Users/x/code/musicdoubao/dist/吸气声弱化工具.app/Contents/Frameworks').
PyiFrozenFinder(/Users/x/code/musicdoubao/dist/吸气声弱化工具.app/Contents/Frameworks): find_spec: fallback finder returned spec: None.
PyiFrozenFinder(/Users/x/code/musicdoubao/dist/吸气声弱化工具.app/Contents/Frameworks): find_spec: called with fullname='nt', target='nt'
PyiFrozenFinder(/Users/x/code/musicdoubao/dist/吸气声弱化工具.app/Contents/Frameworks): find_spec: 'nt' not found in PYZ...
PyiFrozenFinder(/Users/x/code/musicdoubao/dist/吸气声弱化工具.app/Contents/Frameworks): find_spec: attempting resolve using fallback finder FileFinder('/Users/x/code/musicdoubao/dist/吸气声弱化工具.app/Contents/Frameworks').
PyiFrozenFinder(/Users/x/code/musicdoubao/dist/吸气声弱化工具.app/Contents/Frameworks): find_spec: fallback finder returned spec: None.
PyiFrozenFinder(/Users/x/code/musicdoubao/dist/吸气声弱化工具.app/Contents/Frameworks): find_spec: called with fullname='nt', target='nt'
PyiFrozenFinder(/Users/x/code/musicdoubao/dist/吸气声弱化工具.app/Contents/Frameworks): find_spec: 'nt' not found in PYZ...
PyiFrozenFinder(/Users/x/code/musicdoubao/dist/吸气声弱化工具.app/Contents/Frameworks): find_spec: attempting resolve using fallback finder FileFinder('/Users/x/code/musicdoubao/dist/吸气声弱化工具.app/Contents/Frameworks').
PyiFrozenFinder(/Users/x/code/musicdoubao/dist/吸气声弱化工具.app/Contents/Frameworks): find_spec: fallback finder returned spec: None.
import 'ntpath' # <class '_frozen_importlib.FrozenImporter'>
PyiFrozenFinder(/Users/x/code/musicdoubao/dist/吸气声弱化工具.app/Contents/Frameworks): find_spec: called with fullname='glob', target='glob'
PyiFrozenFinder(/Users/x/code/musicdoubao/dist/吸气声弱化工具.app/Contents/Frameworks): find_spec: 'glob' not found in PYZ...
PyiFrozenFinder(/Users/x/code/musicdoubao/dist/吸气声弱化工具.app/Contents/Frameworks): find_spec: attempting resolve using fallback finder FileFinder('/Users/x/code/musicdoubao/dist/吸气声弱化工具.app/Contents/Frameworks').
PyiFrozenFinder(/Users/x/code/musicdoubao/dist/吸气声弱化工具.app/Contents/Frameworks): find_spec: fallback finder returned spec: ModuleSpec(name='glob', loader=<_frozen_importlib_external.SourcelessFileLoader object at 0x10787dc10>, origin='/Users/x/code/musicdoubao/dist/吸气声弱化工具.app/Contents/Frameworks/glob.pyc').
# code object from '/Users/x/code/musicdoubao/dist/吸气声弱化工具.app/Contents/Frameworks/glob.pyc'
import 'glob' # <_frozen_importlib_external.SourcelessFileLoader object at 0x10787dc10>
import 'pwd' # <class '_frozen_importlib.BuiltinImporter'>
# extension module 'grp' loaded from '/Users/x/code/musicdoubao/dist/吸气声弱化工具.app/Contents/Frameworks/python3.14/lib-dynload/grp.cpython-314-darwin.so'
# extension module 'grp' executed from '/Users/x/code/musicdoubao/dist/吸气声弱化工具.app/Contents/Frameworks/python3.14/lib-dynload/grp.cpython-314-darwin.so'
import 'grp' # <_frozen_importlib_external.ExtensionFileLoader object at 0x1078a8e20>
PyInstaller: running path finder hook for path: '/Users/x/code/musicdoubao/dist/吸气声弱化工具.app/Contents/Frameworks/pathlib'
PyInstaller: hook succeeded
PyiFrozenFinder(/Users/x/code/musicdoubao/dist/吸气声弱化工具.app/Contents/Frameworks/pathlib): find_spec: called with fullname='pathlib._os', target='pathlib._os'
PyiFrozenFinder(/Users/x/code/musicdoubao/dist/吸气声弱化工具.app/Contents/Frameworks/pathlib): find_spec: 'pathlib._os' not found in PYZ...
PyiFrozenFinder(/Users/x/code/musicdoubao/dist/吸气声弱化工具.app/Contents/Frameworks/pathlib): find_spec: attempting resolve using fallback finder FileFinder('/Users/x/code/musicdoubao/dist/吸气声弱化工具.app/Contents/Frameworks/pathlib').
PyiFrozenFinder(/Users/x/code/musicdoubao/dist/吸气声弱化工具.app/Contents/Frameworks/pathlib): find_spec: fallback finder returned spec: ModuleSpec(name='pathlib._os', loader=<_frozen_importlib_external.SourcelessFileLoader object at 0x10787fc50>, origin='/Users/x/code/musicdoubao/dist/吸气声弱化工具.app/Contents/Frameworks/pathlib/_os.pyc').
# code object from '/Users/x/code/musicdoubao/dist/吸气声弱化工具.app/Contents/Frameworks/pathlib/_os.pyc'
# extension module 'fcntl' loaded from '/Users/x/code/musicdoubao/dist/吸气声弱化工具.app/Contents/Frameworks/python3.14/lib-dynload/fcntl.cpython-314-darwin.so'
# extension module 'fcntl' executed from '/Users/x/code/musicdoubao/dist/吸气声弱化工具.app/Contents/Frameworks/python3.14/lib-dynload/fcntl.cpython-314-darwin.so'
import 'fcntl' # <_frozen_importlib_external.ExtensionFileLoader object at 0x10778f350>
PyiFrozenFinder(/Users/x/code/musicdoubao/dist/吸气声弱化工具.app/Contents/Frameworks): find_spec: called with fullname='_winapi', target='_winapi'
PyiFrozenFinder(/Users/x/code/musicdoubao/dist/吸气声弱化工具.app/Contents/Frameworks): find_spec: '_winapi' not found in PYZ...
PyiFrozenFinder(/Users/x/code/musicdoubao/dist/吸气声弱化工具.app/Contents/Frameworks): find_spec: attempting resolve using fallback finder FileFinder('/Users/x/code/musicdoubao/dist/吸气声弱化工具.app/Contents/Frameworks').
PyiFrozenFinder(/Users/x/code/musicdoubao/dist/吸气声弱化工具.app/Contents/Frameworks): find_spec: fallback finder returned spec: None.
import 'pathlib._os' # <_frozen_importlib_external.SourcelessFileLoader object at 0x10787fc50>
import 'pathlib' # <_frozen_importlib_external.SourcelessFileLoader object at 0x10787ccb0>
PyInstaller: running path finder hook for path: '/Users/x/code/musicdoubao/dist/吸气声弱化工具.app/Contents/Frameworks/zipfile/_path'
PyInstaller: hook succeeded
PyiFrozenFinder(/Users/x/code/musicdoubao/dist/吸气声弱化工具.app/Contents/Frameworks/zipfile/_path): find_spec: called with fullname='zipfile._path.glob', target='zipfile._path.glob'
PyiFrozenFinder(/Users/x/code/musicdoubao/dist/吸气声弱化工具.app/Contents/Frameworks/zipfile/_path): find_spec: 'zipfile._path.glob' not found in PYZ...
PyiFrozenFinder(/Users/x/code/musicdoubao/dist/吸气声弱化工具.app/Contents/Frameworks/zipfile/_path): find_spec: attempting resolve using fallback finder FileFinder('/Users/x/code/musicdoubao/dist/吸气声弱化工具.app/Contents/Frameworks/zipfile/_path').
PyiFrozenFinder(/Users/x/code/musicdoubao/dist/吸气声弱化工具.app/Contents/Frameworks/zipfile/_path): find_spec: fallback finder returned spec: ModuleSpec(name='zipfile._path.glob', loader=<_frozen_importlib_external.SourcelessFileLoader object at 0x1078c05f0>, origin='/Users/x/code/musicdoubao/dist/吸气声弱化工具.app/Contents/Frameworks/zipfile/_path/glob.pyc').
# code object from '/Users/x/code/musicdoubao/dist/吸气声弱化工具.app/Contents/Frameworks/zipfile/_path/glob.pyc'
import 'zipfile._path.glob' # <_frozen_importlib_external.SourcelessFileLoader object at 0x1078c05f0>
import 'zipfile._path' # <_frozen_importlib_external.SourcelessFileLoader object at 0x1077977d0>
import 'zipfile' # <_frozen_importlib_external.SourcelessFileLoader object at 0x10766ab70>
[PYI-37682:DEBUG] LOADER: running pyi_rth_mplconfig.py
import 'atexit' # <class '_frozen_importlib.BuiltinImporter'>
PyiFrozenFinder(/Users/x/code/musicdoubao/dist/吸气声弱化工具.app/Contents/Frameworks): find_spec: called with fullname='_pyi_rth_utils', target='_pyi_rth_utils'
PyiFrozenFinder(/Users/x/code/musicdoubao/dist/吸气声弱化工具.app/Contents/Frameworks): find_spec: '_pyi_rth_utils' not found in PYZ...
PyiFrozenFinder(/Users/x/code/musicdoubao/dist/吸气声弱化工具.app/Contents/Frameworks): find_spec: attempting resolve using fallback finder FileFinder('/Users/x/code/musicdoubao/dist/吸气声弱化工具.app/Contents/Frameworks').
PyiFrozenFinder(/Users/x/code/musicdoubao/dist/吸气声弱化工具.app/Contents/Frameworks): find_spec: fallback finder returned spec: ModuleSpec(name='_pyi_rth_utils', loader=<_frozen_importlib_external.SourcelessFileLoader object at 0x1077978f0>, origin='/Users/x/code/musicdoubao/dist/吸气声弱化工具.app/Contents/Frameworks/_pyi_rth_utils/__init__.pyc', submodule_search_locations=['/Users/x/code/musicdoubao/dist/吸气声弱化工具.app/Contents/Frameworks/_pyi_rth_utils']).
# code object from '/Users/x/code/musicdoubao/dist/吸气声弱化工具.app/Contents/Frameworks/_pyi_rth_utils/__init__.pyc'
import '_pyi_rth_utils' # <_frozen_importlib_external.SourcelessFileLoader object at 0x1077978f0>
PyInstaller: running path finder hook for path: '/Users/x/code/musicdoubao/dist/吸气声弱化工具.app/Contents/Frameworks/_pyi_rth_utils'
PyInstaller: hook succeeded
PyiFrozenFinder(/Users/x/code/musicdoubao/dist/吸气声弱化工具.app/Contents/Frameworks/_pyi_rth_utils): find_spec: called with fullname='_pyi_rth_utils.tempfile', target='_pyi_rth_utils.tempfile'
PyiFrozenFinder(/Users/x/code/musicdoubao/dist/吸气声弱化工具.app/Contents/Frameworks/_pyi_rth_utils): find_spec: '_pyi_rth_utils.tempfile' not found in PYZ...
PyiFrozenFinder(/Users/x/code/musicdoubao/dist/吸气声弱化工具.app/Contents/Frameworks/_pyi_rth_utils): find_spec: attempting resolve using fallback finder FileFinder('/Users/x/code/musicdoubao/dist/吸气声弱化工具.app/Contents/Frameworks/_pyi_rth_utils').
PyiFrozenFinder(/Users/x/code/musicdoubao/dist/吸气声弱化工具.app/Contents/Frameworks/_pyi_rth_utils): find_spec: fallback finder returned spec: ModuleSpec(name='_pyi_rth_utils.tempfile', loader=<_frozen_importlib_external.SourcelessFileLoader object at 0x107797770>, origin='/Users/x/code/musicdoubao/dist/吸气声弱化工具.app/Contents/Frameworks/_pyi_rth_utils/tempfile.pyc').
# code object from '/Users/x/code/musicdoubao/dist/吸气声弱化工具.app/Contents/Frameworks/_pyi_rth_utils/tempfile.pyc'
PyiFrozenFinder(/Users/x/code/musicdoubao/dist/吸气声弱化工具.app/Contents/Frameworks): find_spec: called with fullname='tempfile', target='tempfile'
PyiFrozenFinder(/Users/x/code/musicdoubao/dist/吸气声弱化工具.app/Contents/Frameworks): find_spec: 'tempfile' not found in PYZ...
PyiFrozenFinder(/Users/x/code/musicdoubao/dist/吸气声弱化工具.app/Contents/Frameworks): find_spec: attempting resolve using fallback finder FileFinder('/Users/x/code/musicdoubao/dist/吸气声弱化工具.app/Contents/Frameworks').
PyiFrozenFinder(/Users/x/code/musicdoubao/dist/吸气声弱化工具.app/Contents/Frameworks): find_spec: fallback finder returned spec: ModuleSpec(name='tempfile', loader=<_frozen_importlib_external.SourcelessFileLoader object at 0x1078c1490>, origin='/Users/x/code/musicdoubao/dist/吸气声弱化工具.app/Contents/Frameworks/tempfile.pyc').
# code object from '/Users/x/code/musicdoubao/dist/吸气声弱化工具.app/Contents/Frameworks/tempfile.pyc'
PyiFrozenFinder(/Users/x/code/musicdoubao/dist/吸气声弱化工具.app/Contents/Frameworks): find_spec: called with fullname='warnings', target='warnings'
PyiFrozenFinder(/Users/x/code/musicdoubao/dist/吸气声弱化工具.app/Contents/Frameworks): find_spec: 'warnings' not found in PYZ...
PyiFrozenFinder(/Users/x/code/musicdoubao/dist/吸气声弱化工具.app/Contents/Frameworks): find_spec: attempting resolve using fallback finder FileFinder('/Users/x/code/musicdoubao/dist/吸气声弱化工具.app/Contents/Frameworks').
PyiFrozenFinder(/Users/x/code/musicdoubao/dist/吸气声弱化工具.app/Contents/Frameworks): find_spec: fallback finder returned spec: ModuleSpec(name='warnings', loader=<_frozen_importlib_external.SourcelessFileLoader object at 0x1078c18b0>, origin='/Users/x/code/musicdoubao/dist/吸气声弱化工具.app/Contents/Frameworks/warnings.pyc').
# code object from '/Users/x/code/musicdoubao/dist/吸气声弱化工具.app/Contents/Frameworks/warnings.pyc'
PyiFrozenFinder(/Users/x/code/musicdoubao/dist/吸气声弱化工具.app/Contents/Frameworks): find_spec: called with fullname='_py_warnings', target='_py_warnings'
PyiFrozenFinder(/Users/x/code/musicdoubao/dist/吸气声弱化工具.app/Contents/Frameworks): find_spec: '_py_warnings' not found in PYZ...
PyiFrozenFinder(/Users/x/code/musicdoubao/dist/吸气声弱化工具.app/Contents/Frameworks): find_spec: attempting resolve using fallback finder FileFinder('/Users/x/code/musicdoubao/dist/吸气声弱化工具.app/Contents/Frameworks').
PyiFrozenFinder(/Users/x/code/musicdoubao/dist/吸气声弱化工具.app/Contents/Frameworks): find_spec: fallback finder returned spec: ModuleSpec(name='_py_warnings', loader=<_frozen_importlib_external.SourcelessFileLoader object at 0x1078c1eb0>, origin='/Users/x/code/musicdoubao/dist/吸气声弱化工具.app/Contents/Frameworks/_py_warnings.pyc').
# code object from '/Users/x/code/musicdoubao/dist/吸气声弱化工具.app/Contents/Frameworks/_py_warnings.pyc'
import '_py_warnings' # <_frozen_importlib_external.SourcelessFileLoader object at 0x1078c1eb0>
import 'warnings' # <_frozen_importlib_external.SourcelessFileLoader object at 0x1078c18b0>
PyiFrozenFinder(/Users/x/code/musicdoubao/dist/吸气声弱化工具.app/Contents/Frameworks): find_spec: called with fullname='random', target='random'
PyiFrozenFinder(/Users/x/code/musicdoubao/dist/吸气声弱化工具.app/Contents/Frameworks): find_spec: 'random' not found in PYZ...
PyiFrozenFinder(/Users/x/code/musicdoubao/dist/吸气声弱化工具.app/Contents/Frameworks): find_spec: attempting resolve using fallback finder FileFinder('/Users/x/code/musicdoubao/dist/吸气声弱化工具.app/Contents/Frameworks').
PyiFrozenFinder(/Users/x/code/musicdoubao/dist/吸气声弱化工具.app/Contents/Frameworks): find_spec: fallback finder returned spec: ModuleSpec(name='random', loader=<_frozen_importlib_external.SourcelessFileLoader object at 0x1078c19d0>, origin='/Users/x/code/musicdoubao/dist/吸气声弱化工具.app/Contents/Frameworks/random.pyc').
# code object from '/Users/x/code/musicdoubao/dist/吸气声弱化工具.app/Contents/Frameworks/random.pyc'
# extension module 'math' loaded from '/Users/x/code/musicdoubao/dist/吸气声弱化工具.app/Contents/Frameworks/python3.14/lib-dynload/math.cpython-314-darwin.so'
# extension module 'math' executed from '/Users/x/code/musicdoubao/dist/吸气声弱化工具.app/Contents/Frameworks/python3.14/lib-dynload/math.cpython-314-darwin.so'
import 'math' # <_frozen_importlib_external.ExtensionFileLoader object at 0x107914050>
PyiFrozenFinder(/Users/x/code/musicdoubao/dist/吸气声弱化工具.app/Contents/Frameworks): find_spec: called with fullname='bisect', target='bisect'
PyiFrozenFinder(/Users/x/code/musicdoubao/dist/吸气声弱化工具.app/Contents/Frameworks): find_spec: 'bisect' not found in PYZ...
PyiFrozenFinder(/Users/x/code/musicdoubao/dist/吸气声弱化工具.app/Contents/Frameworks): find_spec: attempting resolve using fallback finder FileFinder('/Users/x/code/musicdoubao/dist/吸气声弱化工具.app/Contents/Frameworks').
PyiFrozenFinder(/Users/x/code/musicdoubao/dist/吸气声弱化工具.app/Contents/Frameworks): find_spec: fallback finder returned spec: ModuleSpec(name='bisect', loader=<_frozen_importlib_external.SourcelessFileLoader object at 0x1078c3530>, origin='/Users/x/code/musicdoubao/dist/吸气声弱化工具.app/Contents/Frameworks/bisect.pyc').
# code object from '/Users/x/code/musicdoubao/dist/吸气声弱化工具.app/Contents/Frameworks/bisect.pyc'
# extension module '_bisect' loaded from '/Users/x/code/musicdoubao/dist/吸气声弱化工具.app/Contents/Frameworks/python3.14/lib-dynload/_bisect.cpython-314-darwin.so'
# extension module '_bisect' executed from '/Users/x/code/musicdoubao/dist/吸气声弱化工具.app/Contents/Frameworks/python3.14/lib-dynload/_bisect.cpython-314-darwin.so'
import '_bisect' # <_frozen_importlib_external.ExtensionFileLoader object at 0x1077af5c0>
import 'bisect' # <_frozen_importlib_external.SourcelessFileLoader object at 0x1078c3530>
# extension module '_random' loaded from '/Users/x/code/musicdoubao/dist/吸气声弱化工具.app/Contents/Frameworks/python3.14/lib-dynload/_random.cpython-314-darwin.so'
# extension module '_random' executed from '/Users/x/code/musicdoubao/dist/吸气声弱化工具.app/Contents/Frameworks/python3.14/lib-dynload/_random.cpython-314-darwin.so'
import '_random' # <_frozen_importlib_external.ExtensionFileLoader object at 0x1077af6b0>
import 'random' # <_frozen_importlib_external.SourcelessFileLoader object at 0x1078c19d0>
import 'tempfile' # <_frozen_importlib_external.SourcelessFileLoader object at 0x1078c1490>
import '_pyi_rth_utils.tempfile' # <_frozen_importlib_external.SourcelessFileLoader object at 0x107797770>
[PYI-37682:DEBUG] LOADER: running pyi_rth_pkgutil.py
PyiFrozenFinder(/Users/x/code/musicdoubao/dist/吸气声弱化工具.app/Contents/Frameworks): find_spec: called with fullname='pkgutil', target='pkgutil'
PyiFrozenFinder(/Users/x/code/musicdoubao/dist/吸气声弱化工具.app/Contents/Frameworks): find_spec: 'pkgutil' not found in PYZ...
PyiFrozenFinder(/Users/x/code/musicdoubao/dist/吸气声弱化工具.app/Contents/Frameworks): find_spec: attempting resolve using fallback finder FileFinder('/Users/x/code/musicdoubao/dist/吸气声弱化工具.app/Contents/Frameworks').
PyiFrozenFinder(/Users/x/code/musicdoubao/dist/吸气声弱化工具.app/Contents/Frameworks): find_spec: fallback finder returned spec: ModuleSpec(name='pkgutil', loader=<_frozen_importlib_external.SourcelessFileLoader object at 0x1078c15b0>, origin='/Users/x/code/musicdoubao/dist/吸气声弱化工具.app/Contents/Frameworks/pkgutil.pyc').
# code object from '/Users/x/code/musicdoubao/dist/吸气声弱化工具.app/Contents/Frameworks/pkgutil.pyc'
import 'pkgutil' # <_frozen_importlib_external.SourcelessFileLoader object at 0x1078c15b0>
[PYI-37682:DEBUG] LOADER: running pyi_rth_multiprocessing.py
PyiFrozenFinder(/Users/x/code/musicdoubao/dist/吸气声弱化工具.app/Contents/Frameworks): find_spec: called with fullname='multiprocessing', target='multiprocessing'
PyiFrozenFinder(/Users/x/code/musicdoubao/dist/吸气声弱化工具.app/Contents/Frameworks): find_spec: 'multiprocessing' not found in PYZ...
PyiFrozenFinder(/Users/x/code/musicdoubao/dist/吸气声弱化工具.app/Contents/Frameworks): find_spec: attempting resolve using fallback finder FileFinder('/Users/x/code/musicdoubao/dist/吸气声弱化工具.app/Contents/Frameworks').
PyiFrozenFinder(/Users/x/code/musicdoubao/dist/吸气声弱化工具.app/Contents/Frameworks): find_spec: fallback finder returned spec: ModuleSpec(name='multiprocessing', loader=<_frozen_importlib_external.SourcelessFileLoader object at 0x10791c350>, origin='/Users/x/code/musicdoubao/dist/吸气声弱化工具.app/Contents/Frameworks/multiprocessing/__init__.pyc', submodule_search_locations=['/Users/x/code/musicdoubao/dist/吸气声弱化工具.app/Contents/Frameworks/multiprocessing']).
# code object from '/Users/x/code/musicdoubao/dist/吸气声弱化工具.app/Contents/Frameworks/multiprocessing/__init__.pyc'
PyInstaller: running path finder hook for path: '/Users/x/code/musicdoubao/dist/吸气声弱化工具.app/Contents/Frameworks/multiprocessing'
PyInstaller: hook succeeded
PyiFrozenFinder(/Users/x/code/musicdoubao/dist/吸气声弱化工具.app/Contents/Frameworks/multiprocessing): find_spec: called with fullname='multiprocessing.context', target='multiprocessing.context'
PyiFrozenFinder(/Users/x/code/musicdoubao/dist/吸气声弱化工具.app/Contents/Frameworks/multiprocessing): find_spec: 'multiprocessing.context' not found in PYZ...
PyiFrozenFinder(/Users/x/code/musicdoubao/dist/吸气声弱化工具.app/Contents/Frameworks/multiprocessing): find_spec: attempting resolve using fallback finder FileFinder('/Users/x/code/musicdoubao/dist/吸气声弱化工具.app/Contents/Frameworks/multiprocessing').
PyiFrozenFinder(/Users/x/code/musicdoubao/dist/吸气声弱化工具.app/Contents/Frameworks/multiprocessing): find_spec: fallback finder returned spec: ModuleSpec(name='multiprocessing.context', loader=<_frozen_importlib_external.SourcelessFileLoader object at 0x10791c3b0>, origin='/Users/x/code/musicdoubao/dist/吸气声弱化工具.app/Contents/Frameworks/multiprocessing/context.pyc').
# code object from '/Users/x/code/musicdoubao/dist/吸气声弱化工具.app/Contents/Frameworks/multiprocessing/context.pyc'
PyiFrozenFinder(/Users/x/code/musicdoubao/dist/吸气声弱化工具.app/Contents/Frameworks/multiprocessing): find_spec: called with fullname='multiprocessing.process', target='multiprocessing.process'
PyiFrozenFinder(/Users/x/code/musicdoubao/dist/吸气声弱化工具.app/Contents/Frameworks/multiprocessing): find_spec: 'multiprocessing.process' not found in PYZ...
PyiFrozenFinder(/Users/x/code/musicdoubao/dist/吸气声弱化工具.app/Contents/Frameworks/multiprocessing): find_spec: attempting resolve using fallback finder FileFinder('/Users/x/code/musicdoubao/dist/吸气声弱化工具.app/Contents/Frameworks/multiprocessing').
PyiFrozenFinder(/Users/x/code/musicdoubao/dist/吸气声弱化工具.app/Contents/Frameworks/multiprocessing): find_spec: fallback finder returned spec: ModuleSpec(name='multiprocessing.process', loader=<_frozen_importlib_external.SourcelessFileLoader object at 0x10791c5f0>, origin='/Users/x/code/musicdoubao/dist/吸气声弱化工具.app/Contents/Frameworks/multiprocessing/process.pyc').
# code object from '/Users/x/code/musicdoubao/dist/吸气声弱化工具.app/Contents/Frameworks/multiprocessing/process.pyc'
PyiFrozenFinder(/Users/x/code/musicdoubao/dist/吸气声弱化工具.app/Contents/Frameworks): find_spec: called with fullname='signal', target='signal'
PyiFrozenFinder(/Users/x/code/musicdoubao/dist/吸气声弱化工具.app/Contents/Frameworks): find_spec: 'signal' not found in PYZ...
PyiFrozenFinder(/Users/x/code/musicdoubao/dist/吸气声弱化工具.app/Contents/Frameworks): find_spec: attempting resolve using fallback finder FileFinder('/Users/x/code/musicdoubao/dist/吸气声弱化工具.app/Contents/Frameworks').
PyiFrozenFinder(/Users/x/code/musicdoubao/dist/吸气声弱化工具.app/Contents/Frameworks): find_spec: fallback finder returned spec: ModuleSpec(name='signal', loader=<_frozen_importlib_external.SourcelessFileLoader object at 0x10791c890>, origin='/Users/x/code/musicdoubao/dist/吸气声弱化工具.app/Contents/Frameworks/signal.pyc').
# code object from '/Users/x/code/musicdoubao/dist/吸气声弱化工具.app/Contents/Frameworks/signal.pyc'
import 'signal' # <_frozen_importlib_external.SourcelessFileLoader object at 0x10791c890>
import 'multiprocessing.process' # <_frozen_importlib_external.SourcelessFileLoader object at 0x10791c5f0>
PyiFrozenFinder(/Users/x/code/musicdoubao/dist/吸气声弱化工具.app/Contents/Frameworks/multiprocessing): find_spec: called with fullname='multiprocessing.reduction', target='multiprocessing.reduction'
PyiFrozenFinder(/Users/x/code/musicdoubao/dist/吸气声弱化工具.app/Contents/Frameworks/multiprocessing): find_spec: 'multiprocessing.reduction' not found in PYZ...
PyiFrozenFinder(/Users/x/code/musicdoubao/dist/吸气声弱化工具.app/Contents/Frameworks/multiprocessing): find_spec: attempting resolve using fallback finder FileFinder('/Users/x/code/musicdoubao/dist/吸气声弱化工具.app/Contents/Frameworks/multiprocessing').
PyiFrozenFinder(/Users/x/code/musicdoubao/dist/吸气声弱化工具.app/Contents/Frameworks/multiprocessing): find_spec: fallback finder returned spec: ModuleSpec(name='multiprocessing.reduction', loader=<_frozen_importlib_external.SourcelessFileLoader object at 0x10791c6b0>, origin='/Users/x/code/musicdoubao/dist/吸气声弱化工具.app/Contents/Frameworks/multiprocessing/reduction.pyc').
# code object from '/Users/x/code/musicdoubao/dist/吸气声弱化工具.app/Contents/Frameworks/multiprocessing/reduction.pyc'
PyiFrozenFinder(/Users/x/code/musicdoubao/dist/吸气声弱化工具.app/Contents/Frameworks): find_spec: called with fullname='pickle', target='pickle'
PyiFrozenFinder(/Users/x/code/musicdoubao/dist/吸气声弱化工具.app/Contents/Frameworks): find_spec: 'pickle' not found in PYZ...
PyiFrozenFinder(/Users/x/code/musicdoubao/dist/吸气声弱化工具.app/Contents/Frameworks): find_spec: attempting resolve using fallback finder FileFinder('/Users/x/code/musicdoubao/dist/吸气声弱化工具.app/Contents/Frameworks').
PyiFrozenFinder(/Users/x/code/musicdoubao/dist/吸气声弱化工具.app/Contents/Frameworks): find_spec: fallback finder returned spec: ModuleSpec(name='pickle', loader=<_frozen_importlib_external.SourcelessFileLoader object at 0x10791d9d0>, origin='/Users/x/code/musicdoubao/dist/吸气声弱化工具.app/Contents/Frameworks/pickle.pyc').
# code object from '/Users/x/code/musicdoubao/dist/吸气声弱化工具.app/Contents/Frameworks/pickle.pyc'
PyiFrozenFinder(/Users/x/code/musicdoubao/dist/吸气声弱化工具.app/Contents/Frameworks): find_spec: called with fullname='_compat_pickle', target='_compat_pickle'
PyiFrozenFinder(/Users/x/code/musicdoubao/dist/吸气声弱化工具.app/Contents/Frameworks): find_spec: '_compat_pickle' not found in PYZ...
PyiFrozenFinder(/Users/x/code/musicdoubao/dist/吸气声弱化工具.app/Contents/Frameworks): find_spec: attempting resolve using fallback finder FileFinder('/Users/x/code/musicdoubao/dist/吸气声弱化工具.app/Contents/Frameworks').
PyiFrozenFinder(/Users/x/code/musicdoubao/dist/吸气声弱化工具.app/Contents/Frameworks): find_spec: fallback finder returned spec: ModuleSpec(name='_compat_pickle', loader=<_frozen_importlib_external.SourcelessFileLoader object at 0x10791e390>, origin='/Users/x/code/musicdoubao/dist/吸气声弱化工具.app/Contents/Frameworks/_compat_pickle.pyc').
# code object from '/Users/x/code/musicdoubao/dist/吸气声弱化工具.app/Contents/Frameworks/_compat_pickle.pyc'
import '_compat_pickle' # <_frozen_importlib_external.SourcelessFileLoader object at 0x10791e390>
# extension module '_pickle' loaded from '/Users/x/code/musicdoubao/dist/吸气声弱化工具.app/Contents/Frameworks/python3.14/lib-dynload/_pickle.cpython-314-darwin.so'
# extension module '_pickle' executed from '/Users/x/code/musicdoubao/dist/吸气声弱化工具.app/Contents/Frameworks/python3.14/lib-dynload/_pickle.cpython-314-darwin.so'
import '_pickle' # <_frozen_importlib_external.ExtensionFileLoader object at 0x107893690>
import 'pickle' # <_frozen_importlib_external.SourcelessFileLoader object at 0x10791d9d0>
PyiFrozenFinder(/Users/x/code/musicdoubao/dist/吸气声弱化工具.app/Contents/Frameworks): find_spec: called with fullname='socket', target='socket'
PyiFrozenFinder(/Users/x/code/musicdoubao/dist/吸气声弱化工具.app/Contents/Frameworks): find_spec: 'socket' not found in PYZ...
PyiFrozenFinder(/Users/x/code/musicdoubao/dist/吸气声弱化工具.app/Contents/Frameworks): find_spec: attempting resolve using fallback finder FileFinder('/Users/x/code/musicdoubao/dist/吸气声弱化工具.app/Contents/Frameworks').
PyiFrozenFinder(/Users/x/code/musicdoubao/dist/吸气声弱化工具.app/Contents/Frameworks): find_spec: fallback finder returned spec: ModuleSpec(name='socket', loader=<_frozen_importlib_external.SourcelessFileLoader object at 0x10791e0f0>, origin='/Users/x/code/musicdoubao/dist/吸气声弱化工具.app/Contents/Frameworks/socket.pyc').
# code object from '/Users/x/code/musicdoubao/dist/吸气声弱化工具.app/Contents/Frameworks/socket.pyc'
# extension module '_socket' loaded from '/Users/x/code/musicdoubao/dist/吸气声弱化工具.app/Contents/Frameworks/python3.14/lib-dynload/_socket.cpython-314-darwin.so'
# extension module '_socket' executed from '/Users/x/code/musicdoubao/dist/吸气声弱化工具.app/Contents/Frameworks/python3.14/lib-dynload/_socket.cpython-314-darwin.so'
import '_socket' # <_frozen_importlib_external.ExtensionFileLoader object at 0x107893850>
import 'socket' # <_frozen_importlib_external.SourcelessFileLoader object at 0x10791e0f0>
# extension module 'array' loaded from '/Users/x/code/musicdoubao/dist/吸气声弱化工具.app/Contents/Frameworks/python3.14/lib-dynload/array.cpython-314-darwin.so'
# extension module 'array' executed from '/Users/x/code/musicdoubao/dist/吸气声弱化工具.app/Contents/Frameworks/python3.14/lib-dynload/array.cpython-314-darwin.so'
import 'array' # <_frozen_importlib_external.ExtensionFileLoader object at 0x1079f0050>
import 'multiprocessing.reduction' # <_frozen_importlib_external.SourcelessFileLoader object at 0x10791c6b0>
import 'multiprocessing.context' # <_frozen_importlib_external.SourcelessFileLoader object at 0x10791c3b0>
import 'multiprocessing' # <_frozen_importlib_external.SourcelessFileLoader object at 0x10791c350>
PyiFrozenFinder(/Users/x/code/musicdoubao/dist/吸气声弱化工具.app/Contents/Frameworks/multiprocessing): find_spec: called with fullname='multiprocessing.spawn', target='multiprocessing.spawn'
PyiFrozenFinder(/Users/x/code/musicdoubao/dist/吸气声弱化工具.app/Contents/Frameworks/multiprocessing): find_spec: 'multiprocessing.spawn' not found in PYZ...
PyiFrozenFinder(/Users/x/code/musicdoubao/dist/吸气声弱化工具.app/Contents/Frameworks/multiprocessing): find_spec: attempting resolve using fallback finder FileFinder('/Users/x/code/musicdoubao/dist/吸气声弱化工具.app/Contents/Frameworks/multiprocessing').
PyiFrozenFinder(/Users/x/code/musicdoubao/dist/吸气声弱化工具.app/Contents/Frameworks/multiprocessing): find_spec: fallback finder returned spec: ModuleSpec(name='multiprocessing.spawn', loader=<_frozen_importlib_external.SourcelessFileLoader object at 0x10791c410>, origin='/Users/x/code/musicdoubao/dist/吸气声弱化工具.app/Contents/Frameworks/multiprocessing/spawn.pyc').
# code object from '/Users/x/code/musicdoubao/dist/吸气声弱化工具.app/Contents/Frameworks/multiprocessing/spawn.pyc'
import 'runpy' # <class '_frozen_importlib.FrozenImporter'>
PyiFrozenFinder(/Users/x/code/musicdoubao/dist/吸气声弱化工具.app/Contents/Frameworks/multiprocessing): find_spec: called with fullname='multiprocessing.util', target='multiprocessing.util'
PyiFrozenFinder(/Users/x/code/musicdoubao/dist/吸气声弱化工具.app/Contents/Frameworks/multiprocessing): find_spec: 'multiprocessing.util' not found in PYZ...
PyiFrozenFinder(/Users/x/code/musicdoubao/dist/吸气声弱化工具.app/Contents/Frameworks/multiprocessing): find_spec: attempting resolve using fallback finder FileFinder('/Users/x/code/musicdoubao/dist/吸气声弱化工具.app/Contents/Frameworks/multiprocessing').
PyiFrozenFinder(/Users/x/code/musicdoubao/dist/吸气声弱化工具.app/Contents/Frameworks/multiprocessing): find_spec: fallback finder returned spec: ModuleSpec(name='multiprocessing.util', loader=<_frozen_importlib_external.SourcelessFileLoader object at 0x1079c0290>, origin='/Users/x/code/musicdoubao/dist/吸气声弱化工具.app/Contents/Frameworks/multiprocessing/util.pyc').
# code object from '/Users/x/code/musicdoubao/dist/吸气声弱化工具.app/Contents/Frameworks/multiprocessing/util.pyc'
PyiFrozenFinder(/Users/x/code/musicdoubao/dist/吸气声弱化工具.app/Contents/Frameworks): find_spec: called with fullname='subprocess', target='subprocess'
PyiFrozenFinder(/Users/x/code/musicdoubao/dist/吸气声弱化工具.app/Contents/Frameworks): find_spec: 'subprocess' not found in PYZ...
PyiFrozenFinder(/Users/x/code/musicdoubao/dist/吸气声弱化工具.app/Contents/Frameworks): find_spec: attempting resolve using fallback finder FileFinder('/Users/x/code/musicdoubao/dist/吸气声弱化工具.app/Contents/Frameworks').
PyiFrozenFinder(/Users/x/code/musicdoubao/dist/吸气声弱化工具.app/Contents/Frameworks): find_spec: fallback finder returned spec: ModuleSpec(name='subprocess', loader=<_frozen_importlib_external.SourcelessFileLoader object at 0x1079c1c10>, origin='/Users/x/code/musicdoubao/dist/吸气声弱化工具.app/Contents/Frameworks/subprocess.pyc').
# code object from '/Users/x/code/musicdoubao/dist/吸气声弱化工具.app/Contents/Frameworks/subprocess.pyc'
PyiFrozenFinder(/Users/x/code/musicdoubao/dist/吸气声弱化工具.app/Contents/Frameworks): find_spec: called with fullname='locale', target='locale'
PyiFrozenFinder(/Users/x/code/musicdoubao/dist/吸气声弱化工具.app/Contents/Frameworks): find_spec: 'locale' not found in PYZ...
PyiFrozenFinder(/Users/x/code/musicdoubao/dist/吸气声弱化工具.app/Contents/Frameworks): find_spec: attempting resolve using fallback finder FileFinder('/Users/x/code/musicdoubao/dist/吸气声弱化工具.app/Contents/Frameworks').
PyiFrozenFinder(/Users/x/code/musicdoubao/dist/吸气声弱化工具.app/Contents/Frameworks): find_spec: fallback finder returned spec: ModuleSpec(name='locale', loader=<_frozen_importlib_external.SourcelessFileLoader object at 0x1079c22d0>, origin='/Users/x/code/musicdoubao/dist/吸气声弱化工具.app/Contents/Frameworks/locale.pyc').
# code object from '/Users/x/code/musicdoubao/dist/吸气声弱化工具.app/Contents/Frameworks/locale.pyc'
import '_locale' # <class '_frozen_importlib.BuiltinImporter'>
import 'locale' # <_frozen_importlib_external.SourcelessFileLoader object at 0x1079c22d0>
PyiFrozenFinder(/Users/x/code/musicdoubao/dist/吸气声弱化工具.app/Contents/Frameworks): find_spec: called with fullname='msvcrt', target='msvcrt'
PyiFrozenFinder(/Users/x/code/musicdoubao/dist/吸气声弱化工具.app/Contents/Frameworks): find_spec: 'msvcrt' not found in PYZ...
PyiFrozenFinder(/Users/x/code/musicdoubao/dist/吸气声弱化工具.app/Contents/Frameworks): find_spec: attempting resolve using fallback finder FileFinder('/Users/x/code/musicdoubao/dist/吸气声弱化工具.app/Contents/Frameworks').
PyiFrozenFinder(/Users/x/code/musicdoubao/dist/吸气声弱化工具.app/Contents/Frameworks): find_spec: fallback finder returned spec: None.
# extension module '_posixsubprocess' loaded from '/Users/x/code/musicdoubao/dist/吸气声弱化工具.app/Contents/Frameworks/python3.14/lib-dynload/_posixsubprocess.cpython-314-darwin.so'
# extension module '_posixsubprocess' executed from '/Users/x/code/musicdoubao/dist/吸气声弱化工具.app/Contents/Frameworks/python3.14/lib-dynload/_posixsubprocess.cpython-314-darwin.so'
import '_posixsubprocess' # <_frozen_importlib_external.ExtensionFileLoader object at 0x1078ae810>
# extension module 'select' loaded from '/Users/x/code/musicdoubao/dist/吸气声弱化工具.app/Contents/Frameworks/python3.14/lib-dynload/select.cpython-314-darwin.so'
# extension module 'select' executed from '/Users/x/code/musicdoubao/dist/吸气声弱化工具.app/Contents/Frameworks/python3.14/lib-dynload/select.cpython-314-darwin.so'
import 'select' # <_frozen_importlib_external.ExtensionFileLoader object at 0x1078ae090>
PyiFrozenFinder(/Users/x/code/musicdoubao/dist/吸气声弱化工具.app/Contents/Frameworks): find_spec: called with fullname='selectors', target='selectors'
PyiFrozenFinder(/Users/x/code/musicdoubao/dist/吸气声弱化工具.app/Contents/Frameworks): find_spec: 'selectors' not found in PYZ...
PyiFrozenFinder(/Users/x/code/musicdoubao/dist/吸气声弱化工具.app/Contents/Frameworks): find_spec: attempting resolve using fallback finder FileFinder('/Users/x/code/musicdoubao/dist/吸气声弱化工具.app/Contents/Frameworks').
PyiFrozenFinder(/Users/x/code/musicdoubao/dist/吸气声弱化工具.app/Contents/Frameworks): find_spec: fallback finder returned spec: ModuleSpec(name='selectors', loader=<_frozen_importlib_external.SourcelessFileLoader object at 0x1079c3d10>, origin='/Users/x/code/musicdoubao/dist/吸气声弱化工具.app/Contents/Frameworks/selectors.pyc').
# code object from '/Users/x/code/musicdoubao/dist/吸气声弱化工具.app/Contents/Frameworks/selectors.pyc'
import 'selectors' # <_frozen_importlib_external.SourcelessFileLoader object at 0x1079c3d10>
import 'subprocess' # <_frozen_importlib_external.SourcelessFileLoader object at 0x1079c1c10>
import 'multiprocessing.util' # <_frozen_importlib_external.SourcelessFileLoader object at 0x1079c0290>
import 'multiprocessing.spawn' # <_frozen_importlib_external.SourcelessFileLoader object at 0x10791c410>
[PYI-37682:DEBUG] LOADER: running pyi_rth_setuptools.py
PyiFrozenFinder(/Users/x/code/musicdoubao/dist/吸气声弱化工具.app/Contents/Frameworks): find_spec: called with fullname='setuptools', target='setuptools'
PyiFrozenFinder(/Users/x/code/musicdoubao/dist/吸气声弱化工具.app/Contents/Frameworks): find_spec: 'setuptools' not found in PYZ...
PyiFrozenFinder(/Users/x/code/musicdoubao/dist/吸气声弱化工具.app/Contents/Frameworks): find_spec: attempting resolve using fallback finder FileFinder('/Users/x/code/musicdoubao/dist/吸气声弱化工具.app/Contents/Frameworks').
PyiFrozenFinder(/Users/x/code/musicdoubao/dist/吸气声弱化工具.app/Contents/Frameworks): find_spec: fallback finder returned spec: ModuleSpec(name='setuptools', loader=<_frozen_importlib_external.SourcelessFileLoader object at 0x1079c1910>, origin='/Users/x/code/musicdoubao/dist/吸气声弱化工具.app/Contents/Frameworks/setuptools/__init__.pyc', submodule_search_locations=['/Users/x/code/musicdoubao/dist/吸气声弱化工具.app/Contents/Frameworks/setuptools']).
# code object from '/Users/x/code/musicdoubao/dist/吸气声弱化工具.app/Contents/Frameworks/setuptools/__init__.pyc'
PyiFrozenFinder(/Users/x/code/musicdoubao/dist/吸气声弱化工具.app/Contents/Frameworks): find_spec: called with fullname='__future__', target='__future__'
PyiFrozenFinder(/Users/x/code/musicdoubao/dist/吸气声弱化工具.app/Contents/Frameworks): find_spec: '__future__' not found in PYZ...
PyiFrozenFinder(/Users/x/code/musicdoubao/dist/吸气声弱化工具.app/Contents/Frameworks): find_spec: attempting resolve using fallback finder FileFinder('/Users/x/code/musicdoubao/dist/吸气声弱化工具.app/Contents/Frameworks').
PyiFrozenFinder(/Users/x/code/musicdoubao/dist/吸气声弱化工具.app/Contents/Frameworks): find_spec: fallback finder returned spec: ModuleSpec(name='__future__', loader=<_frozen_importlib_external.SourcelessFileLoader object at 0x107a3cad0>, origin='/Users/x/code/musicdoubao/dist/吸气声弱化工具.app/Contents/Frameworks/__future__.pyc').
# code object from '/Users/x/code/musicdoubao/dist/吸气声弱化工具.app/Contents/Frameworks/__future__.pyc'
import '__future__' # <_frozen_importlib_external.SourcelessFileLoader object at 0x107a3cad0>
PyiFrozenFinder(/Users/x/code/musicdoubao/dist/吸气声弱化工具.app/Contents/Frameworks): find_spec: called with fullname='typing', target='typing'
PyiFrozenFinder(/Users/x/code/musicdoubao/dist/吸气声弱化工具.app/Contents/Frameworks): find_spec: 'typing' not found in PYZ...
PyiFrozenFinder(/Users/x/code/musicdoubao/dist/吸气声弱化工具.app/Contents/Frameworks): find_spec: attempting resolve using fallback finder FileFinder('/Users/x/code/musicdoubao/dist/吸气声弱化工具.app/Contents/Frameworks').
PyiFrozenFinder(/Users/x/code/musicdoubao/dist/吸气声弱化工具.app/Contents/Frameworks): find_spec: fallback finder returned spec: ModuleSpec(name='typing', loader=<_frozen_importlib_external.SourcelessFileLoader object at 0x107a3d130>, origin='/Users/x/code/musicdoubao/dist/吸气声弱化工具.app/Contents/Frameworks/typing.pyc').
# code object from '/Users/x/code/musicdoubao/dist/吸气声弱化工具.app/Contents/Frameworks/typing.pyc'
import '_typing' # <class '_frozen_importlib.BuiltinImporter'>
import 'typing' # <_frozen_importlib_external.SourcelessFileLoader object at 0x107a3d130>
PyiFrozenFinder(/Users/x/code/musicdoubao/dist/吸气声弱化工具.app/Contents/Frameworks): find_spec: called with fullname='_distutils_hack', target='_distutils_hack'
PyiFrozenFinder(/Users/x/code/musicdoubao/dist/吸气声弱化工具.app/Contents/Frameworks): find_spec: '_distutils_hack' not found in PYZ...
PyiFrozenFinder(/Users/x/code/musicdoubao/dist/吸气声弱化工具.app/Contents/Frameworks): find_spec: attempting resolve using fallback finder FileFinder('/Users/x/code/musicdoubao/dist/吸气声弱化工具.app/Contents/Frameworks').
PyiFrozenFinder(/Users/x/code/musicdoubao/dist/吸气声弱化工具.app/Contents/Frameworks): find_spec: fallback finder returned spec: ModuleSpec(name='_distutils_hack', loader=<_frozen_importlib_external.SourcelessFileLoader object at 0x107a78470>, origin='/Users/x/code/musicdoubao/dist/吸气声弱化工具.app/Contents/Frameworks/_distutils_hack/__init__.pyc', submodule_search_locations=['/Users/x/code/musicdoubao/dist/吸气声弱化工具.app/Contents/Frameworks/_distutils_hack']).
# code object from '/Users/x/code/musicdoubao/dist/吸气声弱化工具.app/Contents/Frameworks/_distutils_hack/__init__.pyc'
import '_distutils_hack' # <_frozen_importlib_external.SourcelessFileLoader object at 0x107a78470>
PyInstaller: running path finder hook for path: '/Users/x/code/musicdoubao/dist/吸气声弱化工具.app/Contents/Frameworks/_distutils_hack'
PyInstaller: hook succeeded
PyiFrozenFinder(/Users/x/code/musicdoubao/dist/吸气声弱化工具.app/Contents/Frameworks/_distutils_hack): find_spec: called with fullname='_distutils_hack.override', target='_distutils_hack.override'
PyiFrozenFinder(/Users/x/code/musicdoubao/dist/吸气声弱化工具.app/Contents/Frameworks/_distutils_hack): find_spec: '_distutils_hack.override' not found in PYZ...
PyiFrozenFinder(/Users/x/code/musicdoubao/dist/吸气声弱化工具.app/Contents/Frameworks/_distutils_hack): find_spec: attempting resolve using fallback finder FileFinder('/Users/x/code/musicdoubao/dist/吸气声弱化工具.app/Contents/Frameworks/_distutils_hack').
PyiFrozenFinder(/Users/x/code/musicdoubao/dist/吸气声弱化工具.app/Contents/Frameworks/_distutils_hack): find_spec: fallback finder returned spec: ModuleSpec(name='_distutils_hack.override', loader=<_frozen_importlib_external.SourcelessFileLoader object at 0x107a3fad0>, origin='/Users/x/code/musicdoubao/dist/吸气声弱化工具.app/Contents/Frameworks/_distutils_hack/override.pyc').
# code object from '/Users/x/code/musicdoubao/dist/吸气声弱化工具.app/Contents/Frameworks/_distutils_hack/override.pyc'
PyiFrozenFinder(/Users/x/code/musicdoubao/dist/吸气声弱化工具.app/Contents/Frameworks/importlib): find_spec: called with fullname='importlib.abc', target='importlib.abc'
PyiFrozenFinder(/Users/x/code/musicdoubao/dist/吸气声弱化工具.app/Contents/Frameworks/importlib): find_spec: 'importlib.abc' not found in PYZ...
PyiFrozenFinder(/Users/x/code/musicdoubao/dist/吸气声弱化工具.app/Contents/Frameworks/importlib): find_spec: attempting resolve using fallback finder FileFinder('/Users/x/code/musicdoubao/dist/吸气声弱化工具.app/Contents/Frameworks/importlib').
PyiFrozenFinder(/Users/x/code/musicdoubao/dist/吸气声弱化工具.app/Contents/Frameworks/importlib): find_spec: fallback finder returned spec: ModuleSpec(name='importlib.abc', loader=<_frozen_importlib_external.SourcelessFileLoader object at 0x107a7a0f0>, origin='/Users/x/code/musicdoubao/dist/吸气声弱化工具.app/Contents/Frameworks/importlib/abc.pyc').
# code object from '/Users/x/code/musicdoubao/dist/吸气声弱化工具.app/Contents/Frameworks/importlib/abc.pyc'
import 'importlib.abc' # <_frozen_importlib_external.SourcelessFileLoader object at 0x107a7a0f0>
PyInstaller: running path finder hook for path: '/Users/x/code/musicdoubao/dist/吸气声弱化工具.app/Contents/Frameworks/setuptools'
PyInstaller: hook succeeded
PyiFrozenFinder(/Users/x/code/musicdoubao/dist/吸气声弱化工具.app/Contents/Frameworks/setuptools): find_spec: called with fullname='setuptools._distutils', target='setuptools._distutils'
PyiFrozenFinder(/Users/x/code/musicdoubao/dist/吸气声弱化工具.app/Contents/Frameworks/setuptools): find_spec: 'setuptools._distutils' not found in PYZ...
PyiFrozenFinder(/Users/x/code/musicdoubao/dist/吸气声弱化工具.app/Contents/Frameworks/setuptools): find_spec: attempting resolve using fallback finder FileFinder('/Users/x/code/musicdoubao/dist/吸气声弱化工具.app/Contents/Frameworks/setuptools').
PyiFrozenFinder(/Users/x/code/musicdoubao/dist/吸气声弱化工具.app/Contents/Frameworks/setuptools): find_spec: fallback finder returned spec: ModuleSpec(name='setuptools._distutils', loader=<_frozen_importlib_external.SourcelessFileLoader object at 0x107a7a3f0>, origin='/Users/x/code/musicdoubao/dist/吸气声弱化工具.app/Contents/Frameworks/setuptools/_distutils/__init__.pyc', submodule_search_locations=['/Users/x/code/musicdoubao/dist/吸气声弱化工具.app/Contents/Frameworks/setuptools/_distutils']).
# code object from '/Users/x/code/musicdoubao/dist/吸气声弱化工具.app/Contents/Frameworks/setuptools/_distutils/__init__.pyc'
PyiFrozenFinder(/Users/x/code/musicdoubao/dist/吸气声弱化工具.app/Contents/Frameworks): find_spec: called with fullname='_distutils_system_mod', target='_distutils_system_mod'
PyiFrozenFinder(/Users/x/code/musicdoubao/dist/吸气声弱化工具.app/Contents/Frameworks): find_spec: '_distutils_system_mod' not found in PYZ...
PyiFrozenFinder(/Users/x/code/musicdoubao/dist/吸气声弱化工具.app/Contents/Frameworks): find_spec: attempting resolve using fallback finder FileFinder('/Users/x/code/musicdoubao/dist/吸气声弱化工具.app/Contents/Frameworks').
PyiFrozenFinder(/Users/x/code/musicdoubao/dist/吸气声弱化工具.app/Contents/Frameworks): find_spec: fallback finder returned spec: None.
PyInstaller: running path finder hook for path: '/Users/x/code/musicdoubao/dist/吸气声弱化工具.app/Contents/Frameworks/setuptools/_vendor'
PyInstaller: hook succeeded
PyiFrozenFinder(/Users/x/code/musicdoubao/dist/吸气声弱化工具.app/Contents/Frameworks/setuptools/_vendor): find_spec: called with fullname='_distutils_system_mod', target='_distutils_system_mod'
PyiFrozenFinder(/Users/x/code/musicdoubao/dist/吸气声弱化工具.app/Contents/Frameworks/setuptools/_vendor): find_spec: '_distutils_system_mod' not found in PYZ...
PyiFrozenFinder(/Users/x/code/musicdoubao/dist/吸气声弱化工具.app/Contents/Frameworks/setuptools/_vendor): find_spec: attempting resolve using fallback finder FileFinder('/Users/x/code/musicdoubao/dist/吸气声弱化工具.app/Contents/Frameworks/setuptools/_vendor').
PyiFrozenFinder(/Users/x/code/musicdoubao/dist/吸气声弱化工具.app/Contents/Frameworks/setuptools/_vendor): find_spec: fallback finder returned spec: None.
import 'setuptools._distutils' # <_frozen_importlib_external.SourcelessFileLoader object at 0x107a7a3f0>
import 'distutils' # <_distutils_hack.DistutilsMetaFinder.spec_for_distutils.<locals>.DistutilsLoader object at 0x107a1de80>
PyInstaller: running path finder hook for path: '/Users/x/code/musicdoubao/dist/吸气声弱化工具.app/Contents/Frameworks/setuptools/_distutils'
PyInstaller: hook succeeded
PyiFrozenFinder(/Users/x/code/musicdoubao/dist/吸气声弱化工具.app/Contents/Frameworks/setuptools/_distutils): find_spec: called with fullname='distutils.core', target='distutils.core'
PyiFrozenFinder(/Users/x/code/musicdoubao/dist/吸气声弱化工具.app/Contents/Frameworks/setuptools/_distutils): find_spec: 'distutils.core' not found in PYZ...
PyiFrozenFinder(/Users/x/code/musicdoubao/dist/吸气声弱化工具.app/Contents/Frameworks/setuptools/_distutils): find_spec: attempting resolve using fallback finder FileFinder('/Users/x/code/musicdoubao/dist/吸气声弱化工具.app/Contents/Frameworks/setuptools/_distutils').
PyiFrozenFinder(/Users/x/code/musicdoubao/dist/吸气声弱化工具.app/Contents/Frameworks/setuptools/_distutils): find_spec: fallback finder returned spec: ModuleSpec(name='distutils.core', loader=<_frozen_importlib_external.SourcelessFileLoader object at 0x107a79af0>, origin='/Users/x/code/musicdoubao/dist/吸气声弱化工具.app/Contents/Frameworks/setuptools/_distutils/core.pyc').
# code object from '/Users/x/code/musicdoubao/dist/吸气声弱化工具.app/Contents/Frameworks/setuptools/_distutils/core.pyc'
PyiFrozenFinder(/Users/x/code/musicdoubao/dist/吸气声弱化工具.app/Contents/Frameworks/setuptools/_distutils): find_spec: called with fullname='distutils.cmd', target='distutils.cmd'
PyiFrozenFinder(/Users/x/code/musicdoubao/dist/吸气声弱化工具.app/Contents/Frameworks/setuptools/_distutils): find_spec: 'distutils.cmd' not found in PYZ...
PyiFrozenFinder(/Users/x/code/musicdoubao/dist/吸气声弱化工具.app/Contents/Frameworks/setuptools/_distutils): find_spec: attempting resolve using fallback finder FileFinder('/Users/x/code/musicdoubao/dist/吸气声弱化工具.app/Contents/Frameworks/setuptools/_distutils').
PyiFrozenFinder(/Users/x/code/musicdoubao/dist/吸气声弱化工具.app/Contents/Frameworks/setuptools/_distutils): find_spec: fallback finder returned spec: ModuleSpec(name='distutils.cmd', loader=<_frozen_importlib_external.SourcelessFileLoader object at 0x107a7a5d0>, origin='/Users/x/code/musicdoubao/dist/吸气声弱化工具.app/Contents/Frameworks/setuptools/_distutils/cmd.pyc').
# code object from '/Users/x/code/musicdoubao/dist/吸气声弱化工具.app/Contents/Frameworks/setuptools/_distutils/cmd.pyc'
PyiFrozenFinder(/Users/x/code/musicdoubao/dist/吸气声弱化工具.app/Contents/Frameworks): find_spec: called with fullname='logging', target='logging'
PyiFrozenFinder(/Users/x/code/musicdoubao/dist/吸气声弱化工具.app/Contents/Frameworks): find_spec: 'logging' not found in PYZ...
PyiFrozenFinder(/Users/x/code/musicdoubao/dist/吸气声弱化工具.app/Contents/Frameworks): find_spec: attempting resolve using fallback finder FileFinder('/Users/x/code/musicdoubao/dist/吸气声弱化工具.app/Contents/Frameworks').
PyiFrozenFinder(/Users/x/code/musicdoubao/dist/吸气声弱化工具.app/Contents/Frameworks): find_spec: fallback finder returned spec: ModuleSpec(name='logging', loader=<_frozen_importlib_external.SourcelessFileLoader object at 0x107a7a6f0>, origin='/Users/x/code/musicdoubao/dist/吸气声弱化工具.app/Contents/Frameworks/logging/__init__.pyc', submodule_search_locations=['/Users/x/code/musicdoubao/dist/吸气声弱化工具.app/Contents/Frameworks/logging']).
# code object from '/Users/x/code/musicdoubao/dist/吸气声弱化工具.app/Contents/Frameworks/logging/__init__.pyc'
PyiFrozenFinder(/Users/x/code/musicdoubao/dist/吸气声弱化工具.app/Contents/Frameworks): find_spec: called with fullname='traceback', target='traceback'
PyiFrozenFinder(/Users/x/code/musicdoubao/dist/吸气声弱化工具.app/Contents/Frameworks): find_spec: 'traceback' not found in PYZ...
PyiFrozenFinder(/Users/x/code/musicdoubao/dist/吸气声弱化工具.app/Contents/Frameworks): find_spec: attempting resolve using fallback finder FileFinder('/Users/x/code/musicdoubao/dist/吸气声弱化工具.app/Contents/Frameworks').
PyiFrozenFinder(/Users/x/code/musicdoubao/dist/吸气声弱化工具.app/Contents/Frameworks): find_spec: fallback finder returned spec: ModuleSpec(name='traceback', loader=<_frozen_importlib_external.SourcelessFileLoader object at 0x107a7bad0>, origin='/Users/x/code/musicdoubao/dist/吸气声弱化工具.app/Contents/Frameworks/traceback.pyc').
# code object from '/Users/x/code/musicdoubao/dist/吸气声弱化工具.app/Contents/Frameworks/traceback.pyc'
PyiFrozenFinder(/Users/x/code/musicdoubao/dist/吸气声弱化工具.app/Contents/Frameworks): find_spec: called with fullname='textwrap', target='textwrap'
PyiFrozenFinder(/Users/x/code/musicdoubao/dist/吸气声弱化工具.app/Contents/Frameworks): find_spec: 'textwrap' not found in PYZ...
PyiFrozenFinder(/Users/x/code/musicdoubao/dist/吸气声弱化工具.app/Contents/Frameworks): find_spec: attempting resolve using fallback finder FileFinder('/Users/x/code/musicdoubao/dist/吸气声弱化工具.app/Contents/Frameworks').
PyiFrozenFinder(/Users/x/code/musicdoubao/dist/吸气声弱化工具.app/Contents/Frameworks): find_spec: fallback finder returned spec: ModuleSpec(name='textwrap', loader=<_frozen_importlib_external.SourcelessFileLoader object at 0x107a7bd70>, origin='/Users/x/code/musicdoubao/dist/吸气声弱化工具.app/Contents/Frameworks/textwrap.pyc').
# code object from '/Users/x/code/musicdoubao/dist/吸气声弱化工具.app/Contents/Frameworks/textwrap.pyc'
import 'textwrap' # <_frozen_importlib_external.SourcelessFileLoader object at 0x107a7bd70>
PyiFrozenFinder(/Users/x/code/musicdoubao/dist/吸气声弱化工具.app/Contents/Frameworks): find_spec: called with fullname='codeop', target='codeop'
PyiFrozenFinder(/Users/x/code/musicdoubao/dist/吸气声弱化工具.app/Contents/Frameworks): find_spec: 'codeop' not found in PYZ...
PyiFrozenFinder(/Users/x/code/musicdoubao/dist/吸气声弱化工具.app/Contents/Frameworks): find_spec: attempting resolve using fallback finder FileFinder('/Users/x/code/musicdoubao/dist/吸气声弱化工具.app/Contents/Frameworks').
PyiFrozenFinder(/Users/x/code/musicdoubao/dist/吸气声弱化工具.app/Contents/Frameworks): find_spec: fallback finder returned spec: ModuleSpec(name='codeop', loader=<_frozen_importlib_external.SourcelessFileLoader object at 0x10853ab70>, origin='/Users/x/code/musicdoubao/dist/吸气声弱化工具.app/Contents/Frameworks/codeop.pyc').
# code object from '/Users/x/code/musicdoubao/dist/吸气声弱化工具.app/Contents/Frameworks/codeop.pyc'
import 'codeop' # <_frozen_importlib_external.SourcelessFileLoader object at 0x10853ab70>
PyiFrozenFinder(/Users/x/code/musicdoubao/dist/吸气声弱化工具.app/Contents/Frameworks): find_spec: called with fullname='_colorize', target='_colorize'
PyiFrozenFinder(/Users/x/code/musicdoubao/dist/吸气声弱化工具.app/Contents/Frameworks): find_spec: '_colorize' not found in PYZ...
PyiFrozenFinder(/Users/x/code/musicdoubao/dist/吸气声弱化工具.app/Contents/Frameworks): find_spec: attempting resolve using fallback finder FileFinder('/Users/x/code/musicdoubao/dist/吸气声弱化工具.app/Contents/Frameworks').
PyiFrozenFinder(/Users/x/code/musicdoubao/dist/吸气声弱化工具.app/Contents/Frameworks): find_spec: fallback finder returned spec: ModuleSpec(name='_colorize', loader=<_frozen_importlib_external.SourcelessFileLoader object at 0x10853bdd0>, origin='/Users/x/code/musicdoubao/dist/吸气声弱化工具.app/Contents/Frameworks/_colorize.pyc').
# code object from '/Users/x/code/musicdoubao/dist/吸气声弱化工具.app/Contents/Frameworks/_colorize.pyc'
PyiFrozenFinder(/Users/x/code/musicdoubao/dist/吸气声弱化工具.app/Contents/Frameworks): find_spec: called with fullname='dataclasses', target='dataclasses'
PyiFrozenFinder(/Users/x/code/musicdoubao/dist/吸气声弱化工具.app/Contents/Frameworks): find_spec: 'dataclasses' not found in PYZ...
PyiFrozenFinder(/Users/x/code/musicdoubao/dist/吸气声弱化工具.app/Contents/Frameworks): find_spec: attempting resolve using fallback finder FileFinder('/Users/x/code/musicdoubao/dist/吸气声弱化工具.app/Contents/Frameworks').
PyiFrozenFinder(/Users/x/code/musicdoubao/dist/吸气声弱化工具.app/Contents/Frameworks): find_spec: fallback finder returned spec: ModuleSpec(name='dataclasses', loader=<_frozen_importlib_external.SourcelessFileLoader object at 0x10853b950>, origin='/Users/x/code/musicdoubao/dist/吸气声弱化工具.app/Contents/Frameworks/dataclasses.pyc').
# code object from '/Users/x/code/musicdoubao/dist/吸气声弱化工具.app/Contents/Frameworks/dataclasses.pyc'
PyiFrozenFinder(/Users/x/code/musicdoubao/dist/吸气声弱化工具.app/Contents/Frameworks): find_spec: called with fullname='copy', target='copy'
PyiFrozenFinder(/Users/x/code/musicdoubao/dist/吸气声弱化工具.app/Contents/Frameworks): find_spec: 'copy' not found in PYZ...
PyiFrozenFinder(/Users/x/code/musicdoubao/dist/吸气声弱化工具.app/Contents/Frameworks): find_spec: attempting resolve using fallback finder FileFinder('/Users/x/code/musicdoubao/dist/吸气声弱化工具.app/Contents/Frameworks').
PyiFrozenFinder(/Users/x/code/musicdoubao/dist/吸气声弱化工具.app/Contents/Frameworks): find_spec: fallback finder returned spec: ModuleSpec(name='copy', loader=<_frozen_importlib_external.SourcelessFileLoader object at 0x10853bd10>, origin='/Users/x/code/musicdoubao/dist/吸气声弱化工具.app/Contents/Frameworks/copy.pyc').
# code object from '/Users/x/code/musicdoubao/dist/吸气声弱化工具.app/Contents/Frameworks/copy.pyc'
import 'copy' # <_frozen_importlib_external.SourcelessFileLoader object at 0x10853bd10>
import 'dataclasses' # <_frozen_importlib_external.SourcelessFileLoader object at 0x10853b950>
import '_colorize' # <_frozen_importlib_external.SourcelessFileLoader object at 0x10853bdd0>
import 'traceback' # <_frozen_importlib_external.SourcelessFileLoader object at 0x107a7bad0>
PyiFrozenFinder(/Users/x/code/musicdoubao/dist/吸气声弱化工具.app/Contents/Frameworks): find_spec: called with fullname='string', target='string'
PyiFrozenFinder(/Users/x/code/musicdoubao/dist/吸气声弱化工具.app/Contents/Frameworks): find_spec: 'string' not found in PYZ...
PyiFrozenFinder(/Users/x/code/musicdoubao/dist/吸气声弱化工具.app/Contents/Frameworks): find_spec: attempting resolve using fallback finder FileFinder('/Users/x/code/musicdoubao/dist/吸气声弱化工具.app/Contents/Frameworks').
PyiFrozenFinder(/Users/x/code/musicdoubao/dist/吸气声弱化工具.app/Contents/Frameworks): find_spec: fallback finder returned spec: ModuleSpec(name='string', loader=<_frozen_importlib_external.SourcelessFileLoader object at 0x10853b4d0>, origin='/Users/x/code/musicdoubao/dist/吸气声弱化工具.app/Contents/Frameworks/string/__init__.pyc', submodule_search_locations=['/Users/x/code/musicdoubao/dist/吸气声弱化工具.app/Contents/Frameworks/string']).
# code object from '/Users/x/code/musicdoubao/dist/吸气声弱化工具.app/Contents/Frameworks/string/__init__.pyc'
import '_string' # <class '_frozen_importlib.BuiltinImporter'>
import 'string' # <_frozen_importlib_external.SourcelessFileLoader object at 0x10853b4d0>
import 'logging' # <_frozen_importlib_external.SourcelessFileLoader object at 0x107a7a6f0>
PyiFrozenFinder(/Users/x/code/musicdoubao/dist/吸气声弱化工具.app/Contents/Frameworks/setuptools/_distutils): find_spec: called with fullname='distutils._modified', target='distutils._modified'
PyiFrozenFinder(/Users/x/code/musicdoubao/dist/吸气声弱化工具.app/Contents/Frameworks/setuptools/_distutils): find_spec: 'distutils._modified' not found in PYZ...
PyiFrozenFinder(/Users/x/code/musicdoubao/dist/吸气声弱化工具.app/Contents/Frameworks/setuptools/_distutils): find_spec: attempting resolve using fallback finder FileFinder('/Users/x/code/musicdoubao/dist/吸气声弱化工具.app/Contents/Frameworks/setuptools/_distutils').
PyiFrozenFinder(/Users/x/code/musicdoubao/dist/吸气声弱化工具.app/Contents/Frameworks/setuptools/_distutils): find_spec: fallback finder returned spec: ModuleSpec(name='distutils._modified', loader=<_frozen_importlib_external.SourcelessFileLoader object at 0x107a7a750>, origin='/Users/x/code/musicdoubao/dist/吸气声弱化工具.app/Contents/Frameworks/setuptools/_distutils/_modified.pyc').
# code object from '/Users/x/code/musicdoubao/dist/吸气声弱化工具.app/Contents/Frameworks/setuptools/_distutils/_modified.pyc'
PyiFrozenFinder(/Users/x/code/musicdoubao/dist/吸气声弱化工具.app/Contents/Frameworks): find_spec: called with fullname='jaraco', target='jaraco'
PyiFrozenFinder(/Users/x/code/musicdoubao/dist/吸气声弱化工具.app/Contents/Frameworks): find_spec: 'jaraco' not found in PYZ...
PyiFrozenFinder(/Users/x/code/musicdoubao/dist/吸气声弱化工具.app/Contents/Frameworks): find_spec: attempting resolve using fallback finder FileFinder('/Users/x/code/musicdoubao/dist/吸气声弱化工具.app/Contents/Frameworks').
PyiFrozenFinder(/Users/x/code/musicdoubao/dist/吸气声弱化工具.app/Contents/Frameworks): find_spec: fallback finder returned spec: None.
PyiFrozenFinder(/Users/x/code/musicdoubao/dist/吸气声弱化工具.app/Contents/Frameworks/setuptools/_vendor): find_spec: called with fullname='jaraco', target='jaraco'
PyiFrozenFinder(/Users/x/code/musicdoubao/dist/吸气声弱化工具.app/Contents/Frameworks/setuptools/_vendor): find_spec: 'jaraco' not found in PYZ...
PyiFrozenFinder(/Users/x/code/musicdoubao/dist/吸气声弱化工具.app/Contents/Frameworks/setuptools/_vendor): find_spec: attempting resolve using fallback finder FileFinder('/Users/x/code/musicdoubao/dist/吸气声弱化工具.app/Contents/Frameworks/setuptools/_vendor').
# possible namespace for /Users/x/code/musicdoubao/dist/吸气声弱化工具.app/Contents/Frameworks/setuptools/_vendor/jaraco
PyiFrozenFinder(/Users/x/code/musicdoubao/dist/吸气声弱化工具.app/Contents/Frameworks/setuptools/_vendor): find_spec: fallback finder returned spec: ModuleSpec(name='jaraco', loader=None, submodule_search_locations=['/Users/x/code/musicdoubao/dist/吸气声弱化工具.app/Contents/Frameworks/setuptools/_vendor/jaraco']).
import 'jaraco' # <_frozen_importlib_external.NamespaceLoader object at 0x107a1eba0>
PyInstaller: running path finder hook for path: '/Users/x/code/musicdoubao/dist/吸气声弱化工具.app/Contents/Frameworks/setuptools/_vendor/jaraco'
PyInstaller: hook succeeded
PyiFrozenFinder(/Users/x/code/musicdoubao/dist/吸气声弱化工具.app/Contents/Frameworks/setuptools/_vendor/jaraco): find_spec: called with fullname='jaraco.functools', target='jaraco.functools'
PyiFrozenFinder(/Users/x/code/musicdoubao/dist/吸气声弱化工具.app/Contents/Frameworks/setuptools/_vendor/jaraco): find_spec: 'jaraco.functools' not found in PYZ...
PyiFrozenFinder(/Users/x/code/musicdoubao/dist/吸气声弱化工具.app/Contents/Frameworks/setuptools/_vendor/jaraco): find_spec: attempting resolve using fallback finder FileFinder('/Users/x/code/musicdoubao/dist/吸气声弱化工具.app/Contents/Frameworks/setuptools/_vendor/jaraco').
PyiFrozenFinder(/Users/x/code/musicdoubao/dist/吸气声弱化工具.app/Contents/Frameworks/setuptools/_vendor/jaraco): find_spec: fallback finder returned spec: ModuleSpec(name='jaraco.functools', loader=<_frozen_importlib_external.SourcelessFileLoader object at 0x10857e5d0>, origin='/Users/x/code/musicdoubao/dist/吸气声弱化工具.app/Contents/Frameworks/setuptools/_vendor/jaraco/functools/__init__.pyc', submodule_search_locations=['/Users/x/code/musicdoubao/dist/吸气声弱化工具.app/Contents/Frameworks/setuptools/_vendor/jaraco/functools']).
# code object from '/Users/x/code/musicdoubao/dist/吸气声弱化工具.app/Contents/Frameworks/setuptools/_vendor/jaraco/functools/__init__.pyc'
PyiFrozenFinder(/Users/x/code/musicdoubao/dist/吸气声弱化工具.app/Contents/Frameworks): find_spec: called with fullname='more_itertools', target='more_itertools'
PyiFrozenFinder(/Users/x/code/musicdoubao/dist/吸气声弱化工具.app/Contents/Frameworks): find_spec: 'more_itertools' not found in PYZ...
PyiFrozenFinder(/Users/x/code/musicdoubao/dist/吸气声弱化工具.app/Contents/Frameworks): find_spec: attempting resolve using fallback finder FileFinder('/Users/x/code/musicdoubao/dist/吸气声弱化工具.app/Contents/Frameworks').
PyiFrozenFinder(/Users/x/code/musicdoubao/dist/吸气声弱化工具.app/Contents/Frameworks): find_spec: fallback finder returned spec: None.
PyiFrozenFinder(/Users/x/code/musicdoubao/dist/吸气声弱化工具.app/Contents/Frameworks/setuptools/_vendor): find_spec: called with fullname='more_itertools', target='more_itertools'
PyiFrozenFinder(/Users/x/code/musicdoubao/dist/吸气声弱化工具.app/Contents/Frameworks/setuptools/_vendor): find_spec: 'more_itertools' not found in PYZ...
PyiFrozenFinder(/Users/x/code/musicdoubao/dist/吸气声弱化工具.app/Contents/Frameworks/setuptools/_vendor): find_spec: attempting resolve using fallback finder FileFinder('/Users/x/code/musicdoubao/dist/吸气声弱化工具.app/Contents/Frameworks/setuptools/_vendor').
PyiFrozenFinder(/Users/x/code/musicdoubao/dist/吸气声弱化工具.app/Contents/Frameworks/setuptools/_vendor): find_spec: fallback finder returned spec: ModuleSpec(name='more_itertools', loader=<_frozen_importlib_external.SourcelessFileLoader object at 0x10857e630>, origin='/Users/x/code/musicdoubao/dist/吸气声弱化工具.app/Contents/Frameworks/setuptools/_vendor/more_itertools/__init__.pyc', submodule_search_locations=['/Users/x/code/musicdoubao/dist/吸气声弱化工具.app/Contents/Frameworks/setuptools/_vendor/more_itertools']).
# code object from '/Users/x/code/musicdoubao/dist/吸气声弱化工具.app/Contents/Frameworks/setuptools/_vendor/more_itertools/__init__.pyc'
PyInstaller: running path finder hook for path: '/Users/x/code/musicdoubao/dist/吸气声弱化工具.app/Contents/Frameworks/setuptools/_vendor/more_itertools'
PyInstaller: hook succeeded
PyiFrozenFinder(/Users/x/code/musicdoubao/dist/吸气声弱化工具.app/Contents/Frameworks/setuptools/_vendor/more_itertools): find_spec: called with fullname='more_itertools.more', target='more_itertools.more'
PyiFrozenFinder(/Users/x/code/musicdoubao/dist/吸气声弱化工具.app/Contents/Frameworks/setuptools/_vendor/more_itertools): find_spec: 'more_itertools.more' not found in PYZ...
PyiFrozenFinder(/Users/x/code/musicdoubao/dist/吸气声弱化工具.app/Contents/Frameworks/setuptools/_vendor/more_itertools): find_spec: attempting resolve using fallback finder FileFinder('/Users/x/code/musicdoubao/dist/吸气声弱化工具.app/Contents/Frameworks/setuptools/_vendor/more_itertools').
PyiFrozenFinder(/Users/x/code/musicdoubao/dist/吸气声弱化工具.app/Contents/Frameworks/setuptools/_vendor/more_itertools): find_spec: fallback finder returned spec: ModuleSpec(name='more_itertools.more', loader=<_frozen_importlib_external.SourcelessFileLoader object at 0x10857f230>, origin='/Users/x/code/musicdoubao/dist/吸气声弱化工具.app/Contents/Frameworks/setuptools/_vendor/more_itertools/more.pyc').
# code object from '/Users/x/code/musicdoubao/dist/吸气声弱化工具.app/Contents/Frameworks/setuptools/_vendor/more_itertools/more.pyc'
PyiFrozenFinder(/Users/x/code/musicdoubao/dist/吸气声弱化工具.app/Contents/Frameworks): find_spec: called with fullname='heapq', target='heapq'
PyiFrozenFinder(/Users/x/code/musicdoubao/dist/吸气声弱化工具.app/Contents/Frameworks): find_spec: 'heapq' not found in PYZ...
PyiFrozenFinder(/Users/x/code/musicdoubao/dist/吸气声弱化工具.app/Contents/Frameworks): find_spec: attempting resolve using fallback finder FileFinder('/Users/x/code/musicdoubao/dist/吸气声弱化工具.app/Contents/Frameworks').
PyiFrozenFinder(/Users/x/code/musicdoubao/dist/吸气声弱化工具.app/Contents/Frameworks): find_spec: fallback finder returned spec: ModuleSpec(name='heapq', loader=<_frozen_importlib_external.SourcelessFileLoader object at 0x10791dd30>, origin='/Users/x/code/musicdoubao/dist/吸气声弱化工具.app/Contents/Frameworks/heapq.pyc').
# code object from '/Users/x/code/musicdoubao/dist/吸气声弱化工具.app/Contents/Frameworks/heapq.pyc'
# extension module '_heapq' loaded from '/Users/x/code/musicdoubao/dist/吸气声弱化工具.app/Contents/Frameworks/python3.14/lib-dynload/_heapq.cpython-314-darwin.so'
# extension module '_heapq' executed from '/Users/x/code/musicdoubao/dist/吸气声弱化工具.app/Contents/Frameworks/python3.14/lib-dynload/_heapq.cpython-314-darwin.so'
import '_heapq' # <_frozen_importlib_external.ExtensionFileLoader object at 0x108610310>
import 'heapq' # <_frozen_importlib_external.SourcelessFileLoader object at 0x10791dd30>
PyiFrozenFinder(/Users/x/code/musicdoubao/dist/吸气声弱化工具.app/Contents/Frameworks): find_spec: called with fullname='queue', target='queue'
PyiFrozenFinder(/Users/x/code/musicdoubao/dist/吸气声弱化工具.app/Contents/Frameworks): find_spec: 'queue' not found in PYZ...
PyiFrozenFinder(/Users/x/code/musicdoubao/dist/吸气声弱化工具.app/Contents/Frameworks): find_spec: attempting resolve using fallback finder FileFinder('/Users/x/code/musicdoubao/dist/吸气声弱化工具.app/Contents/Frameworks').
PyiFrozenFinder(/Users/x/code/musicdoubao/dist/吸气声弱化工具.app/Contents/Frameworks): find_spec: fallback finder returned spec: ModuleSpec(name='queue', loader=<_frozen_importlib_external.SourcelessFileLoader object at 0x10857f6b0>, origin='/Users/x/code/musicdoubao/dist/吸气声弱化工具.app/Contents/Frameworks/queue.pyc').
# code object from '/Users/x/code/musicdoubao/dist/吸气声弱化工具.app/Contents/Frameworks/queue.pyc'
# extension module '_queue' loaded from '/Users/x/code/musicdoubao/dist/吸气声弱化工具.app/Contents/Frameworks/python3.14/lib-dynload/_queue.cpython-314-darwin.so'
# extension module '_queue' executed from '/Users/x/code/musicdoubao/dist/吸气声弱化工具.app/Contents/Frameworks/python3.14/lib-dynload/_queue.cpython-314-darwin.so'
import '_queue' # <_frozen_importlib_external.ExtensionFileLoader object at 0x1085bf960>
import 'queue' # <_frozen_importlib_external.SourcelessFileLoader object at 0x10857f6b0>
PyiFrozenFinder(/Users/x/code/musicdoubao/dist/吸气声弱化工具.app/Contents/Frameworks/setuptools/_vendor/more_itertools): find_spec: called with fullname='more_itertools.recipes', target='more_itertools.recipes'
PyiFrozenFinder(/Users/x/code/musicdoubao/dist/吸气声弱化工具.app/Contents/Frameworks/setuptools/_vendor/more_itertools): find_spec: 'more_itertools.recipes' not found in PYZ...
PyiFrozenFinder(/Users/x/code/musicdoubao/dist/吸气声弱化工具.app/Contents/Frameworks/setuptools/_vendor/more_itertools): find_spec: attempting resolve using fallback finder FileFinder('/Users/x/code/musicdoubao/dist/吸气声弱化工具.app/Contents/Frameworks/setuptools/_vendor/more_itertools').
PyiFrozenFinder(/Users/x/code/musicdoubao/dist/吸气声弱化工具.app/Contents/Frameworks/setuptools/_vendor/more_itertools): find_spec: fallback finder returned spec: ModuleSpec(name='more_itertools.recipes', loader=<_frozen_importlib_external.SourcelessFileLoader object at 0x1085d92b0>, origin='/Users/x/code/musicdoubao/dist/吸气声弱化工具.app/Contents/Frameworks/setuptools/_vendor/more_itertools/recipes.pyc').
# code object from '/Users/x/code/musicdoubao/dist/吸气声弱化工具.app/Contents/Frameworks/setuptools/_vendor/more_itertools/recipes.pyc'
import 'more_itertools.recipes' # <_frozen_importlib_external.SourcelessFileLoader object at 0x1085d92b0>
import 'more_itertools.more' # <_frozen_importlib_external.SourcelessFileLoader object at 0x10857f230>
import 'more_itertools' # <_frozen_importlib_external.SourcelessFileLoader object at 0x10857e630>
import 'jaraco.functools' # <_frozen_importlib_external.SourcelessFileLoader object at 0x10857e5d0>
PyiFrozenFinder(/Users/x/code/musicdoubao/dist/吸气声弱化工具.app/Contents/Frameworks/setuptools/_distutils): find_spec: called with fullname='distutils.compat', target='distutils.compat'
PyiFrozenFinder(/Users/x/code/musicdoubao/dist/吸气声弱化工具.app/Contents/Frameworks/setuptools/_distutils): find_spec: 'distutils.compat' not found in PYZ...
PyiFrozenFinder(/Users/x/code/musicdoubao/dist/吸气声弱化工具.app/Contents/Frameworks/setuptools/_distutils): find_spec: attempting resolve using fallback finder FileFinder('/Users/x/code/musicdoubao/dist/吸气声弱化工具.app/Contents/Frameworks/setuptools/_distutils').
PyiFrozenFinder(/Users/x/code/musicdoubao/dist/吸气声弱化工具.app/Contents/Frameworks/setuptools/_distutils): find_spec: fallback finder returned spec: ModuleSpec(name='distutils.compat', loader=<_frozen_importlib_external.SourcelessFileLoader object at 0x10857ec90>, origin='/Users/x/code/musicdoubao/dist/吸气声弱化工具.app/Contents/Frameworks/setuptools/_distutils/compat/__init__.pyc', submodule_search_locations=['/Users/x/code/musicdoubao/dist/吸气声弱化工具.app/Contents/Frameworks/setuptools/_distutils/compat']).
# code object from '/Users/x/code/musicdoubao/dist/吸气声弱化工具.app/Contents/Frameworks/setuptools/_distutils/compat/__init__.pyc'
import 'distutils.compat' # <_frozen_importlib_external.SourcelessFileLoader object at 0x10857ec90>
PyInstaller: running path finder hook for path: '/Users/x/code/musicdoubao/dist/吸气声弱化工具.app/Contents/Frameworks/setuptools/_distutils/compat'
PyInstaller: hook succeeded
PyiFrozenFinder(/Users/x/code/musicdoubao/dist/吸气声弱化工具.app/Contents/Frameworks/setuptools/_distutils/compat): find_spec: called with fullname='distutils.compat.py39', target='distutils.compat.py39'
PyiFrozenFinder(/Users/x/code/musicdoubao/dist/吸气声弱化工具.app/Contents/Frameworks/setuptools/_distutils/compat): find_spec: 'distutils.compat.py39' not found in PYZ...
PyiFrozenFinder(/Users/x/code/musicdoubao/dist/吸气声弱化工具.app/Contents/Frameworks/setuptools/_distutils/compat): find_spec: attempting resolve using fallback finder FileFinder('/Users/x/code/musicdoubao/dist/吸气声弱化工具.app/Contents/Frameworks/setuptools/_distutils/compat').
PyiFrozenFinder(/Users/x/code/musicdoubao/dist/吸气声弱化工具.app/Contents/Frameworks/setuptools/_distutils/compat): find_spec: fallback finder returned spec: ModuleSpec(name='distutils.compat.py39', loader=<_frozen_importlib_external.SourcelessFileLoader object at 0x10857e3f0>, origin='/Users/x/code/musicdoubao/dist/吸气声弱化工具.app/Contents/Frameworks/setuptools/_distutils/compat/py39.pyc').
# code object from '/Users/x/code/musicdoubao/dist/吸气声弱化工具.app/Contents/Frameworks/setuptools/_distutils/compat/py39.pyc'
PyiFrozenFinder(/Users/x/code/musicdoubao/dist/吸气声弱化工具.app/Contents/Frameworks): find_spec: called with fullname='platform', target='platform'
PyiFrozenFinder(/Users/x/code/musicdoubao/dist/吸气声弱化工具.app/Contents/Frameworks): find_spec: 'platform' not found in PYZ...
PyiFrozenFinder(/Users/x/code/musicdoubao/dist/吸气声弱化工具.app/Contents/Frameworks): find_spec: attempting resolve using fallback finder FileFinder('/Users/x/code/musicdoubao/dist/吸气声弱化工具.app/Contents/Frameworks').
PyiFrozenFinder(/Users/x/code/musicdoubao/dist/吸气声弱化工具.app/Contents/Frameworks): find_spec: fallback finder returned spec: ModuleSpec(name='platform', loader=<_frozen_importlib_external.SourcelessFileLoader object at 0x1085db470>, origin='/Users/x/code/musicdoubao/dist/吸气声弱化工具.app/Contents/Frameworks/platform.pyc').
# code object from '/Users/x/code/musicdoubao/dist/吸气声弱化工具.app/Contents/Frameworks/platform.pyc'
PyiFrozenFinder(/Users/x/code/musicdoubao/dist/吸气声弱化工具.app/Contents/Frameworks): find_spec: called with fullname='_wmi', target='_wmi'
PyiFrozenFinder(/Users/x/code/musicdoubao/dist/吸气声弱化工具.app/Contents/Frameworks): find_spec: '_wmi' not found in PYZ...
PyiFrozenFinder(/Users/x/code/musicdoubao/dist/吸气声弱化工具.app/Contents/Frameworks): find_spec: attempting resolve using fallback finder FileFinder('/Users/x/code/musicdoubao/dist/吸气声弱化工具.app/Contents/Frameworks').
PyiFrozenFinder(/Users/x/code/musicdoubao/dist/吸气声弱化工具.app/Contents/Frameworks): find_spec: fallback finder returned spec: None.
PyiFrozenFinder(/Users/x/code/musicdoubao/dist/吸气声弱化工具.app/Contents/Frameworks/setuptools/_vendor): find_spec: called with fullname='_wmi', target='_wmi'
PyiFrozenFinder(/Users/x/code/musicdoubao/dist/吸气声弱化工具.app/Contents/Frameworks/setuptools/_vendor): find_spec: '_wmi' not found in PYZ...
PyiFrozenFinder(/Users/x/code/musicdoubao/dist/吸气声弱化工具.app/Contents/Frameworks/setuptools/_vendor): find_spec: attempting resolve using fallback finder FileFinder('/Users/x/code/musicdoubao/dist/吸气声弱化工具.app/Contents/Frameworks/setuptools/_vendor').
PyiFrozenFinder(/Users/x/code/musicdoubao/dist/吸气声弱化工具.app/Contents/Frameworks/setuptools/_vendor): find_spec: fallback finder returned spec: None.
import 'platform' # <_frozen_importlib_external.SourcelessFileLoader object at 0x1085db470>
import 'distutils.compat.py39' # <_frozen_importlib_external.SourcelessFileLoader object at 0x10857e3f0>
PyiFrozenFinder(/Users/x/code/musicdoubao/dist/吸气声弱化工具.app/Contents/Frameworks/setuptools/_distutils): find_spec: called with fullname='distutils.errors', target='distutils.errors'
PyiFrozenFinder(/Users/x/code/musicdoubao/dist/吸气声弱化工具.app/Contents/Frameworks/setuptools/_distutils): find_spec: 'distutils.errors' not found in PYZ...
PyiFrozenFinder(/Users/x/code/musicdoubao/dist/吸气声弱化工具.app/Contents/Frameworks/setuptools/_distutils): find_spec: attempting resolve using fallback finder FileFinder('/Users/x/code/musicdoubao/dist/吸气声弱化工具.app/Contents/Frameworks/setuptools/_distutils').
PyiFrozenFinder(/Users/x/code/musicdoubao/dist/吸气声弱化工具.app/Contents/Frameworks/setuptools/_distutils): find_spec: fallback finder returned spec: ModuleSpec(name='distutils.errors', loader=<_frozen_importlib_external.SourcelessFileLoader object at 0x108624830>, origin='/Users/x/code/musicdoubao/dist/吸气声弱化工具.app/Contents/Frameworks/setuptools/_distutils/errors.pyc').
# code object from '/Users/x/code/musicdoubao/dist/吸气声弱化工具.app/Contents/Frameworks/setuptools/_distutils/errors.pyc'
PyiFrozenFinder(/Users/x/code/musicdoubao/dist/吸气声弱化工具.app/Contents/Frameworks/setuptools/_distutils): find_spec: called with fullname='distutils.compilers', target='distutils.compilers'
PyiFrozenFinder(/Users/x/code/musicdoubao/dist/吸气声弱化工具.app/Contents/Frameworks/setuptools/_distutils): find_spec: 'distutils.compilers' not found in PYZ...
PyiFrozenFinder(/Users/x/code/musicdoubao/dist/吸气声弱化工具.app/Contents/Frameworks/setuptools/_distutils): find_spec: attempting resolve using fallback finder FileFinder('/Users/x/code/musicdoubao/dist/吸气声弱化工具.app/Contents/Frameworks/setuptools/_distutils').
# possible namespace for /Users/x/code/musicdoubao/dist/吸气声弱化工具.app/Contents/Frameworks/setuptools/_distutils/compilers
PyiFrozenFinder(/Users/x/code/musicdoubao/dist/吸气声弱化工具.app/Contents/Frameworks/setuptools/_distutils): find_spec: fallback finder returned spec: ModuleSpec(name='distutils.compilers', loader=None, submodule_search_locations=['/Users/x/code/musicdoubao/dist/吸气声弱化工具.app/Contents/Frameworks/setuptools/_distutils/compilers']).
import 'distutils.compilers' # <_frozen_importlib_external.NamespaceLoader object at 0x1085edd10>
PyInstaller: running path finder hook for path: '/Users/x/code/musicdoubao/dist/吸气声弱化工具.app/Contents/Frameworks/setuptools/_distutils/compilers'
PyInstaller: hook succeeded
PyiFrozenFinder(/Users/x/code/musicdoubao/dist/吸气声弱化工具.app/Contents/Frameworks/setuptools/_distutils/compilers): find_spec: called with fullname='distutils.compilers.C', target='distutils.compilers.C'
PyiFrozenFinder(/Users/x/code/musicdoubao/dist/吸气声弱化工具.app/Contents/Frameworks/setuptools/_distutils/compilers): find_spec: 'distutils.compilers.C' not found in PYZ...
PyiFrozenFinder(/Users/x/code/musicdoubao/dist/吸气声弱化工具.app/Contents/Frameworks/setuptools/_distutils/compilers): find_spec: attempting resolve using fallback finder FileFinder('/Users/x/code/musicdoubao/dist/吸气声弱化工具.app/Contents/Frameworks/setuptools/_distutils/compilers').
# possible namespace for /Users/x/code/musicdoubao/dist/吸气声弱化工具.app/Contents/Frameworks/setuptools/_distutils/compilers/C
PyiFrozenFinder(/Users/x/code/musicdoubao/dist/吸气声弱化工具.app/Contents/Frameworks/setuptools/_distutils/compilers): find_spec: fallback finder returned spec: ModuleSpec(name='distutils.compilers.C', loader=None, submodule_search_locations=['/Users/x/code/musicdoubao/dist/吸气声弱化工具.app/Contents/Frameworks/setuptools/_distutils/compilers/C']).
import 'distutils.compilers.C' # <_frozen_importlib_external.NamespaceLoader object at 0x1085edf90>
PyInstaller: running path finder hook for path: '/Users/x/code/musicdoubao/dist/吸气声弱化工具.app/Contents/Frameworks/setuptools/_distutils/compilers/C'
PyInstaller: hook succeeded
PyiFrozenFinder(/Users/x/code/musicdoubao/dist/吸气声弱化工具.app/Contents/Frameworks/setuptools/_distutils/compilers/C): find_spec: called with fullname='distutils.compilers.C.errors', target='distutils.compilers.C.errors'
PyiFrozenFinder(/Users/x/code/musicdoubao/dist/吸气声弱化工具.app/Contents/Frameworks/setuptools/_distutils/compilers/C): find_spec: 'distutils.compilers.C.errors' not found in PYZ...
PyiFrozenFinder(/Users/x/code/musicdoubao/dist/吸气声弱化工具.app/Contents/Frameworks/setuptools/_distutils/compilers/C): find_spec: attempting resolve using fallback finder FileFinder('/Users/x/code/musicdoubao/dist/吸气声弱化工具.app/Contents/Frameworks/setuptools/_distutils/compilers/C').
PyiFrozenFinder(/Users/x/code/musicdoubao/dist/吸气声弱化工具.app/Contents/Frameworks/setuptools/_distutils/compilers/C): find_spec: fallback finder returned spec: ModuleSpec(name='distutils.compilers.C.errors', loader=<_frozen_importlib_external.SourcelessFileLoader object at 0x1086252b0>, origin='/Users/x/code/musicdoubao/dist/吸气声弱化工具.app/Contents/Frameworks/setuptools/_distutils/compilers/C/errors.pyc').
# code object from '/Users/x/code/musicdoubao/dist/吸气声弱化工具.app/Contents/Frameworks/setuptools/_distutils/compilers/C/errors.pyc'
import 'distutils.compilers.C.errors' # <_frozen_importlib_external.SourcelessFileLoader object at 0x1086252b0>
import 'distutils.errors' # <_frozen_importlib_external.SourcelessFileLoader object at 0x108624830>
import 'distutils._modified' # <_frozen_importlib_external.SourcelessFileLoader object at 0x107a7a750>
PyiFrozenFinder(/Users/x/code/musicdoubao/dist/吸气声弱化工具.app/Contents/Frameworks/setuptools/_distutils): find_spec: called with fullname='distutils.archive_util', target='distutils.archive_util'
PyiFrozenFinder(/Users/x/code/musicdoubao/dist/吸气声弱化工具.app/Contents/Frameworks/setuptools/_distutils): find_spec: 'distutils.archive_util' not found in PYZ...
PyiFrozenFinder(/Users/x/code/musicdoubao/dist/吸气声弱化工具.app/Contents/Frameworks/setuptools/_distutils): find_spec: attempting resolve using fallback finder FileFinder('/Users/x/code/musicdoubao/dist/吸气声弱化工具.app/Contents/Frameworks/setuptools/_distutils').
PyiFrozenFinder(/Users/x/code/musicdoubao/dist/吸气声弱化工具.app/Contents/Frameworks/setuptools/_distutils): find_spec: fallback finder returned spec: ModuleSpec(name='distutils.archive_util', loader=<_frozen_importlib_external.SourcelessFileLoader object at 0x108625c10>, origin='/Users/x/code/musicdoubao/dist/吸气声弱化工具.app/Contents/Frameworks/setuptools/_distutils/archive_util.pyc').
# code object from '/Users/x/code/musicdoubao/dist/吸气声弱化工具.app/Contents/Frameworks/setuptools/_distutils/archive_util.pyc'
PyiFrozenFinder(/Users/x/code/musicdoubao/dist/吸气声弱化工具.app/Contents/Frameworks/setuptools/_distutils): find_spec: called with fullname='distutils._log', target='distutils._log'
PyiFrozenFinder(/Users/x/code/musicdoubao/dist/吸气声弱化工具.app/Contents/Frameworks/setuptools/_distutils): find_spec: 'distutils._log' not found in PYZ...
PyiFrozenFinder(/Users/x/code/musicdoubao/dist/吸气声弱化工具.app/Contents/Frameworks/setuptools/_distutils): find_spec: attempting resolve using fallback finder FileFinder('/Users/x/code/musicdoubao/dist/吸气声弱化工具.app/Contents/Frameworks/setuptools/_distutils').
PyiFrozenFinder(/Users/x/code/musicdoubao/dist/吸气声弱化工具.app/Contents/Frameworks/setuptools/_distutils): find_spec: fallback finder returned spec: ModuleSpec(name='distutils._log', loader=<_frozen_importlib_external.SourcelessFileLoader object at 0x108625df0>, origin='/Users/x/code/musicdoubao/dist/吸气声弱化工具.app/Contents/Frameworks/setuptools/_distutils/_log.pyc').
# code object from '/Users/x/code/musicdoubao/dist/吸气声弱化工具.app/Contents/Frameworks/setuptools/_distutils/_log.pyc'
import 'distutils._log' # <_frozen_importlib_external.SourcelessFileLoader object at 0x108625df0>
PyiFrozenFinder(/Users/x/code/musicdoubao/dist/吸气声弱化工具.app/Contents/Frameworks/setuptools/_distutils): find_spec: called with fullname='distutils.dir_util', target='distutils.dir_util'
PyiFrozenFinder(/Users/x/code/musicdoubao/dist/吸气声弱化工具.app/Contents/Frameworks/setuptools/_distutils): find_spec: 'distutils.dir_util' not found in PYZ...
PyiFrozenFinder(/Users/x/code/musicdoubao/dist/吸气声弱化工具.app/Contents/Frameworks/setuptools/_distutils): find_spec: attempting resolve using fallback finder FileFinder('/Users/x/code/musicdoubao/dist/吸气声弱化工具.app/Contents/Frameworks/setuptools/_distutils').
PyiFrozenFinder(/Users/x/code/musicdoubao/dist/吸气声弱化工具.app/Contents/Frameworks/setuptools/_distutils): find_spec: fallback finder returned spec: ModuleSpec(name='distutils.dir_util', loader=<_frozen_importlib_external.SourcelessFileLoader object at 0x108625eb0>, origin='/Users/x/code/musicdoubao/dist/吸气声弱化工具.app/Contents/Frameworks/setuptools/_distutils/dir_util.pyc').
# code object from '/Users/x/code/musicdoubao/dist/吸气声弱化工具.app/Contents/Frameworks/setuptools/_distutils/dir_util.pyc'
PyiFrozenFinder(/Users/x/code/musicdoubao/dist/吸气声弱化工具.app/Contents/Frameworks/setuptools/_distutils): find_spec: called with fullname='distutils.file_util', target='distutils.file_util'
PyiFrozenFinder(/Users/x/code/musicdoubao/dist/吸气声弱化工具.app/Contents/Frameworks/setuptools/_distutils): find_spec: 'distutils.file_util' not found in PYZ...
PyiFrozenFinder(/Users/x/code/musicdoubao/dist/吸气声弱化工具.app/Contents/Frameworks/setuptools/_distutils): find_spec: attempting resolve using fallback finder FileFinder('/Users/x/code/musicdoubao/dist/吸气声弱化工具.app/Contents/Frameworks/setuptools/_distutils').
PyiFrozenFinder(/Users/x/code/musicdoubao/dist/吸气声弱化工具.app/Contents/Frameworks/setuptools/_distutils): find_spec: fallback finder returned spec: ModuleSpec(name='distutils.file_util', loader=<_frozen_importlib_external.SourcelessFileLoader object at 0x1086260f0>, origin='/Users/x/code/musicdoubao/dist/吸气声弱化工具.app/Contents/Frameworks/setuptools/_distutils/file_util.pyc').
# code object from '/Users/x/code/musicdoubao/dist/吸气声弱化工具.app/Contents/Frameworks/setuptools/_distutils/file_util.pyc'
import 'distutils.file_util' # <_frozen_importlib_external.SourcelessFileLoader object at 0x1086260f0>
import 'distutils.dir_util' # <_frozen_importlib_external.SourcelessFileLoader object at 0x108625eb0>
PyiFrozenFinder(/Users/x/code/musicdoubao/dist/吸气声弱化工具.app/Contents/Frameworks/setuptools/_distutils): find_spec: called with fullname='distutils.spawn', target='distutils.spawn'
PyiFrozenFinder(/Users/x/code/musicdoubao/dist/吸气声弱化工具.app/Contents/Frameworks/setuptools/_distutils): find_spec: 'distutils.spawn' not found in PYZ...
PyiFrozenFinder(/Users/x/code/musicdoubao/dist/吸气声弱化工具.app/Contents/Frameworks/setuptools/_distutils): find_spec: attempting resolve using fallback finder FileFinder('/Users/x/code/musicdoubao/dist/吸气声弱化工具.app/Contents/Frameworks/setuptools/_distutils').
PyiFrozenFinder(/Users/x/code/musicdoubao/dist/吸气声弱化工具.app/Contents/Frameworks/setuptools/_distutils): find_spec: fallback finder returned spec: ModuleSpec(name='distutils.spawn', loader=<_frozen_importlib_external.SourcelessFileLoader object at 0x108626450>, origin='/Users/x/code/musicdoubao/dist/吸气声弱化工具.app/Contents/Frameworks/setuptools/_distutils/spawn.pyc').
# code object from '/Users/x/code/musicdoubao/dist/吸气声弱化工具.app/Contents/Frameworks/setuptools/_distutils/spawn.pyc'
PyiFrozenFinder(/Users/x/code/musicdoubao/dist/吸气声弱化工具.app/Contents/Frameworks/setuptools/_distutils): find_spec: called with fullname='distutils.debug', target='distutils.debug'
PyiFrozenFinder(/Users/x/code/musicdoubao/dist/吸气声弱化工具.app/Contents/Frameworks/setuptools/_distutils): find_spec: 'distutils.debug' not found in PYZ...
PyiFrozenFinder(/Users/x/code/musicdoubao/dist/吸气声弱化工具.app/Contents/Frameworks/setuptools/_distutils): find_spec: attempting resolve using fallback finder FileFinder('/Users/x/code/musicdoubao/dist/吸气声弱化工具.app/Contents/Frameworks/setuptools/_distutils').
PyiFrozenFinder(/Users/x/code/musicdoubao/dist/吸气声弱化工具.app/Contents/Frameworks/setuptools/_distutils): find_spec: fallback finder returned spec: ModuleSpec(name='distutils.debug', loader=<_frozen_importlib_external.SourcelessFileLoader object at 0x1086268d0>, origin='/Users/x/code/musicdoubao/dist/吸气声弱化工具.app/Contents/Frameworks/setuptools/_distutils/debug.pyc').
# code object from '/Users/x/code/musicdoubao/dist/吸气声弱化工具.app/Contents/Frameworks/setuptools/_distutils/debug.pyc'
import 'distutils.debug' # <_frozen_importlib_external.SourcelessFileLoader object at 0x1086268d0>
import 'distutils.spawn' # <_frozen_importlib_external.SourcelessFileLoader object at 0x108626450>
import 'distutils.archive_util' # <_frozen_importlib_external.SourcelessFileLoader object at 0x108625c10>
PyiFrozenFinder(/Users/x/code/musicdoubao/dist/吸气声弱化工具.app/Contents/Frameworks/setuptools/_distutils): find_spec: called with fullname='distutils.util', target='distutils.util'
PyiFrozenFinder(/Users/x/code/musicdoubao/dist/吸气声弱化工具.app/Contents/Frameworks/setuptools/_distutils): find_spec: 'distutils.util' not found in PYZ...
PyiFrozenFinder(/Users/x/code/musicdoubao/dist/吸气声弱化工具.app/Contents/Frameworks/setuptools/_distutils): find_spec: attempting resolve using fallback finder FileFinder('/Users/x/code/musicdoubao/dist/吸气声弱化工具.app/Contents/Frameworks/setuptools/_distutils').
PyiFrozenFinder(/Users/x/code/musicdoubao/dist/吸气声弱化工具.app/Contents/Frameworks/setuptools/_distutils): find_spec: fallback finder returned spec: ModuleSpec(name='distutils.util', loader=<_frozen_importlib_external.SourcelessFileLoader object at 0x108626030>, origin='/Users/x/code/musicdoubao/dist/吸气声弱化工具.app/Contents/Frameworks/setuptools/_distutils/util.pyc').
# code object from '/Users/x/code/musicdoubao/dist/吸气声弱化工具.app/Contents/Frameworks/setuptools/_distutils/util.pyc'
import 'distutils.util' # <_frozen_importlib_external.SourcelessFileLoader object at 0x108626030>
import 'distutils.cmd' # <_frozen_importlib_external.SourcelessFileLoader object at 0x107a7a5d0>
PyiFrozenFinder(/Users/x/code/musicdoubao/dist/吸气声弱化工具.app/Contents/Frameworks/setuptools/_distutils): find_spec: called with fullname='distutils.dist', target='distutils.dist'
PyiFrozenFinder(/Users/x/code/musicdoubao/dist/吸气声弱化工具.app/Contents/Frameworks/setuptools/_distutils): find_spec: 'distutils.dist' not found in PYZ...
PyiFrozenFinder(/Users/x/code/musicdoubao/dist/吸气声弱化工具.app/Contents/Frameworks/setuptools/_distutils): find_spec: attempting resolve using fallback finder FileFinder('/Users/x/code/musicdoubao/dist/吸气声弱化工具.app/Contents/Frameworks/setuptools/_distutils').
PyiFrozenFinder(/Users/x/code/musicdoubao/dist/吸气声弱化工具.app/Contents/Frameworks/setuptools/_distutils): find_spec: fallback finder returned spec: ModuleSpec(name='distutils.dist', loader=<_frozen_importlib_external.SourcelessFileLoader object at 0x108627470>, origin='/Users/x/code/musicdoubao/dist/吸气声弱化工具.app/Contents/Frameworks/setuptools/_distutils/dist.pyc').
# code object from '/Users/x/code/musicdoubao/dist/吸气声弱化工具.app/Contents/Frameworks/setuptools/_distutils/dist.pyc'
PyiFrozenFinder(/Users/x/code/musicdoubao/dist/吸气声弱化工具.app/Contents/Frameworks): find_spec: called with fullname='email', target='email'
PyiFrozenFinder(/Users/x/code/musicdoubao/dist/吸气声弱化工具.app/Contents/Frameworks): find_spec: 'email' not found in PYZ...
PyiFrozenFinder(/Users/x/code/musicdoubao/dist/吸气声弱化工具.app/Contents/Frameworks): find_spec: attempting resolve using fallback finder FileFinder('/Users/x/code/musicdoubao/dist/吸气声弱化工具.app/Contents/Frameworks').
PyiFrozenFinder(/Users/x/code/musicdoubao/dist/吸气声弱化工具.app/Contents/Frameworks): find_spec: fallback finder returned spec: ModuleSpec(name='email', loader=<_frozen_importlib_external.SourcelessFileLoader object at 0x108627e30>, origin='/Users/x/code/musicdoubao/dist/吸气声弱化工具.app/Contents/Frameworks/email/__init__.pyc', submodule_search_locations=['/Users/x/code/musicdoubao/dist/吸气声弱化工具.app/Contents/Frameworks/email']).
# code object from '/Users/x/code/musicdoubao/dist/吸气声弱化工具.app/Contents/Frameworks/email/__init__.pyc'
import 'email' # <_frozen_importlib_external.SourcelessFileLoader object at 0x108627e30>
PyiFrozenFinder(/Users/x/code/musicdoubao/dist/吸气声弱化工具.app/Contents/Frameworks): find_spec: called with fullname='packaging', target='packaging'
PyiFrozenFinder(/Users/x/code/musicdoubao/dist/吸气声弱化工具.app/Contents/Frameworks): find_spec: 'packaging' not found in PYZ...
PyiFrozenFinder(/Users/x/code/musicdoubao/dist/吸气声弱化工具.app/Contents/Frameworks): find_spec: attempting resolve using fallback finder FileFinder('/Users/x/code/musicdoubao/dist/吸气声弱化工具.app/Contents/Frameworks').
PyiFrozenFinder(/Users/x/code/musicdoubao/dist/吸气声弱化工具.app/Contents/Frameworks): find_spec: fallback finder returned spec: ModuleSpec(name='packaging', loader=<_frozen_importlib_external.SourcelessFileLoader object at 0x108680890>, origin='/Users/x/code/musicdoubao/dist/吸气声弱化工具.app/Contents/Frameworks/packaging/__init__.pyc', submodule_search_locations=['/Users/x/code/musicdoubao/dist/吸气声弱化工具.app/Contents/Frameworks/packaging']).
# code object from '/Users/x/code/musicdoubao/dist/吸气声弱化工具.app/Contents/Frameworks/packaging/__init__.pyc'
import 'packaging' # <_frozen_importlib_external.SourcelessFileLoader object at 0x108680890>
PyInstaller: running path finder hook for path: '/Users/x/code/musicdoubao/dist/吸气声弱化工具.app/Contents/Frameworks/packaging'
PyInstaller: hook succeeded
PyiFrozenFinder(/Users/x/code/musicdoubao/dist/吸气声弱化工具.app/Contents/Frameworks/packaging): find_spec: called with fullname='packaging.utils', target='packaging.utils'
PyiFrozenFinder(/Users/x/code/musicdoubao/dist/吸气声弱化工具.app/Contents/Frameworks/packaging): find_spec: 'packaging.utils' not found in PYZ...
PyiFrozenFinder(/Users/x/code/musicdoubao/dist/吸气声弱化工具.app/Contents/Frameworks/packaging): find_spec: attempting resolve using fallback finder FileFinder('/Users/x/code/musicdoubao/dist/吸气声弱化工具.app/Contents/Frameworks/packaging').
PyiFrozenFinder(/Users/x/code/musicdoubao/dist/吸气声弱化工具.app/Contents/Frameworks/packaging): find_spec: fallback finder returned spec: ModuleSpec(name='packaging.utils', loader=<_frozen_importlib_external.SourcelessFileLoader object at 0x108627ef0>, origin='/Users/x/code/musicdoubao/dist/吸气声弱化工具.app/Contents/Frameworks/packaging/utils.pyc').
# code object from '/Users/x/code/musicdoubao/dist/吸气声弱化工具.app/Contents/Frameworks/packaging/utils.pyc'
PyiFrozenFinder(/Users/x/code/musicdoubao/dist/吸气声弱化工具.app/Contents/Frameworks/packaging): find_spec: called with fullname='packaging.tags', target='packaging.tags'
PyiFrozenFinder(/Users/x/code/musicdoubao/dist/吸气声弱化工具.app/Contents/Frameworks/packaging): find_spec: 'packaging.tags' not found in PYZ...
PyiFrozenFinder(/Users/x/code/musicdoubao/dist/吸气声弱化工具.app/Contents/Frameworks/packaging): find_spec: attempting resolve using fallback finder FileFinder('/Users/x/code/musicdoubao/dist/吸气声弱化工具.app/Contents/Frameworks/packaging').
PyiFrozenFinder(/Users/x/code/musicdoubao/dist/吸气声弱化工具.app/Contents/Frameworks/packaging): find_spec: fallback finder returned spec: ModuleSpec(name='packaging.tags', loader=<_frozen_importlib_external.SourcelessFileLoader object at 0x108680e90>, origin='/Users/x/code/musicdoubao/dist/吸气声弱化工具.app/Contents/Frameworks/packaging/tags.pyc').
# code object from '/Users/x/code/musicdoubao/dist/吸气声弱化工具.app/Contents/Frameworks/packaging/tags.pyc'
PyiFrozenFinder(/Users/x/code/musicdoubao/dist/吸气声弱化工具.app/Contents/Frameworks/packaging): find_spec: called with fullname='packaging._manylinux', target='packaging._manylinux'
PyiFrozenFinder(/Users/x/code/musicdoubao/dist/吸气声弱化工具.app/Contents/Frameworks/packaging): find_spec: 'packaging._manylinux' not found in PYZ...
PyiFrozenFinder(/Users/x/code/musicdoubao/dist/吸气声弱化工具.app/Contents/Frameworks/packaging): find_spec: attempting resolve using fallback finder FileFinder('/Users/x/code/musicdoubao/dist/吸气声弱化工具.app/Contents/Frameworks/packaging').
PyiFrozenFinder(/Users/x/code/musicdoubao/dist/吸气声弱化工具.app/Contents/Frameworks/packaging): find_spec: fallback finder returned spec: ModuleSpec(name='packaging._manylinux', loader=<_frozen_importlib_external.SourcelessFileLoader object at 0x1086813d0>, origin='/Users/x/code/musicdoubao/dist/吸气声弱化工具.app/Contents/Frameworks/packaging/_manylinux.pyc').
# code object from '/Users/x/code/musicdoubao/dist/吸气声弱化工具.app/Contents/Frameworks/packaging/_manylinux.pyc'
PyiFrozenFinder(/Users/x/code/musicdoubao/dist/吸气声弱化工具.app/Contents/Frameworks/packaging): find_spec: called with fullname='packaging._elffile', target='packaging._elffile'
PyiFrozenFinder(/Users/x/code/musicdoubao/dist/吸气声弱化工具.app/Contents/Frameworks/packaging): find_spec: 'packaging._elffile' not found in PYZ...
PyiFrozenFinder(/Users/x/code/musicdoubao/dist/吸气声弱化工具.app/Contents/Frameworks/packaging): find_spec: attempting resolve using fallback finder FileFinder('/Users/x/code/musicdoubao/dist/吸气声弱化工具.app/Contents/Frameworks/packaging').
PyiFrozenFinder(/Users/x/code/musicdoubao/dist/吸气声弱化工具.app/Contents/Frameworks/packaging): find_spec: fallback finder returned spec: ModuleSpec(name='packaging._elffile', loader=<_frozen_importlib_external.SourcelessFileLoader object at 0x108682090>, origin='/Users/x/code/musicdoubao/dist/吸气声弱化工具.app/Contents/Frameworks/packaging/_elffile.pyc').
# code object from '/Users/x/code/musicdoubao/dist/吸气声弱化工具.app/Contents/Frameworks/packaging/_elffile.pyc'
import 'packaging._elffile' # <_frozen_importlib_external.SourcelessFileLoader object at 0x108682090>
import 'packaging._manylinux' # <_frozen_importlib_external.SourcelessFileLoader object at 0x1086813d0>
PyiFrozenFinder(/Users/x/code/musicdoubao/dist/吸气声弱化工具.app/Contents/Frameworks/packaging): find_spec: called with fullname='packaging._musllinux', target='packaging._musllinux'
PyiFrozenFinder(/Users/x/code/musicdoubao/dist/吸气声弱化工具.app/Contents/Frameworks/packaging): find_spec: 'packaging._musllinux' not found in PYZ...
PyiFrozenFinder(/Users/x/code/musicdoubao/dist/吸气声弱化工具.app/Contents/Frameworks/packaging): find_spec: attempting resolve using fallback finder FileFinder('/Users/x/code/musicdoubao/dist/吸气声弱化工具.app/Contents/Frameworks/packaging').
PyiFrozenFinder(/Users/x/code/musicdoubao/dist/吸气声弱化工具.app/Contents/Frameworks/packaging): find_spec: fallback finder returned spec: ModuleSpec(name='packaging._musllinux', loader=<_frozen_importlib_external.SourcelessFileLoader object at 0x108682630>, origin='/Users/x/code/musicdoubao/dist/吸气声弱化工具.app/Contents/Frameworks/packaging/_musllinux.pyc').
# code object from '/Users/x/code/musicdoubao/dist/吸气声弱化工具.app/Contents/Frameworks/packaging/_musllinux.pyc'
import 'packaging._musllinux' # <_frozen_importlib_external.SourcelessFileLoader object at 0x108682630>
import 'packaging.tags' # <_frozen_importlib_external.SourcelessFileLoader object at 0x108680e90>
PyiFrozenFinder(/Users/x/code/musicdoubao/dist/吸气声弱化工具.app/Contents/Frameworks/packaging): find_spec: called with fullname='packaging.version', target='packaging.version'
PyiFrozenFinder(/Users/x/code/musicdoubao/dist/吸气声弱化工具.app/Contents/Frameworks/packaging): find_spec: 'packaging.version' not found in PYZ...
PyiFrozenFinder(/Users/x/code/musicdoubao/dist/吸气声弱化工具.app/Contents/Frameworks/packaging): find_spec: attempting resolve using fallback finder FileFinder('/Users/x/code/musicdoubao/dist/吸气声弱化工具.app/Contents/Frameworks/packaging').
PyiFrozenFinder(/Users/x/code/musicdoubao/dist/吸气声弱化工具.app/Contents/Frameworks/packaging): find_spec: fallback finder returned spec: ModuleSpec(name='packaging.version', loader=<_frozen_importlib_external.SourcelessFileLoader object at 0x108681370>, origin='/Users/x/code/musicdoubao/dist/吸气声弱化工具.app/Contents/Frameworks/packaging/version.pyc').
# code object from '/Users/x/code/musicdoubao/dist/吸气声弱化工具.app/Contents/Frameworks/packaging/version.pyc'
PyiFrozenFinder(/Users/x/code/musicdoubao/dist/吸气声弱化工具.app/Contents/Frameworks/packaging): find_spec: called with fullname='packaging._structures', target='packaging._structures'
PyiFrozenFinder(/Users/x/code/musicdoubao/dist/吸气声弱化工具.app/Contents/Frameworks/packaging): find_spec: 'packaging._structures' not found in PYZ...
PyiFrozenFinder(/Users/x/code/musicdoubao/dist/吸气声弱化工具.app/Contents/Frameworks/packaging): find_spec: attempting resolve using fallback finder FileFinder('/Users/x/code/musicdoubao/dist/吸气声弱化工具.app/Contents/Frameworks/packaging').
PyiFrozenFinder(/Users/x/code/musicdoubao/dist/吸气声弱化工具.app/Contents/Frameworks/packaging): find_spec: fallback finder returned spec: ModuleSpec(name='packaging._structures', loader=<_frozen_importlib_external.SourcelessFileLoader object at 0x108683530>, origin='/Users/x/code/musicdoubao/dist/吸气声弱化工具.app/Contents/Frameworks/packaging/_structures.pyc').
# code object from '/Users/x/code/musicdoubao/dist/吸气声弱化工具.app/Contents/Frameworks/packaging/_structures.pyc'
import 'packaging._structures' # <_frozen_importlib_external.SourcelessFileLoader object at 0x108683530>
import 'packaging.version' # <_frozen_importlib_external.SourcelessFileLoader object at 0x108681370>
import 'packaging.utils' # <_frozen_importlib_external.SourcelessFileLoader object at 0x108627ef0>
PyiFrozenFinder(/Users/x/code/musicdoubao/dist/吸气声弱化工具.app/Contents/Frameworks/setuptools/_distutils): find_spec: called with fullname='distutils.fancy_getopt', target='distutils.fancy_getopt'
PyiFrozenFinder(/Users/x/code/musicdoubao/dist/吸气声弱化工具.app/Contents/Frameworks/setuptools/_distutils): find_spec: 'distutils.fancy_getopt' not found in PYZ...
PyiFrozenFinder(/Users/x/code/musicdoubao/dist/吸气声弱化工具.app/Contents/Frameworks/setuptools/_distutils): find_spec: attempting resolve using fallback finder FileFinder('/Users/x/code/musicdoubao/dist/吸气声弱化工具.app/Contents/Frameworks/setuptools/_distutils').
PyiFrozenFinder(/Users/x/code/musicdoubao/dist/吸气声弱化工具.app/Contents/Frameworks/setuptools/_distutils): find_spec: fallback finder returned spec: ModuleSpec(name='distutils.fancy_getopt', loader=<_frozen_importlib_external.SourcelessFileLoader object at 0x108683ad0>, origin='/Users/x/code/musicdoubao/dist/吸气声弱化工具.app/Contents/Frameworks/setuptools/_distutils/fancy_getopt.pyc').
# code object from '/Users/x/code/musicdoubao/dist/吸气声弱化工具.app/Contents/Frameworks/setuptools/_distutils/fancy_getopt.pyc'
PyiFrozenFinder(/Users/x/code/musicdoubao/dist/吸气声弱化工具.app/Contents/Frameworks): find_spec: called with fullname='getopt', target='getopt'
PyiFrozenFinder(/Users/x/code/musicdoubao/dist/吸气声弱化工具.app/Contents/Frameworks): find_spec: 'getopt' not found in PYZ...
PyiFrozenFinder(/Users/x/code/musicdoubao/dist/吸气声弱化工具.app/Contents/Frameworks): find_spec: attempting resolve using fallback finder FileFinder('/Users/x/code/musicdoubao/dist/吸气声弱化工具.app/Contents/Frameworks').
PyiFrozenFinder(/Users/x/code/musicdoubao/dist/吸气声弱化工具.app/Contents/Frameworks): find_spec: fallback finder returned spec: ModuleSpec(name='getopt', loader=<_frozen_importlib_external.SourcelessFileLoader object at 0x108683b30>, origin='/Users/x/code/musicdoubao/dist/吸气声弱化工具.app/Contents/Frameworks/getopt.pyc').
# code object from '/Users/x/code/musicdoubao/dist/吸气声弱化工具.app/Contents/Frameworks/getopt.pyc'
PyiFrozenFinder(/Users/x/code/musicdoubao/dist/吸气声弱化工具.app/Contents/Frameworks): find_spec: called with fullname='gettext', target='gettext'
PyiFrozenFinder(/Users/x/code/musicdoubao/dist/吸气声弱化工具.app/Contents/Frameworks): find_spec: 'gettext' not found in PYZ...
PyiFrozenFinder(/Users/x/code/musicdoubao/dist/吸气声弱化工具.app/Contents/Frameworks): find_spec: attempting resolve using fallback finder FileFinder('/Users/x/code/musicdoubao/dist/吸气声弱化工具.app/Contents/Frameworks').
PyiFrozenFinder(/Users/x/code/musicdoubao/dist/吸气声弱化工具.app/Contents/Frameworks): find_spec: fallback finder returned spec: ModuleSpec(name='gettext', loader=<_frozen_importlib_external.SourcelessFileLoader object at 0x1086839b0>, origin='/Users/x/code/musicdoubao/dist/吸气声弱化工具.app/Contents/Frameworks/gettext.pyc').
# code object from '/Users/x/code/musicdoubao/dist/吸气声弱化工具.app/Contents/Frameworks/gettext.pyc'
import 'gettext' # <_frozen_importlib_external.SourcelessFileLoader object at 0x1086839b0>
import 'getopt' # <_frozen_importlib_external.SourcelessFileLoader object at 0x108683b30>
import 'distutils.fancy_getopt' # <_frozen_importlib_external.SourcelessFileLoader object at 0x108683ad0>
import 'distutils.dist' # <_frozen_importlib_external.SourcelessFileLoader object at 0x108627470>
PyiFrozenFinder(/Users/x/code/musicdoubao/dist/吸气声弱化工具.app/Contents/Frameworks/setuptools/_distutils): find_spec: called with fullname='distutils.extension', target='distutils.extension'
PyiFrozenFinder(/Users/x/code/musicdoubao/dist/吸气声弱化工具.app/Contents/Frameworks/setuptools/_distutils): find_spec: 'distutils.extension' not found in PYZ...
PyiFrozenFinder(/Users/x/code/musicdoubao/dist/吸气声弱化工具.app/Contents/Frameworks/setuptools/_distutils): find_spec: attempting resolve using fallback finder FileFinder('/Users/x/code/musicdoubao/dist/吸气声弱化工具.app/Contents/Frameworks/setuptools/_distutils').
PyiFrozenFinder(/Users/x/code/musicdoubao/dist/吸气声弱化工具.app/Contents/Frameworks/setuptools/_distutils): find_spec: fallback finder returned spec: ModuleSpec(name='distutils.extension', loader=<_frozen_importlib_external.SourcelessFileLoader object at 0x108683d70>, origin='/Users/x/code/musicdoubao/dist/吸气声弱化工具.app/Contents/Frameworks/setuptools/_distutils/extension.pyc').
# code object from '/Users/x/code/musicdoubao/dist/吸气声弱化工具.app/Contents/Frameworks/setuptools/_distutils/extension.pyc'
import 'distutils.extension' # <_frozen_importlib_external.SourcelessFileLoader object at 0x108683d70>
import 'distutils.core' # <_frozen_importlib_external.SourcelessFileLoader object at 0x107a79af0>
import '_distutils_hack.override' # <_frozen_importlib_external.SourcelessFileLoader object at 0x107a3fad0>
PyiFrozenFinder(/Users/x/code/musicdoubao/dist/吸气声弱化工具.app/Contents/Frameworks/setuptools): find_spec: called with fullname='setuptools.logging', target='setuptools.logging'
PyiFrozenFinder(/Users/x/code/musicdoubao/dist/吸气声弱化工具.app/Contents/Frameworks/setuptools): find_spec: 'setuptools.logging' not found in PYZ...
PyiFrozenFinder(/Users/x/code/musicdoubao/dist/吸气声弱化工具.app/Contents/Frameworks/setuptools): find_spec: attempting resolve using fallback finder FileFinder('/Users/x/code/musicdoubao/dist/吸气声弱化工具.app/Contents/Frameworks/setuptools').
PyiFrozenFinder(/Users/x/code/musicdoubao/dist/吸气声弱化工具.app/Contents/Frameworks/setuptools): find_spec: fallback finder returned spec: ModuleSpec(name='setuptools.logging', loader=<_frozen_importlib_external.SourcelessFileLoader object at 0x107a796d0>, origin='/Users/x/code/musicdoubao/dist/吸气声弱化工具.app/Contents/Frameworks/setuptools/logging.pyc').
# code object from '/Users/x/code/musicdoubao/dist/吸气声弱化工具.app/Contents/Frameworks/setuptools/logging.pyc'
PyiFrozenFinder(/Users/x/code/musicdoubao/dist/吸气声弱化工具.app/Contents/Frameworks/setuptools): find_spec: called with fullname='setuptools.monkey', target='setuptools.monkey'
PyiFrozenFinder(/Users/x/code/musicdoubao/dist/吸气声弱化工具.app/Contents/Frameworks/setuptools): find_spec: 'setuptools.monkey' not found in PYZ...
PyiFrozenFinder(/Users/x/code/musicdoubao/dist/吸气声弱化工具.app/Contents/Frameworks/setuptools): find_spec: attempting resolve using fallback finder FileFinder('/Users/x/code/musicdoubao/dist/吸气声弱化工具.app/Contents/Frameworks/setuptools').
PyiFrozenFinder(/Users/x/code/musicdoubao/dist/吸气声弱化工具.app/Contents/Frameworks/setuptools): find_spec: fallback finder returned spec: ModuleSpec(name='setuptools.monkey', loader=<_frozen_importlib_external.SourcelessFileLoader object at 0x1086e4cb0>, origin='/Users/x/code/musicdoubao/dist/吸气声弱化工具.app/Contents/Frameworks/setuptools/monkey.pyc').
# code object from '/Users/x/code/musicdoubao/dist/吸气声弱化工具.app/Contents/Frameworks/setuptools/monkey.pyc'
PyiFrozenFinder(/Users/x/code/musicdoubao/dist/吸气声弱化工具.app/Contents/Frameworks/setuptools/_distutils): find_spec: called with fullname='distutils.filelist', target='distutils.filelist'
PyiFrozenFinder(/Users/x/code/musicdoubao/dist/吸气声弱化工具.app/Contents/Frameworks/setuptools/_distutils): find_spec: 'distutils.filelist' not found in PYZ...
PyiFrozenFinder(/Users/x/code/musicdoubao/dist/吸气声弱化工具.app/Contents/Frameworks/setuptools/_distutils): find_spec: attempting resolve using fallback finder FileFinder('/Users/x/code/musicdoubao/dist/吸气声弱化工具.app/Contents/Frameworks/setuptools/_distutils').
PyiFrozenFinder(/Users/x/code/musicdoubao/dist/吸气声弱化工具.app/Contents/Frameworks/setuptools/_distutils): find_spec: fallback finder returned spec: ModuleSpec(name='distutils.filelist', loader=<_frozen_importlib_external.SourcelessFileLoader object at 0x1086e5250>, origin='/Users/x/code/musicdoubao/dist/吸气声弱化工具.app/Contents/Frameworks/setuptools/_distutils/filelist.pyc').
# code object from '/Users/x/code/musicdoubao/dist/吸气声弱化工具.app/Contents/Frameworks/setuptools/_distutils/filelist.pyc'
import 'distutils.filelist' # <_frozen_importlib_external.SourcelessFileLoader object at 0x1086e5250>
import 'setuptools.monkey' # <_frozen_importlib_external.SourcelessFileLoader object at 0x1086e4cb0>
PyiFrozenFinder(/Users/x/code/musicdoubao/dist/吸气声弱化工具.app/Contents/Frameworks/setuptools/_distutils): find_spec: called with fullname='distutils.log', target='distutils.log'
PyiFrozenFinder(/Users/x/code/musicdoubao/dist/吸气声弱化工具.app/Contents/Frameworks/setuptools/_distutils): find_spec: 'distutils.log' not found in PYZ...
PyiFrozenFinder(/Users/x/code/musicdoubao/dist/吸气声弱化工具.app/Contents/Frameworks/setuptools/_distutils): find_spec: attempting resolve using fallback finder FileFinder('/Users/x/code/musicdoubao/dist/吸气声弱化工具.app/Contents/Frameworks/setuptools/_distutils').
PyiFrozenFinder(/Users/x/code/musicdoubao/dist/吸气声弱化工具.app/Contents/Frameworks/setuptools/_distutils): find_spec: fallback finder returned spec: ModuleSpec(name='distutils.log', loader=<_frozen_importlib_external.SourcelessFileLoader object at 0x1086e51f0>, origin='/Users/x/code/musicdoubao/dist/吸气声弱化工具.app/Contents/Frameworks/setuptools/_distutils/log.pyc').
# code object from '/Users/x/code/musicdoubao/dist/吸气声弱化工具.app/Contents/Frameworks/setuptools/_distutils/log.pyc'
import 'distutils.log' # <_frozen_importlib_external.SourcelessFileLoader object at 0x1086e51f0>
import 'setuptools.logging' # <_frozen_importlib_external.SourcelessFileLoader object at 0x107a796d0>
PyiFrozenFinder(/Users/x/code/musicdoubao/dist/吸气声弱化工具.app/Contents/Frameworks/setuptools): find_spec: called with fullname='setuptools.depends', target='setuptools.depends'
PyiFrozenFinder(/Users/x/code/musicdoubao/dist/吸气声弱化工具.app/Contents/Frameworks/setuptools): find_spec: 'setuptools.depends' not found in PYZ...
PyiFrozenFinder(/Users/x/code/musicdoubao/dist/吸气声弱化工具.app/Contents/Frameworks/setuptools): find_spec: attempting resolve using fallback finder FileFinder('/Users/x/code/musicdoubao/dist/吸气声弱化工具.app/Contents/Frameworks/setuptools').
PyiFrozenFinder(/Users/x/code/musicdoubao/dist/吸气声弱化工具.app/Contents/Frameworks/setuptools): find_spec: fallback finder returned spec: ModuleSpec(name='setuptools.depends', loader=<_frozen_importlib_external.SourcelessFileLoader object at 0x107a7a570>, origin='/Users/x/code/musicdoubao/dist/吸气声弱化工具.app/Contents/Frameworks/setuptools/depends.pyc').
# code object from '/Users/x/code/musicdoubao/dist/吸气声弱化工具.app/Contents/Frameworks/setuptools/depends.pyc'
PyiFrozenFinder(/Users/x/code/musicdoubao/dist/吸气声弱化工具.app/Contents/Frameworks/setuptools): find_spec: called with fullname='setuptools._imp', target='setuptools._imp'
PyiFrozenFinder(/Users/x/code/musicdoubao/dist/吸气声弱化工具.app/Contents/Frameworks/setuptools): find_spec: 'setuptools._imp' not found in PYZ...
PyiFrozenFinder(/Users/x/code/musicdoubao/dist/吸气声弱化工具.app/Contents/Frameworks/setuptools): find_spec: attempting resolve using fallback finder FileFinder('/Users/x/code/musicdoubao/dist/吸气声弱化工具.app/Contents/Frameworks/setuptools').
PyiFrozenFinder(/Users/x/code/musicdoubao/dist/吸气声弱化工具.app/Contents/Frameworks/setuptools): find_spec: fallback finder returned spec: ModuleSpec(name='setuptools._imp', loader=<_frozen_importlib_external.SourcelessFileLoader object at 0x1086e6210>, origin='/Users/x/code/musicdoubao/dist/吸气声弱化工具.app/Contents/Frameworks/setuptools/_imp.pyc').
# code object from '/Users/x/code/musicdoubao/dist/吸气声弱化工具.app/Contents/Frameworks/setuptools/_imp.pyc'
import 'setuptools._imp' # <_frozen_importlib_external.SourcelessFileLoader object at 0x1086e6210>
import 'setuptools.depends' # <_frozen_importlib_external.SourcelessFileLoader object at 0x107a7a570>
PyiFrozenFinder(/Users/x/code/musicdoubao/dist/吸气声弱化工具.app/Contents/Frameworks/setuptools): find_spec: called with fullname='setuptools.discovery', target='setuptools.discovery'
PyiFrozenFinder(/Users/x/code/musicdoubao/dist/吸气声弱化工具.app/Contents/Frameworks/setuptools): find_spec: 'setuptools.discovery' not found in PYZ...
PyiFrozenFinder(/Users/x/code/musicdoubao/dist/吸气声弱化工具.app/Contents/Frameworks/setuptools): find_spec: attempting resolve using fallback finder FileFinder('/Users/x/code/musicdoubao/dist/吸气声弱化工具.app/Contents/Frameworks/setuptools').
PyiFrozenFinder(/Users/x/code/musicdoubao/dist/吸气声弱化工具.app/Contents/Frameworks/setuptools): find_spec: fallback finder returned spec: ModuleSpec(name='setuptools.discovery', loader=<_frozen_importlib_external.SourcelessFileLoader object at 0x1086e61b0>, origin='/Users/x/code/musicdoubao/dist/吸气声弱化工具.app/Contents/Frameworks/setuptools/discovery.pyc').
# code object from '/Users/x/code/musicdoubao/dist/吸气声弱化工具.app/Contents/Frameworks/setuptools/discovery.pyc'
PyiFrozenFinder(/Users/x/code/musicdoubao/dist/吸气声弱化工具.app/Contents/Frameworks/setuptools): find_spec: called with fullname='setuptools._path', target='setuptools._path'
PyiFrozenFinder(/Users/x/code/musicdoubao/dist/吸气声弱化工具.app/Contents/Frameworks/setuptools): find_spec: 'setuptools._path' not found in PYZ...
PyiFrozenFinder(/Users/x/code/musicdoubao/dist/吸气声弱化工具.app/Contents/Frameworks/setuptools): find_spec: attempting resolve using fallback finder FileFinder('/Users/x/code/musicdoubao/dist/吸气声弱化工具.app/Contents/Frameworks/setuptools').
PyiFrozenFinder(/Users/x/code/musicdoubao/dist/吸气声弱化工具.app/Contents/Frameworks/setuptools): find_spec: fallback finder returned spec: ModuleSpec(name='setuptools._path', loader=<_frozen_importlib_external.SourcelessFileLoader object at 0x1086e6450>, origin='/Users/x/code/musicdoubao/dist/吸气声弱化工具.app/Contents/Frameworks/setuptools/_path.pyc').
# code object from '/Users/x/code/musicdoubao/dist/吸气声弱化工具.app/Contents/Frameworks/setuptools/_path.pyc'
import 'setuptools._path' # <_frozen_importlib_external.SourcelessFileLoader object at 0x1086e6450>
import 'setuptools.discovery' # <_frozen_importlib_external.SourcelessFileLoader object at 0x1086e61b0>
PyiFrozenFinder(/Users/x/code/musicdoubao/dist/吸气声弱化工具.app/Contents/Frameworks/setuptools): find_spec: called with fullname='setuptools.dist', target='setuptools.dist'
PyiFrozenFinder(/Users/x/code/musicdoubao/dist/吸气声弱化工具.app/Contents/Frameworks/setuptools): find_spec: 'setuptools.dist' not found in PYZ...
PyiFrozenFinder(/Users/x/code/musicdoubao/dist/吸气声弱化工具.app/Contents/Frameworks/setuptools): find_spec: attempting resolve using fallback finder FileFinder('/Users/x/code/musicdoubao/dist/吸气声弱化工具.app/Contents/Frameworks/setuptools').
PyiFrozenFinder(/Users/x/code/musicdoubao/dist/吸气声弱化工具.app/Contents/Frameworks/setuptools): find_spec: fallback finder returned spec: ModuleSpec(name='setuptools.dist', loader=<_frozen_importlib_external.SourcelessFileLoader object at 0x1086e6690>, origin='/Users/x/code/musicdoubao/dist/吸气声弱化工具.app/Contents/Frameworks/setuptools/dist.pyc').
# code object from '/Users/x/code/musicdoubao/dist/吸气声弱化工具.app/Contents/Frameworks/setuptools/dist.pyc'
PyiFrozenFinder(/Users/x/code/musicdoubao/dist/吸气声弱化工具.app/Contents/Frameworks): find_spec: called with fullname='numbers', target='numbers'
PyiFrozenFinder(/Users/x/code/musicdoubao/dist/吸气声弱化工具.app/Contents/Frameworks): find_spec: 'numbers' not found in PYZ...
PyiFrozenFinder(/Users/x/code/musicdoubao/dist/吸气声弱化工具.app/Contents/Frameworks): find_spec: attempting resolve using fallback finder FileFinder('/Users/x/code/musicdoubao/dist/吸气声弱化工具.app/Contents/Frameworks').
PyiFrozenFinder(/Users/x/code/musicdoubao/dist/吸气声弱化工具.app/Contents/Frameworks): find_spec: fallback finder returned spec: ModuleSpec(name='numbers', loader=<_frozen_importlib_external.SourcelessFileLoader object at 0x1087351f0>, origin='/Users/x/code/musicdoubao/dist/吸气声弱化工具.app/Contents/Frameworks/numbers.pyc').
# code object from '/Users/x/code/musicdoubao/dist/吸气声弱化工具.app/Contents/Frameworks/numbers.pyc'
import 'numbers' # <_frozen_importlib_external.SourcelessFileLoader object at 0x1087351f0>
PyiFrozenFinder(/Users/x/code/musicdoubao/dist/吸气声弱化工具.app/Contents/Frameworks/packaging): find_spec: called with fullname='packaging.markers', target='packaging.markers'
PyiFrozenFinder(/Users/x/code/musicdoubao/dist/吸气声弱化工具.app/Contents/Frameworks/packaging): find_spec: 'packaging.markers' not found in PYZ...
PyiFrozenFinder(/Users/x/code/musicdoubao/dist/吸气声弱化工具.app/Contents/Frameworks/packaging): find_spec: attempting resolve using fallback finder FileFinder('/Users/x/code/musicdoubao/dist/吸气声弱化工具.app/Contents/Frameworks/packaging').
PyiFrozenFinder(/Users/x/code/musicdoubao/dist/吸气声弱化工具.app/Contents/Frameworks/packaging): find_spec: fallback finder returned spec: ModuleSpec(name='packaging.markers', loader=<_frozen_importlib_external.SourcelessFileLoader object at 0x108735790>, origin='/Users/x/code/musicdoubao/dist/吸气声弱化工具.app/Contents/Frameworks/packaging/markers.pyc').
# code object from '/Users/x/code/musicdoubao/dist/吸气声弱化工具.app/Contents/Frameworks/packaging/markers.pyc'
PyiFrozenFinder(/Users/x/code/musicdoubao/dist/吸气声弱化工具.app/Contents/Frameworks/packaging): find_spec: called with fullname='packaging._parser', target='packaging._parser'
PyiFrozenFinder(/Users/x/code/musicdoubao/dist/吸气声弱化工具.app/Contents/Frameworks/packaging): find_spec: 'packaging._parser' not found in PYZ...
PyiFrozenFinder(/Users/x/code/musicdoubao/dist/吸气声弱化工具.app/Contents/Frameworks/packaging): find_spec: attempting resolve using fallback finder FileFinder('/Users/x/code/musicdoubao/dist/吸气声弱化工具.app/Contents/Frameworks/packaging').
PyiFrozenFinder(/Users/x/code/musicdoubao/dist/吸气声弱化工具.app/Contents/Frameworks/packaging): find_spec: fallback finder returned spec: ModuleSpec(name='packaging._parser', loader=<_frozen_importlib_external.SourcelessFileLoader object at 0x108735af0>, origin='/Users/x/code/musicdoubao/dist/吸气声弱化工具.app/Contents/Frameworks/packaging/_parser.pyc').
# code object from '/Users/x/code/musicdoubao/dist/吸气声弱化工具.app/Contents/Frameworks/packaging/_parser.pyc'
PyiFrozenFinder(/Users/x/code/musicdoubao/dist/吸气声弱化工具.app/Contents/Frameworks/packaging): find_spec: called with fullname='packaging._tokenizer', target='packaging._tokenizer'
PyiFrozenFinder(/Users/x/code/musicdoubao/dist/吸气声弱化工具.app/Contents/Frameworks/packaging): find_spec: 'packaging._tokenizer' not found in PYZ...
PyiFrozenFinder(/Users/x/code/musicdoubao/dist/吸气声弱化工具.app/Contents/Frameworks/packaging): find_spec: attempting resolve using fallback finder FileFinder('/Users/x/code/musicdoubao/dist/吸气声弱化工具.app/Contents/Frameworks/packaging').
PyiFrozenFinder(/Users/x/code/musicdoubao/dist/吸气声弱化工具.app/Contents/Frameworks/packaging): find_spec: fallback finder returned spec: ModuleSpec(name='packaging._tokenizer', loader=<_frozen_importlib_external.SourcelessFileLoader object at 0x108736750>, origin='/Users/x/code/musicdoubao/dist/吸气声弱化工具.app/Contents/Frameworks/packaging/_tokenizer.pyc').
# code object from '/Users/x/code/musicdoubao/dist/吸气声弱化工具.app/Contents/Frameworks/packaging/_tokenizer.pyc'
PyiFrozenFinder(/Users/x/code/musicdoubao/dist/吸气声弱化工具.app/Contents/Frameworks/packaging): find_spec: called with fullname='packaging.specifiers', target='packaging.specifiers'
PyiFrozenFinder(/Users/x/code/musicdoubao/dist/吸气声弱化工具.app/Contents/Frameworks/packaging): find_spec: 'packaging.specifiers' not found in PYZ...
PyiFrozenFinder(/Users/x/code/musicdoubao/dist/吸气声弱化工具.app/Contents/Frameworks/packaging): find_spec: attempting resolve using fallback finder FileFinder('/Users/x/code/musicdoubao/dist/吸气声弱化工具.app/Contents/Frameworks/packaging').
PyiFrozenFinder(/Users/x/code/musicdoubao/dist/吸气声弱化工具.app/Contents/Frameworks/packaging): find_spec: fallback finder returned spec: ModuleSpec(name='packaging.specifiers', loader=<_frozen_importlib_external.SourcelessFileLoader object at 0x108736d50>, origin='/Users/x/code/musicdoubao/dist/吸气声弱化工具.app/Contents/Frameworks/packaging/specifiers.pyc').
# code object from '/Users/x/code/musicdoubao/dist/吸气声弱化工具.app/Contents/Frameworks/packaging/specifiers.pyc'
import 'packaging.specifiers' # <_frozen_importlib_external.SourcelessFileLoader object at 0x108736d50>
import 'packaging._tokenizer' # <_frozen_importlib_external.SourcelessFileLoader object at 0x108736750>
import 'packaging._parser' # <_frozen_importlib_external.SourcelessFileLoader object at 0x108735af0>
import 'packaging.markers' # <_frozen_importlib_external.SourcelessFileLoader object at 0x108735790>
PyiFrozenFinder(/Users/x/code/musicdoubao/dist/吸气声弱化工具.app/Contents/Frameworks/setuptools): find_spec: called with fullname='setuptools._entry_points', target='setuptools._entry_points'
PyiFrozenFinder(/Users/x/code/musicdoubao/dist/吸气声弱化工具.app/Contents/Frameworks/setuptools): find_spec: 'setuptools._entry_points' not found in PYZ...
PyiFrozenFinder(/Users/x/code/musicdoubao/dist/吸气声弱化工具.app/Contents/Frameworks/setuptools): find_spec: attempting resolve using fallback finder FileFinder('/Users/x/code/musicdoubao/dist/吸气声弱化工具.app/Contents/Frameworks/setuptools').
PyiFrozenFinder(/Users/x/code/musicdoubao/dist/吸气声弱化工具.app/Contents/Frameworks/setuptools): find_spec: fallback finder returned spec: ModuleSpec(name='setuptools._entry_points', loader=<_frozen_importlib_external.SourcelessFileLoader object at 0x108737d10>, origin='/Users/x/code/musicdoubao/dist/吸气声弱化工具.app/Contents/Frameworks/setuptools/_entry_points.pyc').
# code object from '/Users/x/code/musicdoubao/dist/吸气声弱化工具.app/Contents/Frameworks/setuptools/_entry_points.pyc'
PyiFrozenFinder(/Users/x/code/musicdoubao/dist/吸气声弱化工具.app/Contents/Frameworks/setuptools/_vendor/jaraco): find_spec: called with fullname='jaraco.text', target='jaraco.text'
PyiFrozenFinder(/Users/x/code/musicdoubao/dist/吸气声弱化工具.app/Contents/Frameworks/setuptools/_vendor/jaraco): find_spec: 'jaraco.text' not found in PYZ...
PyiFrozenFinder(/Users/x/code/musicdoubao/dist/吸气声弱化工具.app/Contents/Frameworks/setuptools/_vendor/jaraco): find_spec: attempting resolve using fallback finder FileFinder('/Users/x/code/musicdoubao/dist/吸气声弱化工具.app/Contents/Frameworks/setuptools/_vendor/jaraco').
PyiFrozenFinder(/Users/x/code/musicdoubao/dist/吸气声弱化工具.app/Contents/Frameworks/setuptools/_vendor/jaraco): find_spec: fallback finder returned spec: ModuleSpec(name='jaraco.text', loader=<_frozen_importlib_external.SourcelessFileLoader object at 0x10878c9b0>, origin='/Users/x/code/musicdoubao/dist/吸气声弱化工具.app/Contents/Frameworks/setuptools/_vendor/jaraco/text/__init__.pyc', submodule_search_locations=['/Users/x/code/musicdoubao/dist/吸气声弱化工具.app/Contents/Frameworks/setuptools/_vendor/jaraco/text']).
# code object from '/Users/x/code/musicdoubao/dist/吸气声弱化工具.app/Contents/Frameworks/setuptools/_vendor/jaraco/text/__init__.pyc'
PyiFrozenFinder(/Users/x/code/musicdoubao/dist/吸气声弱化工具.app/Contents/Frameworks/importlib): find_spec: called with fullname='importlib.resources', target='importlib.resources'
PyiFrozenFinder(/Users/x/code/musicdoubao/dist/吸气声弱化工具.app/Contents/Frameworks/importlib): find_spec: 'importlib.resources' not found in PYZ...
PyiFrozenFinder(/Users/x/code/musicdoubao/dist/吸气声弱化工具.app/Contents/Frameworks/importlib): find_spec: attempting resolve using fallback finder FileFinder('/Users/x/code/musicdoubao/dist/吸气声弱化工具.app/Contents/Frameworks/importlib').
PyiFrozenFinder(/Users/x/code/musicdoubao/dist/吸气声弱化工具.app/Contents/Frameworks/importlib): find_spec: fallback finder returned spec: ModuleSpec(name='importlib.resources', loader=<_frozen_importlib_external.SourcelessFileLoader object at 0x10878c7d0>, origin='/Users/x/code/musicdoubao/dist/吸气声弱化工具.app/Contents/Frameworks/importlib/resources/__init__.pyc', submodule_search_locations=['/Users/x/code/musicdoubao/dist/吸气声弱化工具.app/Contents/Frameworks/importlib/resources']).
# code object from '/Users/x/code/musicdoubao/dist/吸气声弱化工具.app/Contents/Frameworks/importlib/resources/__init__.pyc'
PyInstaller: running path finder hook for path: '/Users/x/code/musicdoubao/dist/吸气声弱化工具.app/Contents/Frameworks/importlib/resources'
PyInstaller: hook succeeded
PyiFrozenFinder(/Users/x/code/musicdoubao/dist/吸气声弱化工具.app/Contents/Frameworks/importlib/resources): find_spec: called with fullname='importlib.resources._common', target='importlib.resources._common'
PyiFrozenFinder(/Users/x/code/musicdoubao/dist/吸气声弱化工具.app/Contents/Frameworks/importlib/resources): find_spec: 'importlib.resources._common' not found in PYZ...
PyiFrozenFinder(/Users/x/code/musicdoubao/dist/吸气声弱化工具.app/Contents/Frameworks/importlib/resources): find_spec: attempting resolve using fallback finder FileFinder('/Users/x/code/musicdoubao/dist/吸气声弱化工具.app/Contents/Frameworks/importlib/resources').
PyiFrozenFinder(/Users/x/code/musicdoubao/dist/吸气声弱化工具.app/Contents/Frameworks/importlib/resources): find_spec: fallback finder returned spec: ModuleSpec(name='importlib.resources._common', loader=<_frozen_importlib_external.SourcelessFileLoader object at 0x10878c890>, origin='/Users/x/code/musicdoubao/dist/吸气声弱化工具.app/Contents/Frameworks/importlib/resources/_common.pyc').
# code object from '/Users/x/code/musicdoubao/dist/吸气声弱化工具.app/Contents/Frameworks/importlib/resources/_common.pyc'
PyiFrozenFinder(/Users/x/code/musicdoubao/dist/吸气声弱化工具.app/Contents/Frameworks/importlib/resources): find_spec: called with fullname='importlib.resources.abc', target='importlib.resources.abc'
PyiFrozenFinder(/Users/x/code/musicdoubao/dist/吸气声弱化工具.app/Contents/Frameworks/importlib/resources): find_spec: 'importlib.resources.abc' not found in PYZ...
PyiFrozenFinder(/Users/x/code/musicdoubao/dist/吸气声弱化工具.app/Contents/Frameworks/importlib/resources): find_spec: attempting resolve using fallback finder FileFinder('/Users/x/code/musicdoubao/dist/吸气声弱化工具.app/Contents/Frameworks/importlib/resources').
PyiFrozenFinder(/Users/x/code/musicdoubao/dist/吸气声弱化工具.app/Contents/Frameworks/importlib/resources): find_spec: fallback finder returned spec: ModuleSpec(name='importlib.resources.abc', loader=<_frozen_importlib_external.SourcelessFileLoader object at 0x10878d1f0>, origin='/Users/x/code/musicdoubao/dist/吸气声弱化工具.app/Contents/Frameworks/importlib/resources/abc.pyc').
# code object from '/Users/x/code/musicdoubao/dist/吸气声弱化工具.app/Contents/Frameworks/importlib/resources/abc.pyc'
import 'importlib.resources.abc' # <_frozen_importlib_external.SourcelessFileLoader object at 0x10878d1f0>
import 'importlib.resources._common' # <_frozen_importlib_external.SourcelessFileLoader object at 0x10878c890>
PyiFrozenFinder(/Users/x/code/musicdoubao/dist/吸气声弱化工具.app/Contents/Frameworks/importlib/resources): find_spec: called with fullname='importlib.resources._functional', target='importlib.resources._functional'
PyiFrozenFinder(/Users/x/code/musicdoubao/dist/吸气声弱化工具.app/Contents/Frameworks/importlib/resources): find_spec: 'importlib.resources._functional' not found in PYZ...
PyiFrozenFinder(/Users/x/code/musicdoubao/dist/吸气声弱化工具.app/Contents/Frameworks/importlib/resources): find_spec: attempting resolve using fallback finder FileFinder('/Users/x/code/musicdoubao/dist/吸气声弱化工具.app/Contents/Frameworks/importlib/resources').
PyiFrozenFinder(/Users/x/code/musicdoubao/dist/吸气声弱化工具.app/Contents/Frameworks/importlib/resources): find_spec: fallback finder returned spec: ModuleSpec(name='importlib.resources._functional', loader=<_frozen_importlib_external.SourcelessFileLoader object at 0x10878d550>, origin='/Users/x/code/musicdoubao/dist/吸气声弱化工具.app/Contents/Frameworks/importlib/resources/_functional.pyc').
# code object from '/Users/x/code/musicdoubao/dist/吸气声弱化工具.app/Contents/Frameworks/importlib/resources/_functional.pyc'
import 'importlib.resources._functional' # <_frozen_importlib_external.SourcelessFileLoader object at 0x10878d550>
import 'importlib.resources' # <_frozen_importlib_external.SourcelessFileLoader object at 0x10878c7d0>
PyiFrozenFinder(/Users/x/code/musicdoubao/dist/吸气声弱化工具.app/Contents/Frameworks/setuptools/_vendor/jaraco): find_spec: called with fullname='jaraco.context', target='jaraco.context'
PyiFrozenFinder(/Users/x/code/musicdoubao/dist/吸气声弱化工具.app/Contents/Frameworks/setuptools/_vendor/jaraco): find_spec: 'jaraco.context' not found in PYZ...
PyiFrozenFinder(/Users/x/code/musicdoubao/dist/吸气声弱化工具.app/Contents/Frameworks/setuptools/_vendor/jaraco): find_spec: attempting resolve using fallback finder FileFinder('/Users/x/code/musicdoubao/dist/吸气声弱化工具.app/Contents/Frameworks/setuptools/_vendor/jaraco').
PyiFrozenFinder(/Users/x/code/musicdoubao/dist/吸气声弱化工具.app/Contents/Frameworks/setuptools/_vendor/jaraco): find_spec: fallback finder returned spec: ModuleSpec(name='jaraco.context', loader=<_frozen_importlib_external.SourcelessFileLoader object at 0x10878d6d0>, origin='/Users/x/code/musicdoubao/dist/吸气声弱化工具.app/Contents/Frameworks/setuptools/_vendor/jaraco/context/__init__.pyc', submodule_search_locations=['/Users/x/code/musicdoubao/dist/吸气声弱化工具.app/Contents/Frameworks/setuptools/_vendor/jaraco/context']).
# code object from '/Users/x/code/musicdoubao/dist/吸气声弱化工具.app/Contents/Frameworks/setuptools/_vendor/jaraco/context/__init__.pyc'
PyiFrozenFinder(/Users/x/code/musicdoubao/dist/吸气声弱化工具.app/Contents/Frameworks): find_spec: called with fullname='urllib', target='urllib'
PyiFrozenFinder(/Users/x/code/musicdoubao/dist/吸气声弱化工具.app/Contents/Frameworks): find_spec: 'urllib' not found in PYZ...
PyiFrozenFinder(/Users/x/code/musicdoubao/dist/吸气声弱化工具.app/Contents/Frameworks): find_spec: attempting resolve using fallback finder FileFinder('/Users/x/code/musicdoubao/dist/吸气声弱化工具.app/Contents/Frameworks').
PyiFrozenFinder(/Users/x/code/musicdoubao/dist/吸气声弱化工具.app/Contents/Frameworks): find_spec: fallback finder returned spec: ModuleSpec(name='urllib', loader=<_frozen_importlib_external.SourcelessFileLoader object at 0x10878e2d0>, origin='/Users/x/code/musicdoubao/dist/吸气声弱化工具.app/Contents/Frameworks/urllib/__init__.pyc', submodule_search_locations=['/Users/x/code/musicdoubao/dist/吸气声弱化工具.app/Contents/Frameworks/urllib']).
# code object from '/Users/x/code/musicdoubao/dist/吸气声弱化工具.app/Contents/Frameworks/urllib/__init__.pyc'
import 'urllib' # <_frozen_importlib_external.SourcelessFileLoader object at 0x10878e2d0>
PyInstaller: running path finder hook for path: '/Users/x/code/musicdoubao/dist/吸气声弱化工具.app/Contents/Frameworks/urllib'
PyInstaller: hook succeeded
PyiFrozenFinder(/Users/x/code/musicdoubao/dist/吸气声弱化工具.app/Contents/Frameworks/urllib): find_spec: called with fullname='urllib.request', target='urllib.request'
PyiFrozenFinder(/Users/x/code/musicdoubao/dist/吸气声弱化工具.app/Contents/Frameworks/urllib): find_spec: 'urllib.request' not found in PYZ...
PyiFrozenFinder(/Users/x/code/musicdoubao/dist/吸气声弱化工具.app/Contents/Frameworks/urllib): find_spec: attempting resolve using fallback finder FileFinder('/Users/x/code/musicdoubao/dist/吸气声弱化工具.app/Contents/Frameworks/urllib').
PyiFrozenFinder(/Users/x/code/musicdoubao/dist/吸气声弱化工具.app/Contents/Frameworks/urllib): find_spec: fallback finder returned spec: ModuleSpec(name='urllib.request', loader=<_frozen_importlib_external.SourcelessFileLoader object at 0x10878e270>, origin='/Users/x/code/musicdoubao/dist/吸气声弱化工具.app/Contents/Frameworks/urllib/request.pyc').
# code object from '/Users/x/code/musicdoubao/dist/吸气声弱化工具.app/Contents/Frameworks/urllib/request.pyc'
PyiFrozenFinder(/Users/x/code/musicdoubao/dist/吸气声弱化工具.app/Contents/Frameworks): find_spec: called with fullname='base64', target='base64'
PyiFrozenFinder(/Users/x/code/musicdoubao/dist/吸气声弱化工具.app/Contents/Frameworks): find_spec: 'base64' not found in PYZ...
PyiFrozenFinder(/Users/x/code/musicdoubao/dist/吸气声弱化工具.app/Contents/Frameworks): find_spec: attempting resolve using fallback finder FileFinder('/Users/x/code/musicdoubao/dist/吸气声弱化工具.app/Contents/Frameworks').
PyiFrozenFinder(/Users/x/code/musicdoubao/dist/吸气声弱化工具.app/Contents/Frameworks): find_spec: fallback finder returned spec: ModuleSpec(name='base64', loader=<_frozen_importlib_external.SourcelessFileLoader object at 0x10878e930>, origin='/Users/x/code/musicdoubao/dist/吸气声弱化工具.app/Contents/Frameworks/base64.pyc').
# code object from '/Users/x/code/musicdoubao/dist/吸气声弱化工具.app/Contents/Frameworks/base64.pyc'
import 'base64' # <_frozen_importlib_external.SourcelessFileLoader object at 0x10878e930>
PyiFrozenFinder(/Users/x/code/musicdoubao/dist/吸气声弱化工具.app/Contents/Frameworks): find_spec: called with fullname='hashlib', target='hashlib'
PyiFrozenFinder(/Users/x/code/musicdoubao/dist/吸气声弱化工具.app/Contents/Frameworks): find_spec: 'hashlib' not found in PYZ...
PyiFrozenFinder(/Users/x/code/musicdoubao/dist/吸气声弱化工具.app/Contents/Frameworks): find_spec: attempting resolve using fallback finder FileFinder('/Users/x/code/musicdoubao/dist/吸气声弱化工具.app/Contents/Frameworks').
PyiFrozenFinder(/Users/x/code/musicdoubao/dist/吸气声弱化工具.app/Contents/Frameworks): find_spec: fallback finder returned spec: ModuleSpec(name='hashlib', loader=<_frozen_importlib_external.SourcelessFileLoader object at 0x10878e7b0>, origin='/Users/x/code/musicdoubao/dist/吸气声弱化工具.app/Contents/Frameworks/hashlib.pyc').
# code object from '/Users/x/code/musicdoubao/dist/吸气声弱化工具.app/Contents/Frameworks/hashlib.pyc'
# extension module '_hashlib' loaded from '/Users/x/code/musicdoubao/dist/吸气声弱化工具.app/Contents/Frameworks/python3.14/lib-dynload/_hashlib.cpython-314-darwin.so'
# extension module '_hashlib' executed from '/Users/x/code/musicdoubao/dist/吸气声弱化工具.app/Contents/Frameworks/python3.14/lib-dynload/_hashlib.cpython-314-darwin.so'
import '_hashlib' # <_frozen_importlib_external.ExtensionFileLoader object at 0x10872ff70>
# extension module '_blake2' loaded from '/Users/x/code/musicdoubao/dist/吸气声弱化工具.app/Contents/Frameworks/python3.14/lib-dynload/_blake2.cpython-314-darwin.so'
# extension module '_blake2' executed from '/Users/x/code/musicdoubao/dist/吸气声弱化工具.app/Contents/Frameworks/python3.14/lib-dynload/_blake2.cpython-314-darwin.so'
import '_blake2' # <_frozen_importlib_external.ExtensionFileLoader object at 0x108804190>
import 'hashlib' # <_frozen_importlib_external.SourcelessFileLoader object at 0x10878e7b0>
PyiFrozenFinder(/Users/x/code/musicdoubao/dist/吸气声弱化工具.app/Contents/Frameworks): find_spec: called with fullname='http', target='http'
PyiFrozenFinder(/Users/x/code/musicdoubao/dist/吸气声弱化工具.app/Contents/Frameworks): find_spec: 'http' not found in PYZ...
PyiFrozenFinder(/Users/x/code/musicdoubao/dist/吸气声弱化工具.app/Contents/Frameworks): find_spec: attempting resolve using fallback finder FileFinder('/Users/x/code/musicdoubao/dist/吸气声弱化工具.app/Contents/Frameworks').
PyiFrozenFinder(/Users/x/code/musicdoubao/dist/吸气声弱化工具.app/Contents/Frameworks): find_spec: fallback finder returned spec: ModuleSpec(name='http', loader=<_frozen_importlib_external.SourcelessFileLoader object at 0x1087e92b0>, origin='/Users/x/code/musicdoubao/dist/吸气声弱化工具.app/Contents/Frameworks/http/__init__.pyc', submodule_search_locations=['/Users/x/code/musicdoubao/dist/吸气声弱化工具.app/Contents/Frameworks/http']).
# code object from '/Users/x/code/musicdoubao/dist/吸气声弱化工具.app/Contents/Frameworks/http/__init__.pyc'
import 'http' # <_frozen_importlib_external.SourcelessFileLoader object at 0x1087e92b0>
PyInstaller: running path finder hook for path: '/Users/x/code/musicdoubao/dist/吸气声弱化工具.app/Contents/Frameworks/http'
PyInstaller: hook succeeded
PyiFrozenFinder(/Users/x/code/musicdoubao/dist/吸气声弱化工具.app/Contents/Frameworks/http): find_spec: called with fullname='http.client', target='http.client'
PyiFrozenFinder(/Users/x/code/musicdoubao/dist/吸气声弱化工具.app/Contents/Frameworks/http): find_spec: 'http.client' not found in PYZ...
PyiFrozenFinder(/Users/x/code/musicdoubao/dist/吸气声弱化工具.app/Contents/Frameworks/http): find_spec: attempting resolve using fallback finder FileFinder('/Users/x/code/musicdoubao/dist/吸气声弱化工具.app/Contents/Frameworks/http').
PyiFrozenFinder(/Users/x/code/musicdoubao/dist/吸气声弱化工具.app/Contents/Frameworks/http): find_spec: fallback finder returned spec: ModuleSpec(name='http.client', loader=<_frozen_importlib_external.SourcelessFileLoader object at 0x1087e91f0>, origin='/Users/x/code/musicdoubao/dist/吸气声弱化工具.app/Contents/Frameworks/http/client.pyc').
# code object from '/Users/x/code/musicdoubao/dist/吸气声弱化工具.app/Contents/Frameworks/http/client.pyc'
PyInstaller: running path finder hook for path: '/Users/x/code/musicdoubao/dist/吸气声弱化工具.app/Contents/Frameworks/email'
PyInstaller: hook succeeded
PyiFrozenFinder(/Users/x/code/musicdoubao/dist/吸气声弱化工具.app/Contents/Frameworks/email): find_spec: called with fullname='email.parser', target='email.parser'
PyiFrozenFinder(/Users/x/code/musicdoubao/dist/吸气声弱化工具.app/Contents/Frameworks/email): find_spec: 'email.parser' not found in PYZ...
PyiFrozenFinder(/Users/x/code/musicdoubao/dist/吸气声弱化工具.app/Contents/Frameworks/email): find_spec: attempting resolve using fallback finder FileFinder('/Users/x/code/musicdoubao/dist/吸气声弱化工具.app/Contents/Frameworks/email').
PyiFrozenFinder(/Users/x/code/musicdoubao/dist/吸气声弱化工具.app/Contents/Frameworks/email): find_spec: fallback finder returned spec: ModuleSpec(name='email.parser', loader=<_frozen_importlib_external.SourcelessFileLoader object at 0x1087ea4b0>, origin='/Users/x/code/musicdoubao/dist/吸气声弱化工具.app/Contents/Frameworks/email/parser.pyc').
# code object from '/Users/x/code/musicdoubao/dist/吸气声弱化工具.app/Contents/Frameworks/email/parser.pyc'
PyiFrozenFinder(/Users/x/code/musicdoubao/dist/吸气声弱化工具.app/Contents/Frameworks/email): find_spec: called with fullname='email.feedparser', target='email.feedparser'
PyiFrozenFinder(/Users/x/code/musicdoubao/dist/吸气声弱化工具.app/Contents/Frameworks/email): find_spec: 'email.feedparser' not found in PYZ...
PyiFrozenFinder(/Users/x/code/musicdoubao/dist/吸气声弱化工具.app/Contents/Frameworks/email): find_spec: attempting resolve using fallback finder FileFinder('/Users/x/code/musicdoubao/dist/吸气声弱化工具.app/Contents/Frameworks/email').
PyiFrozenFinder(/Users/x/code/musicdoubao/dist/吸气声弱化工具.app/Contents/Frameworks/email): find_spec: fallback finder returned spec: ModuleSpec(name='email.feedparser', loader=<_frozen_importlib_external.SourcelessFileLoader object at 0x1087eb290>, origin='/Users/x/code/musicdoubao/dist/吸气声弱化工具.app/Contents/Frameworks/email/feedparser.pyc').
# code object from '/Users/x/code/musicdoubao/dist/吸气声弱化工具.app/Contents/Frameworks/email/feedparser.pyc'
PyiFrozenFinder(/Users/x/code/musicdoubao/dist/吸气声弱化工具.app/Contents/Frameworks/email): find_spec: called with fullname='email.errors', target='email.errors'
PyiFrozenFinder(/Users/x/code/musicdoubao/dist/吸气声弱化工具.app/Contents/Frameworks/email): find_spec: 'email.errors' not found in PYZ...
PyiFrozenFinder(/Users/x/code/musicdoubao/dist/吸气声弱化工具.app/Contents/Frameworks/email): find_spec: attempting resolve using fallback finder FileFinder('/Users/x/code/musicdoubao/dist/吸气声弱化工具.app/Contents/Frameworks/email').
PyiFrozenFinder(/Users/x/code/musicdoubao/dist/吸气声弱化工具.app/Contents/Frameworks/email): find_spec: fallback finder returned spec: ModuleSpec(name='email.errors', loader=<_frozen_importlib_external.SourcelessFileLoader object at 0x1087eb530>, origin='/Users/x/code/musicdoubao/dist/吸气声弱化工具.app/Contents/Frameworks/email/errors.pyc').
# code object from '/Users/x/code/musicdoubao/dist/吸气声弱化工具.app/Contents/Frameworks/email/errors.pyc'
import 'email.errors' # <_frozen_importlib_external.SourcelessFileLoader object at 0x1087eb530>
PyiFrozenFinder(/Users/x/code/musicdoubao/dist/吸气声弱化工具.app/Contents/Frameworks/email): find_spec: called with fullname='email._policybase', target='email._policybase'
PyiFrozenFinder(/Users/x/code/musicdoubao/dist/吸气声弱化工具.app/Contents/Frameworks/email): find_spec: 'email._policybase' not found in PYZ...
PyiFrozenFinder(/Users/x/code/musicdoubao/dist/吸气声弱化工具.app/Contents/Frameworks/email): find_spec: attempting resolve using fallback finder FileFinder('/Users/x/code/musicdoubao/dist/吸气声弱化工具.app/Contents/Frameworks/email').
PyiFrozenFinder(/Users/x/code/musicdoubao/dist/吸气声弱化工具.app/Contents/Frameworks/email): find_spec: fallback finder returned spec: ModuleSpec(name='email._policybase', loader=<_frozen_importlib_external.SourcelessFileLoader object at 0x108888650>, origin='/Users/x/code/musicdoubao/dist/吸气声弱化工具.app/Contents/Frameworks/email/_policybase.pyc').
# code object from '/Users/x/code/musicdoubao/dist/吸气声弱化工具.app/Contents/Frameworks/email/_policybase.pyc'
PyiFrozenFinder(/Users/x/code/musicdoubao/dist/吸气声弱化工具.app/Contents/Frameworks/email): find_spec: called with fullname='email.header', target='email.header'
PyiFrozenFinder(/Users/x/code/musicdoubao/dist/吸气声弱化工具.app/Contents/Frameworks/email): find_spec: 'email.header' not found in PYZ...
PyiFrozenFinder(/Users/x/code/musicdoubao/dist/吸气声弱化工具.app/Contents/Frameworks/email): find_spec: attempting resolve using fallback finder FileFinder('/Users/x/code/musicdoubao/dist/吸气声弱化工具.app/Contents/Frameworks/email').
PyiFrozenFinder(/Users/x/code/musicdoubao/dist/吸气声弱化工具.app/Contents/Frameworks/email): find_spec: fallback finder returned spec: ModuleSpec(name='email.header', loader=<_frozen_importlib_external.SourcelessFileLoader object at 0x1088889b0>, origin='/Users/x/code/musicdoubao/dist/吸气声弱化工具.app/Contents/Frameworks/email/header.pyc').
# code object from '/Users/x/code/musicdoubao/dist/吸气声弱化工具.app/Contents/Frameworks/email/header.pyc'
PyiFrozenFinder(/Users/x/code/musicdoubao/dist/吸气声弱化工具.app/Contents/Frameworks/email): find_spec: called with fullname='email.quoprimime', target='email.quoprimime'
PyiFrozenFinder(/Users/x/code/musicdoubao/dist/吸气声弱化工具.app/Contents/Frameworks/email): find_spec: 'email.quoprimime' not found in PYZ...
PyiFrozenFinder(/Users/x/code/musicdoubao/dist/吸气声弱化工具.app/Contents/Frameworks/email): find_spec: attempting resolve using fallback finder FileFinder('/Users/x/code/musicdoubao/dist/吸气声弱化工具.app/Contents/Frameworks/email').
PyiFrozenFinder(/Users/x/code/musicdoubao/dist/吸气声弱化工具.app/Contents/Frameworks/email): find_spec: fallback finder returned spec: ModuleSpec(name='email.quoprimime', loader=<_frozen_importlib_external.SourcelessFileLoader object at 0x108888fb0>, origin='/Users/x/code/musicdoubao/dist/吸气声弱化工具.app/Contents/Frameworks/email/quoprimime.pyc').
# code object from '/Users/x/code/musicdoubao/dist/吸气声弱化工具.app/Contents/Frameworks/email/quoprimime.pyc'
import 'email.quoprimime' # <_frozen_importlib_external.SourcelessFileLoader object at 0x108888fb0>
PyiFrozenFinder(/Users/x/code/musicdoubao/dist/吸气声弱化工具.app/Contents/Frameworks/email): find_spec: called with fullname='email.base64mime', target='email.base64mime'
PyiFrozenFinder(/Users/x/code/musicdoubao/dist/吸气声弱化工具.app/Contents/Frameworks/email): find_spec: 'email.base64mime' not found in PYZ...
PyiFrozenFinder(/Users/x/code/musicdoubao/dist/吸气声弱化工具.app/Contents/Frameworks/email): find_spec: attempting resolve using fallback finder FileFinder('/Users/x/code/musicdoubao/dist/吸气声弱化工具.app/Contents/Frameworks/email').
PyiFrozenFinder(/Users/x/code/musicdoubao/dist/吸气声弱化工具.app/Contents/Frameworks/email): find_spec: fallback finder returned spec: ModuleSpec(name='email.base64mime', loader=<_frozen_importlib_external.SourcelessFileLoader object at 0x1088891f0>, origin='/Users/x/code/musicdoubao/dist/吸气声弱化工具.app/Contents/Frameworks/email/base64mime.pyc').
# code object from '/Users/x/code/musicdoubao/dist/吸气声弱化工具.app/Contents/Frameworks/email/base64mime.pyc'
import 'email.base64mime' # <_frozen_importlib_external.SourcelessFileLoader object at 0x1088891f0>
PyiFrozenFinder(/Users/x/code/musicdoubao/dist/吸气声弱化工具.app/Contents/Frameworks/email): find_spec: called with fullname='email.charset', target='email.charset'
PyiFrozenFinder(/Users/x/code/musicdoubao/dist/吸气声弱化工具.app/Contents/Frameworks/email): find_spec: 'email.charset' not found in PYZ...
PyiFrozenFinder(/Users/x/code/musicdoubao/dist/吸气声弱化工具.app/Contents/Frameworks/email): find_spec: attempting resolve using fallback finder FileFinder('/Users/x/code/musicdoubao/dist/吸气声弱化工具.app/Contents/Frameworks/email').
PyiFrozenFinder(/Users/x/code/musicdoubao/dist/吸气声弱化工具.app/Contents/Frameworks/email): find_spec: fallback finder returned spec: ModuleSpec(name='email.charset', loader=<_frozen_importlib_external.SourcelessFileLoader object at 0x108889850>, origin='/Users/x/code/musicdoubao/dist/吸气声弱化工具.app/Contents/Frameworks/email/charset.pyc').
# code object from '/Users/x/code/musicdoubao/dist/吸气声弱化工具.app/Contents/Frameworks/email/charset.pyc'
PyiFrozenFinder(/Users/x/code/musicdoubao/dist/吸气声弱化工具.app/Contents/Frameworks/email): find_spec: called with fullname='email.encoders', target='email.encoders'
PyiFrozenFinder(/Users/x/code/musicdoubao/dist/吸气声弱化工具.app/Contents/Frameworks/email): find_spec: 'email.encoders' not found in PYZ...
PyiFrozenFinder(/Users/x/code/musicdoubao/dist/吸气声弱化工具.app/Contents/Frameworks/email): find_spec: attempting resolve using fallback finder FileFinder('/Users/x/code/musicdoubao/dist/吸气声弱化工具.app/Contents/Frameworks/email').
PyiFrozenFinder(/Users/x/code/musicdoubao/dist/吸气声弱化工具.app/Contents/Frameworks/email): find_spec: fallback finder returned spec: ModuleSpec(name='email.encoders', loader=<_frozen_importlib_external.SourcelessFileLoader object at 0x108889a30>, origin='/Users/x/code/musicdoubao/dist/吸气声弱化工具.app/Contents/Frameworks/email/encoders.pyc').
# code object from '/Users/x/code/musicdoubao/dist/吸气声弱化工具.app/Contents/Frameworks/email/encoders.pyc'
PyiFrozenFinder(/Users/x/code/musicdoubao/dist/吸气声弱化工具.app/Contents/Frameworks): find_spec: called with fullname='quopri', target='quopri'
PyiFrozenFinder(/Users/x/code/musicdoubao/dist/吸气声弱化工具.app/Contents/Frameworks): find_spec: 'quopri' not found in PYZ...
PyiFrozenFinder(/Users/x/code/musicdoubao/dist/吸气声弱化工具.app/Contents/Frameworks): find_spec: attempting resolve using fallback finder FileFinder('/Users/x/code/musicdoubao/dist/吸气声弱化工具.app/Contents/Frameworks').
PyiFrozenFinder(/Users/x/code/musicdoubao/dist/吸气声弱化工具.app/Contents/Frameworks): find_spec: fallback finder returned spec: ModuleSpec(name='quopri', loader=<_frozen_importlib_external.SourcelessFileLoader object at 0x108889c70>, origin='/Users/x/code/musicdoubao/dist/吸气声弱化工具.app/Contents/Frameworks/quopri.pyc').
# code object from '/Users/x/code/musicdoubao/dist/吸气声弱化工具.app/Contents/Frameworks/quopri.pyc'
import 'quopri' # <_frozen_importlib_external.SourcelessFileLoader object at 0x108889c70>
import 'email.encoders' # <_frozen_importlib_external.SourcelessFileLoader object at 0x108889a30>
import 'email.charset' # <_frozen_importlib_external.SourcelessFileLoader object at 0x108889850>
import 'email.header' # <_frozen_importlib_external.SourcelessFileLoader object at 0x1088889b0>
PyiFrozenFinder(/Users/x/code/musicdoubao/dist/吸气声弱化工具.app/Contents/Frameworks/email): find_spec: called with fullname='email.utils', target='email.utils'
PyiFrozenFinder(/Users/x/code/musicdoubao/dist/吸气声弱化工具.app/Contents/Frameworks/email): find_spec: 'email.utils' not found in PYZ...
PyiFrozenFinder(/Users/x/code/musicdoubao/dist/吸气声弱化工具.app/Contents/Frameworks/email): find_spec: attempting resolve using fallback finder FileFinder('/Users/x/code/musicdoubao/dist/吸气声弱化工具.app/Contents/Frameworks/email').
PyiFrozenFinder(/Users/x/code/musicdoubao/dist/吸气声弱化工具.app/Contents/Frameworks/email): find_spec: fallback finder returned spec: ModuleSpec(name='email.utils', loader=<_frozen_importlib_external.SourcelessFileLoader object at 0x108888e90>, origin='/Users/x/code/musicdoubao/dist/吸气声弱化工具.app/Contents/Frameworks/email/utils.pyc').
# code object from '/Users/x/code/musicdoubao/dist/吸气声弱化工具.app/Contents/Frameworks/email/utils.pyc'
PyiFrozenFinder(/Users/x/code/musicdoubao/dist/吸气声弱化工具.app/Contents/Frameworks): find_spec: called with fullname='datetime', target='datetime'
PyiFrozenFinder(/Users/x/code/musicdoubao/dist/吸气声弱化工具.app/Contents/Frameworks): find_spec: 'datetime' not found in PYZ...
PyiFrozenFinder(/Users/x/code/musicdoubao/dist/吸气声弱化工具.app/Contents/Frameworks): find_spec: attempting resolve using fallback finder FileFinder('/Users/x/code/musicdoubao/dist/吸气声弱化工具.app/Contents/Frameworks').
PyiFrozenFinder(/Users/x/code/musicdoubao/dist/吸气声弱化工具.app/Contents/Frameworks): find_spec: fallback finder returned spec: ModuleSpec(name='datetime', loader=<_frozen_importlib_external.SourcelessFileLoader object at 0x10888a210>, origin='/Users/x/code/musicdoubao/dist/吸气声弱化工具.app/Contents/Frameworks/datetime.pyc').
# code object from '/Users/x/code/musicdoubao/dist/吸气声弱化工具.app/Contents/Frameworks/datetime.pyc'
import '_datetime' # <class '_frozen_importlib.BuiltinImporter'>
import 'datetime' # <_frozen_importlib_external.SourcelessFileLoader object at 0x10888a210>
PyiFrozenFinder(/Users/x/code/musicdoubao/dist/吸气声弱化工具.app/Contents/Frameworks/urllib): find_spec: called with fullname='urllib.parse', target='urllib.parse'
PyiFrozenFinder(/Users/x/code/musicdoubao/dist/吸气声弱化工具.app/Contents/Frameworks/urllib): find_spec: 'urllib.parse' not found in PYZ...
PyiFrozenFinder(/Users/x/code/musicdoubao/dist/吸气声弱化工具.app/Contents/Frameworks/urllib): find_spec: attempting resolve using fallback finder FileFinder('/Users/x/code/musicdoubao/dist/吸气声弱化工具.app/Contents/Frameworks/urllib').
PyiFrozenFinder(/Users/x/code/musicdoubao/dist/吸气声弱化工具.app/Contents/Frameworks/urllib): find_spec: fallback finder returned spec: ModuleSpec(name='urllib.parse', loader=<_frozen_importlib_external.SourcelessFileLoader object at 0x10888a2d0>, origin='/Users/x/code/musicdoubao/dist/吸气声弱化工具.app/Contents/Frameworks/urllib/parse.pyc').
# code object from '/Users/x/code/musicdoubao/dist/吸气声弱化工具.app/Contents/Frameworks/urllib/parse.pyc'
PyiFrozenFinder(/Users/x/code/musicdoubao/dist/吸气声弱化工具.app/Contents/Frameworks): find_spec: called with fullname='ipaddress', target='ipaddress'
PyiFrozenFinder(/Users/x/code/musicdoubao/dist/吸气声弱化工具.app/Contents/Frameworks): find_spec: 'ipaddress' not found in PYZ...
PyiFrozenFinder(/Users/x/code/musicdoubao/dist/吸气声弱化工具.app/Contents/Frameworks): find_spec: attempting resolve using fallback finder FileFinder('/Users/x/code/musicdoubao/dist/吸气声弱化工具.app/Contents/Frameworks').
PyiFrozenFinder(/Users/x/code/musicdoubao/dist/吸气声弱化工具.app/Contents/Frameworks): find_spec: fallback finder returned spec: ModuleSpec(name='ipaddress', loader=<_frozen_importlib_external.SourcelessFileLoader object at 0x10888a4b0>, origin='/Users/x/code/musicdoubao/dist/吸气声弱化工具.app/Contents/Frameworks/ipaddress.pyc').
# code object from '/Users/x/code/musicdoubao/dist/吸气声弱化工具.app/Contents/Frameworks/ipaddress.pyc'
import 'ipaddress' # <_frozen_importlib_external.SourcelessFileLoader object at 0x10888a4b0>
import 'urllib.parse' # <_frozen_importlib_external.SourcelessFileLoader object at 0x10888a2d0>
PyiFrozenFinder(/Users/x/code/musicdoubao/dist/吸气声弱化工具.app/Contents/Frameworks/email): find_spec: called with fullname='email._parseaddr', target='email._parseaddr'
PyiFrozenFinder(/Users/x/code/musicdoubao/dist/吸气声弱化工具.app/Contents/Frameworks/email): find_spec: 'email._parseaddr' not found in PYZ...
PyiFrozenFinder(/Users/x/code/musicdoubao/dist/吸气声弱化工具.app/Contents/Frameworks/email): find_spec: attempting resolve using fallback finder FileFinder('/Users/x/code/musicdoubao/dist/吸气声弱化工具.app/Contents/Frameworks/email').
PyiFrozenFinder(/Users/x/code/musicdoubao/dist/吸气声弱化工具.app/Contents/Frameworks/email): find_spec: fallback finder returned spec: ModuleSpec(name='email._parseaddr', loader=<_frozen_importlib_external.SourcelessFileLoader object at 0x10888a8d0>, origin='/Users/x/code/musicdoubao/dist/吸气声弱化工具.app/Contents/Frameworks/email/_parseaddr.pyc').
# code object from '/Users/x/code/musicdoubao/dist/吸气声弱化工具.app/Contents/Frameworks/email/_parseaddr.pyc'
import 'email._parseaddr' # <_frozen_importlib_external.SourcelessFileLoader object at 0x10888a8d0>
import 'email.utils' # <_frozen_importlib_external.SourcelessFileLoader object at 0x108888e90>
import 'email._policybase' # <_frozen_importlib_external.SourcelessFileLoader object at 0x108888650>
import 'email.feedparser' # <_frozen_importlib_external.SourcelessFileLoader object at 0x1087eb290>
import 'email.parser' # <_frozen_importlib_external.SourcelessFileLoader object at 0x1087ea4b0>
PyiFrozenFinder(/Users/x/code/musicdoubao/dist/吸气声弱化工具.app/Contents/Frameworks/email): find_spec: called with fullname='email.message', target='email.message'
PyiFrozenFinder(/Users/x/code/musicdoubao/dist/吸气声弱化工具.app/Contents/Frameworks/email): find_spec: 'email.message' not found in PYZ...
PyiFrozenFinder(/Users/x/code/musicdoubao/dist/吸气声弱化工具.app/Contents/Frameworks/email): find_spec: attempting resolve using fallback finder FileFinder('/Users/x/code/musicdoubao/dist/吸气声弱化工具.app/Contents/Frameworks/email').
PyiFrozenFinder(/Users/x/code/musicdoubao/dist/吸气声弱化工具.app/Contents/Frameworks/email): find_spec: fallback finder returned spec: ModuleSpec(name='email.message', loader=<_frozen_importlib_external.SourcelessFileLoader object at 0x1087eb230>, origin='/Users/x/code/musicdoubao/dist/吸气声弱化工具.app/Contents/Frameworks/email/message.pyc').
# code object from '/Users/x/code/musicdoubao/dist/吸气声弱化工具.app/Contents/Frameworks/email/message.pyc'
PyiFrozenFinder(/Users/x/code/musicdoubao/dist/吸气声弱化工具.app/Contents/Frameworks/email): find_spec: called with fullname='email._encoded_words', target='email._encoded_words'
PyiFrozenFinder(/Users/x/code/musicdoubao/dist/吸气声弱化工具.app/Contents/Frameworks/email): find_spec: 'email._encoded_words' not found in PYZ...
PyiFrozenFinder(/Users/x/code/musicdoubao/dist/吸气声弱化工具.app/Contents/Frameworks/email): find_spec: attempting resolve using fallback finder FileFinder('/Users/x/code/musicdoubao/dist/吸气声弱化工具.app/Contents/Frameworks/email').
PyiFrozenFinder(/Users/x/code/musicdoubao/dist/吸气声弱化工具.app/Contents/Frameworks/email): find_spec: fallback finder returned spec: ModuleSpec(name='email._encoded_words', loader=<_frozen_importlib_external.SourcelessFileLoader object at 0x1088da1b0>, origin='/Users/x/code/musicdoubao/dist/吸气声弱化工具.app/Contents/Frameworks/email/_encoded_words.pyc').
# code object from '/Users/x/code/musicdoubao/dist/吸气声弱化工具.app/Contents/Frameworks/email/_encoded_words.pyc'
import 'email._encoded_words' # <_frozen_importlib_external.SourcelessFileLoader object at 0x1088da1b0>
PyiFrozenFinder(/Users/x/code/musicdoubao/dist/吸气声弱化工具.app/Contents/Frameworks/email): find_spec: called with fullname='email.iterators', target='email.iterators'
PyiFrozenFinder(/Users/x/code/musicdoubao/dist/吸气声弱化工具.app/Contents/Frameworks/email): find_spec: 'email.iterators' not found in PYZ...
PyiFrozenFinder(/Users/x/code/musicdoubao/dist/吸气声弱化工具.app/Contents/Frameworks/email): find_spec: attempting resolve using fallback finder FileFinder('/Users/x/code/musicdoubao/dist/吸气声弱化工具.app/Contents/Frameworks/email').
PyiFrozenFinder(/Users/x/code/musicdoubao/dist/吸气声弱化工具.app/Contents/Frameworks/email): find_spec: fallback finder returned spec: ModuleSpec(name='email.iterators', loader=<_frozen_importlib_external.SourcelessFileLoader object at 0x1088dab70>, origin='/Users/x/code/musicdoubao/dist/吸气声弱化工具.app/Contents/Frameworks/email/iterators.pyc').
# code object from '/Users/x/code/musicdoubao/dist/吸气声弱化工具.app/Contents/Frameworks/email/iterators.pyc'
import 'email.iterators' # <_frozen_importlib_external.SourcelessFileLoader object at 0x1088dab70>
import 'email.message' # <_frozen_importlib_external.SourcelessFileLoader object at 0x1087eb230>
PyiFrozenFinder(/Users/x/code/musicdoubao/dist/吸气声弱化工具.app/Contents/Frameworks): find_spec: called with fullname='ssl', target='ssl'
PyiFrozenFinder(/Users/x/code/musicdoubao/dist/吸气声弱化工具.app/Contents/Frameworks): find_spec: 'ssl' not found in PYZ...
PyiFrozenFinder(/Users/x/code/musicdoubao/dist/吸气声弱化工具.app/Contents/Frameworks): find_spec: attempting resolve using fallback finder FileFinder('/Users/x/code/musicdoubao/dist/吸气声弱化工具.app/Contents/Frameworks').
PyiFrozenFinder(/Users/x/code/musicdoubao/dist/吸气声弱化工具.app/Contents/Frameworks): find_spec: fallback finder returned spec: ModuleSpec(name='ssl', loader=<_frozen_importlib_external.SourcelessFileLoader object at 0x1088dae70>, origin='/Users/x/code/musicdoubao/dist/吸气声弱化工具.app/Contents/Frameworks/ssl.pyc').
# code object from '/Users/x/code/musicdoubao/dist/吸气声弱化工具.app/Contents/Frameworks/ssl.pyc'
# extension module '_ssl' loaded from '/Users/x/code/musicdoubao/dist/吸气声弱化工具.app/Contents/Frameworks/python3.14/lib-dynload/_ssl.cpython-314-darwin.so'
# extension module '_ssl' executed from '/Users/x/code/musicdoubao/dist/吸气声弱化工具.app/Contents/Frameworks/python3.14/lib-dynload/_ssl.cpython-314-darwin.so'
import '_ssl' # <_frozen_importlib_external.ExtensionFileLoader object at 0x1088aa180>
import 'ssl' # <_frozen_importlib_external.SourcelessFileLoader object at 0x1088dae70>
import 'http.client' # <_frozen_importlib_external.SourcelessFileLoader object at 0x1087e91f0>
PyiFrozenFinder(/Users/x/code/musicdoubao/dist/吸气声弱化工具.app/Contents/Frameworks/urllib): find_spec: called with fullname='urllib.error', target='urllib.error'
PyiFrozenFinder(/Users/x/code/musicdoubao/dist/吸气声弱化工具.app/Contents/Frameworks/urllib): find_spec: 'urllib.error' not found in PYZ...
PyiFrozenFinder(/Users/x/code/musicdoubao/dist/吸气声弱化工具.app/Contents/Frameworks/urllib): find_spec: attempting resolve using fallback finder FileFinder('/Users/x/code/musicdoubao/dist/吸气声弱化工具.app/Contents/Frameworks/urllib').
PyiFrozenFinder(/Users/x/code/musicdoubao/dist/吸气声弱化工具.app/Contents/Frameworks/urllib): find_spec: fallback finder returned spec: ModuleSpec(name='urllib.error', loader=<_frozen_importlib_external.SourcelessFileLoader object at 0x108959c10>, origin='/Users/x/code/musicdoubao/dist/吸气声弱化工具.app/Contents/Frameworks/urllib/error.pyc').
# code object from '/Users/x/code/musicdoubao/dist/吸气声弱化工具.app/Contents/Frameworks/urllib/error.pyc'
PyiFrozenFinder(/Users/x/code/musicdoubao/dist/吸气声弱化工具.app/Contents/Frameworks/urllib): find_spec: called with fullname='urllib.response', target='urllib.response'
PyiFrozenFinder(/Users/x/code/musicdoubao/dist/吸气声弱化工具.app/Contents/Frameworks/urllib): find_spec: 'urllib.response' not found in PYZ...
PyiFrozenFinder(/Users/x/code/musicdoubao/dist/吸气声弱化工具.app/Contents/Frameworks/urllib): find_spec: attempting resolve using fallback finder FileFinder('/Users/x/code/musicdoubao/dist/吸气声弱化工具.app/Contents/Frameworks/urllib').
PyiFrozenFinder(/Users/x/code/musicdoubao/dist/吸气声弱化工具.app/Contents/Frameworks/urllib): find_spec: fallback finder returned spec: ModuleSpec(name='urllib.response', loader=<_frozen_importlib_external.SourcelessFileLoader object at 0x108959d30>, origin='/Users/x/code/musicdoubao/dist/吸气声弱化工具.app/Contents/Frameworks/urllib/response.pyc').
# code object from '/Users/x/code/musicdoubao/dist/吸气声弱化工具.app/Contents/Frameworks/urllib/response.pyc'
import 'urllib.response' # <_frozen_importlib_external.SourcelessFileLoader object at 0x108959d30>
import 'urllib.error' # <_frozen_importlib_external.SourcelessFileLoader object at 0x108959c10>
# extension module '_scproxy' loaded from '/Users/x/code/musicdoubao/dist/吸气声弱化工具.app/Contents/Frameworks/python3.14/lib-dynload/_scproxy.cpython-314-darwin.so'
# extension module '_scproxy' executed from '/Users/x/code/musicdoubao/dist/吸气声弱化工具.app/Contents/Frameworks/python3.14/lib-dynload/_scproxy.cpython-314-darwin.so'
import '_scproxy' # <_frozen_importlib_external.ExtensionFileLoader object at 0x1089329d0>
import 'urllib.request' # <_frozen_importlib_external.SourcelessFileLoader object at 0x10878e270>
PyiFrozenFinder(/Users/x/code/musicdoubao/dist/吸气声弱化工具.app/Contents/Frameworks): find_spec: called with fullname='tarfile', target='tarfile'
PyiFrozenFinder(/Users/x/code/musicdoubao/dist/吸气声弱化工具.app/Contents/Frameworks): find_spec: 'tarfile' not found in PYZ...
PyiFrozenFinder(/Users/x/code/musicdoubao/dist/吸气声弱化工具.app/Contents/Frameworks): find_spec: attempting resolve using fallback finder FileFinder('/Users/x/code/musicdoubao/dist/吸气声弱化工具.app/Contents/Frameworks').
PyiFrozenFinder(/Users/x/code/musicdoubao/dist/吸气声弱化工具.app/Contents/Frameworks): find_spec: fallback finder returned spec: ModuleSpec(name='tarfile', loader=<_frozen_importlib_external.SourcelessFileLoader object at 0x1087e8f50>, origin='/Users/x/code/musicdoubao/dist/吸气声弱化工具.app/Contents/Frameworks/tarfile.pyc').
# code object from '/Users/x/code/musicdoubao/dist/吸气声弱化工具.app/Contents/Frameworks/tarfile.pyc'
import 'tarfile' # <_frozen_importlib_external.SourcelessFileLoader object at 0x1087e8f50>
import 'jaraco.context' # <_frozen_importlib_external.SourcelessFileLoader object at 0x10878d6d0>
PyiFrozenFinder(/Users/x/code/musicdoubao/dist/吸气声弱化工具.app/Contents/Frameworks/importlib/resources): find_spec: called with fullname='importlib.resources._adapters', target='importlib.resources._adapters'
PyiFrozenFinder(/Users/x/code/musicdoubao/dist/吸气声弱化工具.app/Contents/Frameworks/importlib/resources): find_spec: 'importlib.resources._adapters' not found in PYZ...
PyiFrozenFinder(/Users/x/code/musicdoubao/dist/吸气声弱化工具.app/Contents/Frameworks/importlib/resources): find_spec: attempting resolve using fallback finder FileFinder('/Users/x/code/musicdoubao/dist/吸气声弱化工具.app/Contents/Frameworks/importlib/resources').
PyiFrozenFinder(/Users/x/code/musicdoubao/dist/吸气声弱化工具.app/Contents/Frameworks/importlib/resources): find_spec: fallback finder returned spec: ModuleSpec(name='importlib.resources._adapters', loader=<_frozen_importlib_external.SourcelessFileLoader object at 0x108fb8710>, origin='/Users/x/code/musicdoubao/dist/吸气声弱化工具.app/Contents/Frameworks/importlib/resources/_adapters.pyc').
# code object from '/Users/x/code/musicdoubao/dist/吸气声弱化工具.app/Contents/Frameworks/importlib/resources/_adapters.pyc'
import 'importlib.resources._adapters' # <_frozen_importlib_external.SourcelessFileLoader object at 0x108fb8710>
PyiFrozenFinder(/Users/x/code/musicdoubao/dist/吸气声弱化工具.app/Contents/Frameworks/importlib): find_spec: called with fullname='importlib.readers', target='importlib.readers'
PyiFrozenFinder(/Users/x/code/musicdoubao/dist/吸气声弱化工具.app/Contents/Frameworks/importlib): find_spec: 'importlib.readers' not found in PYZ...
PyiFrozenFinder(/Users/x/code/musicdoubao/dist/吸气声弱化工具.app/Contents/Frameworks/importlib): find_spec: attempting resolve using fallback finder FileFinder('/Users/x/code/musicdoubao/dist/吸气声弱化工具.app/Contents/Frameworks/importlib').
PyiFrozenFinder(/Users/x/code/musicdoubao/dist/吸气声弱化工具.app/Contents/Frameworks/importlib): find_spec: fallback finder returned spec: ModuleSpec(name='importlib.readers', loader=<_frozen_importlib_external.SourcelessFileLoader object at 0x108fb8cb0>, origin='/Users/x/code/musicdoubao/dist/吸气声弱化工具.app/Contents/Frameworks/importlib/readers.pyc').
# code object from '/Users/x/code/musicdoubao/dist/吸气声弱化工具.app/Contents/Frameworks/importlib/readers.pyc'
PyiFrozenFinder(/Users/x/code/musicdoubao/dist/吸气声弱化工具.app/Contents/Frameworks/importlib/resources): find_spec: called with fullname='importlib.resources.readers', target='importlib.resources.readers'
PyiFrozenFinder(/Users/x/code/musicdoubao/dist/吸气声弱化工具.app/Contents/Frameworks/importlib/resources): find_spec: 'importlib.resources.readers' not found in PYZ...
PyiFrozenFinder(/Users/x/code/musicdoubao/dist/吸气声弱化工具.app/Contents/Frameworks/importlib/resources): find_spec: attempting resolve using fallback finder FileFinder('/Users/x/code/musicdoubao/dist/吸气声弱化工具.app/Contents/Frameworks/importlib/resources').
PyiFrozenFinder(/Users/x/code/musicdoubao/dist/吸气声弱化工具.app/Contents/Frameworks/importlib/resources): find_spec: fallback finder returned spec: ModuleSpec(name='importlib.resources.readers', loader=<_frozen_importlib_external.SourcelessFileLoader object at 0x108fb8d10>, origin='/Users/x/code/musicdoubao/dist/吸气声弱化工具.app/Contents/Frameworks/importlib/resources/readers.pyc').
# code object from '/Users/x/code/musicdoubao/dist/吸气声弱化工具.app/Contents/Frameworks/importlib/resources/readers.pyc'
PyiFrozenFinder(/Users/x/code/musicdoubao/dist/吸气声弱化工具.app/Contents/Frameworks/importlib/resources): find_spec: called with fullname='importlib.resources._itertools', target='importlib.resources._itertools'
PyiFrozenFinder(/Users/x/code/musicdoubao/dist/吸气声弱化工具.app/Contents/Frameworks/importlib/resources): find_spec: 'importlib.resources._itertools' not found in PYZ...
PyiFrozenFinder(/Users/x/code/musicdoubao/dist/吸气声弱化工具.app/Contents/Frameworks/importlib/resources): find_spec: attempting resolve using fallback finder FileFinder('/Users/x/code/musicdoubao/dist/吸气声弱化工具.app/Contents/Frameworks/importlib/resources').
PyiFrozenFinder(/Users/x/code/musicdoubao/dist/吸气声弱化工具.app/Contents/Frameworks/importlib/resources): find_spec: fallback finder returned spec: ModuleSpec(name='importlib.resources._itertools', loader=<_frozen_importlib_external.SourcelessFileLoader object at 0x108fb9190>, origin='/Users/x/code/musicdoubao/dist/吸气声弱化工具.app/Contents/Frameworks/importlib/resources/_itertools.pyc').
# code object from '/Users/x/code/musicdoubao/dist/吸气声弱化工具.app/Contents/Frameworks/importlib/resources/_itertools.pyc'
import 'importlib.resources._itertools' # <_frozen_importlib_external.SourcelessFileLoader object at 0x108fb9190>
import 'importlib.resources.readers' # <_frozen_importlib_external.SourcelessFileLoader object at 0x108fb8d10>
import 'importlib.readers' # <_frozen_importlib_external.SourcelessFileLoader object at 0x108fb8cb0>
import 'jaraco.text' # <_frozen_importlib_external.SourcelessFileLoader object at 0x10878c9b0>
PyiFrozenFinder(/Users/x/code/musicdoubao/dist/吸气声弱化工具.app/Contents/Frameworks/setuptools): find_spec: called with fullname='setuptools._importlib', target='setuptools._importlib'
PyiFrozenFinder(/Users/x/code/musicdoubao/dist/吸气声弱化工具.app/Contents/Frameworks/setuptools): find_spec: 'setuptools._importlib' not found in PYZ...
PyiFrozenFinder(/Users/x/code/musicdoubao/dist/吸气声弱化工具.app/Contents/Frameworks/setuptools): find_spec: attempting resolve using fallback finder FileFinder('/Users/x/code/musicdoubao/dist/吸气声弱化工具.app/Contents/Frameworks/setuptools').
PyiFrozenFinder(/Users/x/code/musicdoubao/dist/吸气声弱化工具.app/Contents/Frameworks/setuptools): find_spec: fallback finder returned spec: ModuleSpec(name='setuptools._importlib', loader=<_frozen_importlib_external.SourcelessFileLoader object at 0x10878cef0>, origin='/Users/x/code/musicdoubao/dist/吸气声弱化工具.app/Contents/Frameworks/setuptools/_importlib.pyc').
# code object from '/Users/x/code/musicdoubao/dist/吸气声弱化工具.app/Contents/Frameworks/setuptools/_importlib.pyc'
PyiFrozenFinder(/Users/x/code/musicdoubao/dist/吸气声弱化工具.app/Contents/Frameworks/importlib): find_spec: called with fullname='importlib.metadata', target='importlib.metadata'
PyiFrozenFinder(/Users/x/code/musicdoubao/dist/吸气声弱化工具.app/Contents/Frameworks/importlib): find_spec: 'importlib.metadata' not found in PYZ...
PyiFrozenFinder(/Users/x/code/musicdoubao/dist/吸气声弱化工具.app/Contents/Frameworks/importlib): find_spec: attempting resolve using fallback finder FileFinder('/Users/x/code/musicdoubao/dist/吸气声弱化工具.app/Contents/Frameworks/importlib').
PyiFrozenFinder(/Users/x/code/musicdoubao/dist/吸气声弱化工具.app/Contents/Frameworks/importlib): find_spec: fallback finder returned spec: ModuleSpec(name='importlib.metadata', loader=<_frozen_importlib_external.SourcelessFileLoader object at 0x108fb9550>, origin='/Users/x/code/musicdoubao/dist/吸气声弱化工具.app/Contents/Frameworks/importlib/metadata/__init__.pyc', submodule_search_locations=['/Users/x/code/musicdoubao/dist/吸气声弱化工具.app/Contents/Frameworks/importlib/metadata']).
# code object from '/Users/x/code/musicdoubao/dist/吸气声弱化工具.app/Contents/Frameworks/importlib/metadata/__init__.pyc'
PyiFrozenFinder(/Users/x/code/musicdoubao/dist/吸气声弱化工具.app/Contents/Frameworks): find_spec: called with fullname='json', target='json'
PyiFrozenFinder(/Users/x/code/musicdoubao/dist/吸气声弱化工具.app/Contents/Frameworks): find_spec: 'json' not found in PYZ...
PyiFrozenFinder(/Users/x/code/musicdoubao/dist/吸气声弱化工具.app/Contents/Frameworks): find_spec: attempting resolve using fallback finder FileFinder('/Users/x/code/musicdoubao/dist/吸气声弱化工具.app/Contents/Frameworks').
PyiFrozenFinder(/Users/x/code/musicdoubao/dist/吸气声弱化工具.app/Contents/Frameworks): find_spec: fallback finder returned spec: ModuleSpec(name='json', loader=<_frozen_importlib_external.SourcelessFileLoader object at 0x108fb9370>, origin='/Users/x/code/musicdoubao/dist/吸气声弱化工具.app/Contents/Frameworks/json/__init__.pyc', submodule_search_locations=['/Users/x/code/musicdoubao/dist/吸气声弱化工具.app/Contents/Frameworks/json']).
# code object from '/Users/x/code/musicdoubao/dist/吸气声弱化工具.app/Contents/Frameworks/json/__init__.pyc'
PyInstaller: running path finder hook for path: '/Users/x/code/musicdoubao/dist/吸气声弱化工具.app/Contents/Frameworks/json'
PyInstaller: hook succeeded
PyiFrozenFinder(/Users/x/code/musicdoubao/dist/吸气声弱化工具.app/Contents/Frameworks/json): find_spec: called with fullname='json.decoder', target='json.decoder'
PyiFrozenFinder(/Users/x/code/musicdoubao/dist/吸气声弱化工具.app/Contents/Frameworks/json): find_spec: 'json.decoder' not found in PYZ...
PyiFrozenFinder(/Users/x/code/musicdoubao/dist/吸气声弱化工具.app/Contents/Frameworks/json): find_spec: attempting resolve using fallback finder FileFinder('/Users/x/code/musicdoubao/dist/吸气声弱化工具.app/Contents/Frameworks/json').
PyiFrozenFinder(/Users/x/code/musicdoubao/dist/吸气声弱化工具.app/Contents/Frameworks/json): find_spec: fallback finder returned spec: ModuleSpec(name='json.decoder', loader=<_frozen_importlib_external.SourcelessFileLoader object at 0x108fb9a90>, origin='/Users/x/code/musicdoubao/dist/吸气声弱化工具.app/Contents/Frameworks/json/decoder.pyc').
# code object from '/Users/x/code/musicdoubao/dist/吸气声弱化工具.app/Contents/Frameworks/json/decoder.pyc'
PyiFrozenFinder(/Users/x/code/musicdoubao/dist/吸气声弱化工具.app/Contents/Frameworks/json): find_spec: called with fullname='json.scanner', target='json.scanner'
PyiFrozenFinder(/Users/x/code/musicdoubao/dist/吸气声弱化工具.app/Contents/Frameworks/json): find_spec: 'json.scanner' not found in PYZ...
PyiFrozenFinder(/Users/x/code/musicdoubao/dist/吸气声弱化工具.app/Contents/Frameworks/json): find_spec: attempting resolve using fallback finder FileFinder('/Users/x/code/musicdoubao/dist/吸气声弱化工具.app/Contents/Frameworks/json').
PyiFrozenFinder(/Users/x/code/musicdoubao/dist/吸气声弱化工具.app/Contents/Frameworks/json): find_spec: fallback finder returned spec: ModuleSpec(name='json.scanner', loader=<_frozen_importlib_external.SourcelessFileLoader object at 0x108fbb170>, origin='/Users/x/code/musicdoubao/dist/吸气声弱化工具.app/Contents/Frameworks/json/scanner.pyc').
# code object from '/Users/x/code/musicdoubao/dist/吸气声弱化工具.app/Contents/Frameworks/json/scanner.pyc'
# extension module '_json' loaded from '/Users/x/code/musicdoubao/dist/吸气声弱化工具.app/Contents/Frameworks/python3.14/lib-dynload/_json.cpython-314-darwin.so'
# extension module '_json' executed from '/Users/x/code/musicdoubao/dist/吸气声弱化工具.app/Contents/Frameworks/python3.14/lib-dynload/_json.cpython-314-darwin.so'
import '_json' # <_frozen_importlib_external.ExtensionFileLoader object at 0x108fb65d0>
import 'json.scanner' # <_frozen_importlib_external.SourcelessFileLoader object at 0x108fbb170>
import 'json.decoder' # <_frozen_importlib_external.SourcelessFileLoader object at 0x108fb9a90>
PyiFrozenFinder(/Users/x/code/musicdoubao/dist/吸气声弱化工具.app/Contents/Frameworks/json): find_spec: called with fullname='json.encoder', target='json.encoder'
PyiFrozenFinder(/Users/x/code/musicdoubao/dist/吸气声弱化工具.app/Contents/Frameworks/json): find_spec: 'json.encoder' not found in PYZ...
PyiFrozenFinder(/Users/x/code/musicdoubao/dist/吸气声弱化工具.app/Contents/Frameworks/json): find_spec: attempting resolve using fallback finder FileFinder('/Users/x/code/musicdoubao/dist/吸气声弱化工具.app/Contents/Frameworks/json').
PyiFrozenFinder(/Users/x/code/musicdoubao/dist/吸气声弱化工具.app/Contents/Frameworks/json): find_spec: fallback finder returned spec: ModuleSpec(name='json.encoder', loader=<_frozen_importlib_external.SourcelessFileLoader object at 0x108fbb410>, origin='/Users/x/code/musicdoubao/dist/吸气声弱化工具.app/Contents/Frameworks/json/encoder.pyc').
# code object from '/Users/x/code/musicdoubao/dist/吸气声弱化工具.app/Contents/Frameworks/json/encoder.pyc'
import 'json.encoder' # <_frozen_importlib_external.SourcelessFileLoader object at 0x108fbb410>
import 'json' # <_frozen_importlib_external.SourcelessFileLoader object at 0x108fb9370>
PyInstaller: running path finder hook for path: '/Users/x/code/musicdoubao/dist/吸气声弱化工具.app/Contents/Frameworks/importlib/metadata'
PyInstaller: hook succeeded
PyiFrozenFinder(/Users/x/code/musicdoubao/dist/吸气声弱化工具.app/Contents/Frameworks/importlib/metadata): find_spec: called with fullname='importlib.metadata._meta', target='importlib.metadata._meta'
PyiFrozenFinder(/Users/x/code/musicdoubao/dist/吸气声弱化工具.app/Contents/Frameworks/importlib/metadata): find_spec: 'importlib.metadata._meta' not found in PYZ...
PyiFrozenFinder(/Users/x/code/musicdoubao/dist/吸气声弱化工具.app/Contents/Frameworks/importlib/metadata): find_spec: attempting resolve using fallback finder FileFinder('/Users/x/code/musicdoubao/dist/吸气声弱化工具.app/Contents/Frameworks/importlib/metadata').
PyiFrozenFinder(/Users/x/code/musicdoubao/dist/吸气声弱化工具.app/Contents/Frameworks/importlib/metadata): find_spec: fallback finder returned spec: ModuleSpec(name='importlib.metadata._meta', loader=<_frozen_importlib_external.SourcelessFileLoader object at 0x108fb96d0>, origin='/Users/x/code/musicdoubao/dist/吸气声弱化工具.app/Contents/Frameworks/importlib/metadata/_meta.pyc').
# code object from '/Users/x/code/musicdoubao/dist/吸气声弱化工具.app/Contents/Frameworks/importlib/metadata/_meta.pyc'
import 'importlib.metadata._meta' # <_frozen_importlib_external.SourcelessFileLoader object at 0x108fb96d0>
PyiFrozenFinder(/Users/x/code/musicdoubao/dist/吸气声弱化工具.app/Contents/Frameworks/importlib/metadata): find_spec: called with fullname='importlib.metadata._collections', target='importlib.metadata._collections'
PyiFrozenFinder(/Users/x/code/musicdoubao/dist/吸气声弱化工具.app/Contents/Frameworks/importlib/metadata): find_spec: 'importlib.metadata._collections' not found in PYZ...
PyiFrozenFinder(/Users/x/code/musicdoubao/dist/吸气声弱化工具.app/Contents/Frameworks/importlib/metadata): find_spec: attempting resolve using fallback finder FileFinder('/Users/x/code/musicdoubao/dist/吸气声弱化工具.app/Contents/Frameworks/importlib/metadata').
PyiFrozenFinder(/Users/x/code/musicdoubao/dist/吸气声弱化工具.app/Contents/Frameworks/importlib/metadata): find_spec: fallback finder returned spec: ModuleSpec(name='importlib.metadata._collections', loader=<_frozen_importlib_external.SourcelessFileLoader object at 0x108fbb950>, origin='/Users/x/code/musicdoubao/dist/吸气声弱化工具.app/Contents/Frameworks/importlib/metadata/_collections.pyc').
# code object from '/Users/x/code/musicdoubao/dist/吸气声弱化工具.app/Contents/Frameworks/importlib/metadata/_collections.pyc'
import 'importlib.metadata._collections' # <_frozen_importlib_external.SourcelessFileLoader object at 0x108fbb950>
PyiFrozenFinder(/Users/x/code/musicdoubao/dist/吸气声弱化工具.app/Contents/Frameworks/importlib/metadata): find_spec: called with fullname='importlib.metadata._functools', target='importlib.metadata._functools'
PyiFrozenFinder(/Users/x/code/musicdoubao/dist/吸气声弱化工具.app/Contents/Frameworks/importlib/metadata): find_spec: 'importlib.metadata._functools' not found in PYZ...
PyiFrozenFinder(/Users/x/code/musicdoubao/dist/吸气声弱化工具.app/Contents/Frameworks/importlib/metadata): find_spec: attempting resolve using fallback finder FileFinder('/Users/x/code/musicdoubao/dist/吸气声弱化工具.app/Contents/Frameworks/importlib/metadata').
PyiFrozenFinder(/Users/x/code/musicdoubao/dist/吸气声弱化工具.app/Contents/Frameworks/importlib/metadata): find_spec: fallback finder returned spec: ModuleSpec(name='importlib.metadata._functools', loader=<_frozen_importlib_external.SourcelessFileLoader object at 0x108fbbc50>, origin='/Users/x/code/musicdoubao/dist/吸气声弱化工具.app/Contents/Frameworks/importlib/metadata/_functools.pyc').
# code object from '/Users/x/code/musicdoubao/dist/吸气声弱化工具.app/Contents/Frameworks/importlib/metadata/_functools.pyc'
import 'importlib.metadata._functools' # <_frozen_importlib_external.SourcelessFileLoader object at 0x108fbbc50>
PyiFrozenFinder(/Users/x/code/musicdoubao/dist/吸气声弱化工具.app/Contents/Frameworks/importlib/metadata): find_spec: called with fullname='importlib.metadata._itertools', target='importlib.metadata._itertools'
PyiFrozenFinder(/Users/x/code/musicdoubao/dist/吸气声弱化工具.app/Contents/Frameworks/importlib/metadata): find_spec: 'importlib.metadata._itertools' not found in PYZ...
PyiFrozenFinder(/Users/x/code/musicdoubao/dist/吸气声弱化工具.app/Contents/Frameworks/importlib/metadata): find_spec: attempting resolve using fallback finder FileFinder('/Users/x/code/musicdoubao/dist/吸气声弱化工具.app/Contents/Frameworks/importlib/metadata').
PyiFrozenFinder(/Users/x/code/musicdoubao/dist/吸气声弱化工具.app/Contents/Frameworks/importlib/metadata): find_spec: fallback finder returned spec: ModuleSpec(name='importlib.metadata._itertools', loader=<_frozen_importlib_external.SourcelessFileLoader object at 0x108fbbdd0>, origin='/Users/x/code/musicdoubao/dist/吸气声弱化工具.app/Contents/Frameworks/importlib/metadata/_itertools.pyc').
# code object from '/Users/x/code/musicdoubao/dist/吸气声弱化工具.app/Contents/Frameworks/importlib/metadata/_itertools.pyc'
import 'importlib.metadata._itertools' # <_frozen_importlib_external.SourcelessFileLoader object at 0x108fbbdd0>
import 'importlib.metadata' # <_frozen_importlib_external.SourcelessFileLoader object at 0x108fb9550>
import 'setuptools._importlib' # <_frozen_importlib_external.SourcelessFileLoader object at 0x10878cef0>
PyiFrozenFinder(/Users/x/code/musicdoubao/dist/吸气声弱化工具.app/Contents/Frameworks/setuptools): find_spec: called with fullname='setuptools._itertools', target='setuptools._itertools'
PyiFrozenFinder(/Users/x/code/musicdoubao/dist/吸气声弱化工具.app/Contents/Frameworks/setuptools): find_spec: 'setuptools._itertools' not found in PYZ...
PyiFrozenFinder(/Users/x/code/musicdoubao/dist/吸气声弱化工具.app/Contents/Frameworks/setuptools): find_spec: attempting resolve using fallback finder FileFinder('/Users/x/code/musicdoubao/dist/吸气声弱化工具.app/Contents/Frameworks/setuptools').
PyiFrozenFinder(/Users/x/code/musicdoubao/dist/吸气声弱化工具.app/Contents/Frameworks/setuptools): find_spec: fallback finder returned spec: ModuleSpec(name='setuptools._itertools', loader=<_frozen_importlib_external.SourcelessFileLoader object at 0x10878c830>, origin='/Users/x/code/musicdoubao/dist/吸气声弱化工具.app/Contents/Frameworks/setuptools/_itertools.pyc').
# code object from '/Users/x/code/musicdoubao/dist/吸气声弱化工具.app/Contents/Frameworks/setuptools/_itertools.pyc'
import 'setuptools._itertools' # <_frozen_importlib_external.SourcelessFileLoader object at 0x10878c830>
PyiFrozenFinder(/Users/x/code/musicdoubao/dist/吸气声弱化工具.app/Contents/Frameworks/setuptools): find_spec: called with fullname='setuptools.errors', target='setuptools.errors'
PyiFrozenFinder(/Users/x/code/musicdoubao/dist/吸气声弱化工具.app/Contents/Frameworks/setuptools): find_spec: 'setuptools.errors' not found in PYZ...
PyiFrozenFinder(/Users/x/code/musicdoubao/dist/吸气声弱化工具.app/Contents/Frameworks/setuptools): find_spec: attempting resolve using fallback finder FileFinder('/Users/x/code/musicdoubao/dist/吸气声弱化工具.app/Contents/Frameworks/setuptools').
PyiFrozenFinder(/Users/x/code/musicdoubao/dist/吸气声弱化工具.app/Contents/Frameworks/setuptools): find_spec: fallback finder returned spec: ModuleSpec(name='setuptools.errors', loader=<_frozen_importlib_external.SourcelessFileLoader object at 0x108fba810>, origin='/Users/x/code/musicdoubao/dist/吸气声弱化工具.app/Contents/Frameworks/setuptools/errors.pyc').
# code object from '/Users/x/code/musicdoubao/dist/吸气声弱化工具.app/Contents/Frameworks/setuptools/errors.pyc'
import 'setuptools.errors' # <_frozen_importlib_external.SourcelessFileLoader object at 0x108fba810>
import 'setuptools._entry_points' # <_frozen_importlib_external.SourcelessFileLoader object at 0x108737d10>
PyiFrozenFinder(/Users/x/code/musicdoubao/dist/吸气声弱化工具.app/Contents/Frameworks/setuptools): find_spec: called with fullname='setuptools._reqs', target='setuptools._reqs'
PyiFrozenFinder(/Users/x/code/musicdoubao/dist/吸气声弱化工具.app/Contents/Frameworks/setuptools): find_spec: 'setuptools._reqs' not found in PYZ...
PyiFrozenFinder(/Users/x/code/musicdoubao/dist/吸气声弱化工具.app/Contents/Frameworks/setuptools): find_spec: attempting resolve using fallback finder FileFinder('/Users/x/code/musicdoubao/dist/吸气声弱化工具.app/Contents/Frameworks/setuptools').
PyiFrozenFinder(/Users/x/code/musicdoubao/dist/吸气声弱化工具.app/Contents/Frameworks/setuptools): find_spec: fallback finder returned spec: ModuleSpec(name='setuptools._reqs', loader=<_frozen_importlib_external.SourcelessFileLoader object at 0x108737cb0>, origin='/Users/x/code/musicdoubao/dist/吸气声弱化工具.app/Contents/Frameworks/setuptools/_reqs.pyc').
# code object from '/Users/x/code/musicdoubao/dist/吸气声弱化工具.app/Contents/Frameworks/setuptools/_reqs.pyc'
PyiFrozenFinder(/Users/x/code/musicdoubao/dist/吸气声弱化工具.app/Contents/Frameworks/packaging): find_spec: called with fullname='packaging.requirements', target='packaging.requirements'
PyiFrozenFinder(/Users/x/code/musicdoubao/dist/吸气声弱化工具.app/Contents/Frameworks/packaging): find_spec: 'packaging.requirements' not found in PYZ...
PyiFrozenFinder(/Users/x/code/musicdoubao/dist/吸气声弱化工具.app/Contents/Frameworks/packaging): find_spec: attempting resolve using fallback finder FileFinder('/Users/x/code/musicdoubao/dist/吸气声弱化工具.app/Contents/Frameworks/packaging').
PyiFrozenFinder(/Users/x/code/musicdoubao/dist/吸气声弱化工具.app/Contents/Frameworks/packaging): find_spec: fallback finder returned spec: ModuleSpec(name='packaging.requirements', loader=<_frozen_importlib_external.SourcelessFileLoader object at 0x109014350>, origin='/Users/x/code/musicdoubao/dist/吸气声弱化工具.app/Contents/Frameworks/packaging/requirements.pyc').
# code object from '/Users/x/code/musicdoubao/dist/吸气声弱化工具.app/Contents/Frameworks/packaging/requirements.pyc'
import 'packaging.requirements' # <_frozen_importlib_external.SourcelessFileLoader object at 0x109014350>
import 'setuptools._reqs' # <_frozen_importlib_external.SourcelessFileLoader object at 0x108737cb0>
PyiFrozenFinder(/Users/x/code/musicdoubao/dist/吸气声弱化工具.app/Contents/Frameworks/setuptools): find_spec: called with fullname='setuptools._static', target='setuptools._static'
PyiFrozenFinder(/Users/x/code/musicdoubao/dist/吸气声弱化工具.app/Contents/Frameworks/setuptools): find_spec: 'setuptools._static' not found in PYZ...
PyiFrozenFinder(/Users/x/code/musicdoubao/dist/吸气声弱化工具.app/Contents/Frameworks/setuptools): find_spec: attempting resolve using fallback finder FileFinder('/Users/x/code/musicdoubao/dist/吸气声弱化工具.app/Contents/Frameworks/setuptools').
PyiFrozenFinder(/Users/x/code/musicdoubao/dist/吸气声弱化工具.app/Contents/Frameworks/setuptools): find_spec: fallback finder returned spec: ModuleSpec(name='setuptools._static', loader=<_frozen_importlib_external.SourcelessFileLoader object at 0x1090142f0>, origin='/Users/x/code/musicdoubao/dist/吸气声弱化工具.app/Contents/Frameworks/setuptools/_static.pyc').
# code object from '/Users/x/code/musicdoubao/dist/吸气声弱化工具.app/Contents/Frameworks/setuptools/_static.pyc'
PyiFrozenFinder(/Users/x/code/musicdoubao/dist/吸气声弱化工具.app/Contents/Frameworks/setuptools): find_spec: called with fullname='setuptools.warnings', target='setuptools.warnings'
PyiFrozenFinder(/Users/x/code/musicdoubao/dist/吸气声弱化工具.app/Contents/Frameworks/setuptools): find_spec: 'setuptools.warnings' not found in PYZ...
PyiFrozenFinder(/Users/x/code/musicdoubao/dist/吸气声弱化工具.app/Contents/Frameworks/setuptools): find_spec: attempting resolve using fallback finder FileFinder('/Users/x/code/musicdoubao/dist/吸气声弱化工具.app/Contents/Frameworks/setuptools').
PyiFrozenFinder(/Users/x/code/musicdoubao/dist/吸气声弱化工具.app/Contents/Frameworks/setuptools): find_spec: fallback finder returned spec: ModuleSpec(name='setuptools.warnings', loader=<_frozen_importlib_external.SourcelessFileLoader object at 0x1090149b0>, origin='/Users/x/code/musicdoubao/dist/吸气声弱化工具.app/Contents/Frameworks/setuptools/warnings.pyc').
# code object from '/Users/x/code/musicdoubao/dist/吸气声弱化工具.app/Contents/Frameworks/setuptools/warnings.pyc'
import 'setuptools.warnings' # <_frozen_importlib_external.SourcelessFileLoader object at 0x1090149b0>
import 'setuptools._static' # <_frozen_importlib_external.SourcelessFileLoader object at 0x1090142f0>
PyiFrozenFinder(/Users/x/code/musicdoubao/dist/吸气声弱化工具.app/Contents/Frameworks/setuptools): find_spec: called with fullname='setuptools.command', target='setuptools.command'
PyiFrozenFinder(/Users/x/code/musicdoubao/dist/吸气声弱化工具.app/Contents/Frameworks/setuptools): find_spec: 'setuptools.command' not found in PYZ...
PyiFrozenFinder(/Users/x/code/musicdoubao/dist/吸气声弱化工具.app/Contents/Frameworks/setuptools): find_spec: attempting resolve using fallback finder FileFinder('/Users/x/code/musicdoubao/dist/吸气声弱化工具.app/Contents/Frameworks/setuptools').
PyiFrozenFinder(/Users/x/code/musicdoubao/dist/吸气声弱化工具.app/Contents/Frameworks/setuptools): find_spec: fallback finder returned spec: ModuleSpec(name='setuptools.command', loader=<_frozen_importlib_external.SourcelessFileLoader object at 0x109014650>, origin='/Users/x/code/musicdoubao/dist/吸气声弱化工具.app/Contents/Frameworks/setuptools/command/__init__.pyc', submodule_search_locations=['/Users/x/code/musicdoubao/dist/吸气声弱化工具.app/Contents/Frameworks/setuptools/command']).
# code object from '/Users/x/code/musicdoubao/dist/吸气声弱化工具.app/Contents/Frameworks/setuptools/command/__init__.pyc'
PyiFrozenFinder(/Users/x/code/musicdoubao/dist/吸气声弱化工具.app/Contents/Frameworks/setuptools/_distutils): find_spec: called with fullname='distutils.command', target='distutils.command'
PyiFrozenFinder(/Users/x/code/musicdoubao/dist/吸气声弱化工具.app/Contents/Frameworks/setuptools/_distutils): find_spec: 'distutils.command' not found in PYZ...
PyiFrozenFinder(/Users/x/code/musicdoubao/dist/吸气声弱化工具.app/Contents/Frameworks/setuptools/_distutils): find_spec: attempting resolve using fallback finder FileFinder('/Users/x/code/musicdoubao/dist/吸气声弱化工具.app/Contents/Frameworks/setuptools/_distutils').
PyiFrozenFinder(/Users/x/code/musicdoubao/dist/吸气声弱化工具.app/Contents/Frameworks/setuptools/_distutils): find_spec: fallback finder returned spec: ModuleSpec(name='distutils.command', loader=<_frozen_importlib_external.SourcelessFileLoader object at 0x109014d10>, origin='/Users/x/code/musicdoubao/dist/吸气声弱化工具.app/Contents/Frameworks/setuptools/_distutils/command/__init__.pyc', submodule_search_locations=['/Users/x/code/musicdoubao/dist/吸气声弱化工具.app/Contents/Frameworks/setuptools/_distutils/command']).
# code object from '/Users/x/code/musicdoubao/dist/吸气声弱化工具.app/Contents/Frameworks/setuptools/_distutils/command/__init__.pyc'
import 'distutils.command' # <_frozen_importlib_external.SourcelessFileLoader object at 0x109014d10>
PyInstaller: running path finder hook for path: '/Users/x/code/musicdoubao/dist/吸气声弱化工具.app/Contents/Frameworks/setuptools/_distutils/command'
PyInstaller: hook succeeded
PyiFrozenFinder(/Users/x/code/musicdoubao/dist/吸气声弱化工具.app/Contents/Frameworks/setuptools/_distutils/command): find_spec: called with fullname='distutils.command.bdist', target='distutils.command.bdist'
PyiFrozenFinder(/Users/x/code/musicdoubao/dist/吸气声弱化工具.app/Contents/Frameworks/setuptools/_distutils/command): find_spec: 'distutils.command.bdist' not found in PYZ...
PyiFrozenFinder(/Users/x/code/musicdoubao/dist/吸气声弱化工具.app/Contents/Frameworks/setuptools/_distutils/command): find_spec: attempting resolve using fallback finder FileFinder('/Users/x/code/musicdoubao/dist/吸气声弱化工具.app/Contents/Frameworks/setuptools/_distutils/command').
PyiFrozenFinder(/Users/x/code/musicdoubao/dist/吸气声弱化工具.app/Contents/Frameworks/setuptools/_distutils/command): find_spec: fallback finder returned spec: ModuleSpec(name='distutils.command.bdist', loader=<_frozen_importlib_external.SourcelessFileLoader object at 0x109014c50>, origin='/Users/x/code/musicdoubao/dist/吸气声弱化工具.app/Contents/Frameworks/setuptools/_distutils/command/bdist.pyc').
# code object from '/Users/x/code/musicdoubao/dist/吸气声弱化工具.app/Contents/Frameworks/setuptools/_distutils/command/bdist.pyc'
PyiFrozenFinder(/Users/x/code/musicdoubao/dist/吸气声弱化工具.app/Contents/Frameworks): find_spec: called with fullname='_osx_support', target='_osx_support'
PyiFrozenFinder(/Users/x/code/musicdoubao/dist/吸气声弱化工具.app/Contents/Frameworks): find_spec: '_osx_support' not found in PYZ...
PyiFrozenFinder(/Users/x/code/musicdoubao/dist/吸气声弱化工具.app/Contents/Frameworks): find_spec: attempting resolve using fallback finder FileFinder('/Users/x/code/musicdoubao/dist/吸气声弱化工具.app/Contents/Frameworks').
PyiFrozenFinder(/Users/x/code/musicdoubao/dist/吸气声弱化工具.app/Contents/Frameworks): find_spec: fallback finder returned spec: ModuleSpec(name='_osx_support', loader=<_frozen_importlib_external.SourcelessFileLoader object at 0x109014e90>, origin='/Users/x/code/musicdoubao/dist/吸气声弱化工具.app/Contents/Frameworks/_osx_support.pyc').
# code object from '/Users/x/code/musicdoubao/dist/吸气声弱化工具.app/Contents/Frameworks/_osx_support.pyc'
import '_osx_support' # <_frozen_importlib_external.SourcelessFileLoader object at 0x109014e90>
PyiFrozenFinder(/Users/x/code/musicdoubao/dist/吸气声弱化工具.app/Contents/Frameworks): find_spec: called with fullname='_sysconfigdata__darwin_darwin', target='_sysconfigdata__darwin_darwin'
PyiFrozenFinder(/Users/x/code/musicdoubao/dist/吸气声弱化工具.app/Contents/Frameworks): find_spec: '_sysconfigdata__darwin_darwin' not found in PYZ...
PyiFrozenFinder(/Users/x/code/musicdoubao/dist/吸气声弱化工具.app/Contents/Frameworks): find_spec: attempting resolve using fallback finder FileFinder('/Users/x/code/musicdoubao/dist/吸气声弱化工具.app/Contents/Frameworks').
PyiFrozenFinder(/Users/x/code/musicdoubao/dist/吸气声弱化工具.app/Contents/Frameworks): find_spec: fallback finder returned spec: ModuleSpec(name='_sysconfigdata__darwin_darwin', loader=<_frozen_importlib_external.SourcelessFileLoader object at 0x109015490>, origin='/Users/x/code/musicdoubao/dist/吸气声弱化工具.app/Contents/Frameworks/_sysconfigdata__darwin_darwin.pyc').
# code object from '/Users/x/code/musicdoubao/dist/吸气声弱化工具.app/Contents/Frameworks/_sysconfigdata__darwin_darwin.pyc'
import '_sysconfigdata__darwin_darwin' # <_frozen_importlib_external.SourcelessFileLoader object at 0x109015490>
import 'distutils.command.bdist' # <_frozen_importlib_external.SourcelessFileLoader object at 0x109014c50>
import 'setuptools.command' # <_frozen_importlib_external.SourcelessFileLoader object at 0x109014650>
PyiFrozenFinder(/Users/x/code/musicdoubao/dist/吸气声弱化工具.app/Contents/Frameworks/setuptools): find_spec: called with fullname='setuptools._normalization', target='setuptools._normalization'
PyiFrozenFinder(/Users/x/code/musicdoubao/dist/吸气声弱化工具.app/Contents/Frameworks/setuptools): find_spec: 'setuptools._normalization' not found in PYZ...
PyiFrozenFinder(/Users/x/code/musicdoubao/dist/吸气声弱化工具.app/Contents/Frameworks/setuptools): find_spec: attempting resolve using fallback finder FileFinder('/Users/x/code/musicdoubao/dist/吸气声弱化工具.app/Contents/Frameworks/setuptools').
PyiFrozenFinder(/Users/x/code/musicdoubao/dist/吸气声弱化工具.app/Contents/Frameworks/setuptools): find_spec: fallback finder returned spec: ModuleSpec(name='setuptools._normalization', loader=<_frozen_importlib_external.SourcelessFileLoader object at 0x109014cb0>, origin='/Users/x/code/musicdoubao/dist/吸气声弱化工具.app/Contents/Frameworks/setuptools/_normalization.pyc').
# code object from '/Users/x/code/musicdoubao/dist/吸气声弱化工具.app/Contents/Frameworks/setuptools/_normalization.pyc'
PyiFrozenFinder(/Users/x/code/musicdoubao/dist/吸气声弱化工具.app/Contents/Frameworks/packaging): find_spec: called with fullname='packaging.licenses', target='packaging.licenses'
PyiFrozenFinder(/Users/x/code/musicdoubao/dist/吸气声弱化工具.app/Contents/Frameworks/packaging): find_spec: 'packaging.licenses' not found in PYZ...
PyiFrozenFinder(/Users/x/code/musicdoubao/dist/吸气声弱化工具.app/Contents/Frameworks/packaging): find_spec: attempting resolve using fallback finder FileFinder('/Users/x/code/musicdoubao/dist/吸气声弱化工具.app/Contents/Frameworks/packaging').
PyiFrozenFinder(/Users/x/code/musicdoubao/dist/吸气声弱化工具.app/Contents/Frameworks/packaging): find_spec: fallback finder returned spec: ModuleSpec(name='packaging.licenses', loader=<_frozen_importlib_external.SourcelessFileLoader object at 0x1090162d0>, origin='/Users/x/code/musicdoubao/dist/吸气声弱化工具.app/Contents/Frameworks/packaging/licenses/__init__.pyc', submodule_search_locations=['/Users/x/code/musicdoubao/dist/吸气声弱化工具.app/Contents/Frameworks/packaging/licenses']).
# code object from '/Users/x/code/musicdoubao/dist/吸气声弱化工具.app/Contents/Frameworks/packaging/licenses/__init__.pyc'
PyInstaller: running path finder hook for path: '/Users/x/code/musicdoubao/dist/吸气声弱化工具.app/Contents/Frameworks/packaging/licenses'
PyInstaller: hook succeeded
PyiFrozenFinder(/Users/x/code/musicdoubao/dist/吸气声弱化工具.app/Contents/Frameworks/packaging/licenses): find_spec: called with fullname='packaging.licenses._spdx', target='packaging.licenses._spdx'
PyiFrozenFinder(/Users/x/code/musicdoubao/dist/吸气声弱化工具.app/Contents/Frameworks/packaging/licenses): find_spec: 'packaging.licenses._spdx' not found in PYZ...
PyiFrozenFinder(/Users/x/code/musicdoubao/dist/吸气声弱化工具.app/Contents/Frameworks/packaging/licenses): find_spec: attempting resolve using fallback finder FileFinder('/Users/x/code/musicdoubao/dist/吸气声弱化工具.app/Contents/Frameworks/packaging/licenses').
PyiFrozenFinder(/Users/x/code/musicdoubao/dist/吸气声弱化工具.app/Contents/Frameworks/packaging/licenses): find_spec: fallback finder returned spec: ModuleSpec(name='packaging.licenses._spdx', loader=<_frozen_importlib_external.SourcelessFileLoader object at 0x109016270>, origin='/Users/x/code/musicdoubao/dist/吸气声弱化工具.app/Contents/Frameworks/packaging/licenses/_spdx.pyc').
# code object from '/Users/x/code/musicdoubao/dist/吸气声弱化工具.app/Contents/Frameworks/packaging/licenses/_spdx.pyc'
import 'packaging.licenses._spdx' # <_frozen_importlib_external.SourcelessFileLoader object at 0x109016270>
import 'packaging.licenses' # <_frozen_importlib_external.SourcelessFileLoader object at 0x1090162d0>
import 'setuptools._normalization' # <_frozen_importlib_external.SourcelessFileLoader object at 0x109014cb0>
PyiFrozenFinder(/Users/x/code/musicdoubao/dist/吸气声弱化工具.app/Contents/Frameworks/setuptools): find_spec: called with fullname='setuptools.config', target='setuptools.config'
PyiFrozenFinder(/Users/x/code/musicdoubao/dist/吸气声弱化工具.app/Contents/Frameworks/setuptools): find_spec: 'setuptools.config' not found in PYZ...
PyiFrozenFinder(/Users/x/code/musicdoubao/dist/吸气声弱化工具.app/Contents/Frameworks/setuptools): find_spec: attempting resolve using fallback finder FileFinder('/Users/x/code/musicdoubao/dist/吸气声弱化工具.app/Contents/Frameworks/setuptools').
PyiFrozenFinder(/Users/x/code/musicdoubao/dist/吸气声弱化工具.app/Contents/Frameworks/setuptools): find_spec: fallback finder returned spec: ModuleSpec(name='setuptools.config', loader=<_frozen_importlib_external.SourcelessFileLoader object at 0x1090160f0>, origin='/Users/x/code/musicdoubao/dist/吸气声弱化工具.app/Contents/Frameworks/setuptools/config/__init__.pyc', submodule_search_locations=['/Users/x/code/musicdoubao/dist/吸气声弱化工具.app/Contents/Frameworks/setuptools/config']).
# code object from '/Users/x/code/musicdoubao/dist/吸气声弱化工具.app/Contents/Frameworks/setuptools/config/__init__.pyc'
PyInstaller: running path finder hook for path: '/Users/x/code/musicdoubao/dist/吸气声弱化工具.app/Contents/Frameworks/setuptools/config'
PyInstaller: hook succeeded
PyiFrozenFinder(/Users/x/code/musicdoubao/dist/吸气声弱化工具.app/Contents/Frameworks/setuptools/config): find_spec: called with fullname='setuptools.config.setupcfg', target='setuptools.config.setupcfg'
PyiFrozenFinder(/Users/x/code/musicdoubao/dist/吸气声弱化工具.app/Contents/Frameworks/setuptools/config): find_spec: 'setuptools.config.setupcfg' not found in PYZ...
PyiFrozenFinder(/Users/x/code/musicdoubao/dist/吸气声弱化工具.app/Contents/Frameworks/setuptools/config): find_spec: attempting resolve using fallback finder FileFinder('/Users/x/code/musicdoubao/dist/吸气声弱化工具.app/Contents/Frameworks/setuptools/config').
PyiFrozenFinder(/Users/x/code/musicdoubao/dist/吸气声弱化工具.app/Contents/Frameworks/setuptools/config): find_spec: fallback finder returned spec: ModuleSpec(name='setuptools.config.setupcfg', loader=<_frozen_importlib_external.SourcelessFileLoader object at 0x109016510>, origin='/Users/x/code/musicdoubao/dist/吸气声弱化工具.app/Contents/Frameworks/setuptools/config/setupcfg.pyc').
# code object from '/Users/x/code/musicdoubao/dist/吸气声弱化工具.app/Contents/Frameworks/setuptools/config/setupcfg.pyc'
PyiFrozenFinder(/Users/x/code/musicdoubao/dist/吸气声弱化工具.app/Contents/Frameworks/setuptools/config): find_spec: called with fullname='setuptools.config.expand', target='setuptools.config.expand'
PyiFrozenFinder(/Users/x/code/musicdoubao/dist/吸气声弱化工具.app/Contents/Frameworks/setuptools/config): find_spec: 'setuptools.config.expand' not found in PYZ...
PyiFrozenFinder(/Users/x/code/musicdoubao/dist/吸气声弱化工具.app/Contents/Frameworks/setuptools/config): find_spec: attempting resolve using fallback finder FileFinder('/Users/x/code/musicdoubao/dist/吸气声弱化工具.app/Contents/Frameworks/setuptools/config').
PyiFrozenFinder(/Users/x/code/musicdoubao/dist/吸气声弱化工具.app/Contents/Frameworks/setuptools/config): find_spec: fallback finder returned spec: ModuleSpec(name='setuptools.config.expand', loader=<_frozen_importlib_external.SourcelessFileLoader object at 0x1090171d0>, origin='/Users/x/code/musicdoubao/dist/吸气声弱化工具.app/Contents/Frameworks/setuptools/config/expand.pyc').
# code object from '/Users/x/code/musicdoubao/dist/吸气声弱化工具.app/Contents/Frameworks/setuptools/config/expand.pyc'
PyiFrozenFinder(/Users/x/code/musicdoubao/dist/吸气声弱化工具.app/Contents/Frameworks): find_spec: called with fullname='configparser', target='configparser'
PyiFrozenFinder(/Users/x/code/musicdoubao/dist/吸气声弱化工具.app/Contents/Frameworks): find_spec: 'configparser' not found in PYZ...
PyiFrozenFinder(/Users/x/code/musicdoubao/dist/吸气声弱化工具.app/Contents/Frameworks): find_spec: attempting resolve using fallback finder FileFinder('/Users/x/code/musicdoubao/dist/吸气声弱化工具.app/Contents/Frameworks').
PyiFrozenFinder(/Users/x/code/musicdoubao/dist/吸气声弱化工具.app/Contents/Frameworks): find_spec: fallback finder returned spec: ModuleSpec(name='configparser', loader=<_frozen_importlib_external.SourcelessFileLoader object at 0x109017b90>, origin='/Users/x/code/musicdoubao/dist/吸气声弱化工具.app/Contents/Frameworks/configparser.pyc').
# code object from '/Users/x/code/musicdoubao/dist/吸气声弱化工具.app/Contents/Frameworks/configparser.pyc'
import 'configparser' # <_frozen_importlib_external.SourcelessFileLoader object at 0x109017b90>
import 'setuptools.config.expand' # <_frozen_importlib_external.SourcelessFileLoader object at 0x1090171d0>
import 'setuptools.config.setupcfg' # <_frozen_importlib_external.SourcelessFileLoader object at 0x109016510>
import 'setuptools.config' # <_frozen_importlib_external.SourcelessFileLoader object at 0x1090160f0>
PyiFrozenFinder(/Users/x/code/musicdoubao/dist/吸气声弱化工具.app/Contents/Frameworks/setuptools/config): find_spec: called with fullname='setuptools.config.pyprojecttoml', target='setuptools.config.pyprojecttoml'
PyiFrozenFinder(/Users/x/code/musicdoubao/dist/吸气声弱化工具.app/Contents/Frameworks/setuptools/config): find_spec: 'setuptools.config.pyprojecttoml' not found in PYZ...
PyiFrozenFinder(/Users/x/code/musicdoubao/dist/吸气声弱化工具.app/Contents/Frameworks/setuptools/config): find_spec: attempting resolve using fallback finder FileFinder('/Users/x/code/musicdoubao/dist/吸气声弱化工具.app/Contents/Frameworks/setuptools/config').
PyiFrozenFinder(/Users/x/code/musicdoubao/dist/吸气声弱化工具.app/Contents/Frameworks/setuptools/config): find_spec: fallback finder returned spec: ModuleSpec(name='setuptools.config.pyprojecttoml', loader=<_frozen_importlib_external.SourcelessFileLoader object at 0x1090164b0>, origin='/Users/x/code/musicdoubao/dist/吸气声弱化工具.app/Contents/Frameworks/setuptools/config/pyprojecttoml.pyc').
# code object from '/Users/x/code/musicdoubao/dist/吸气声弱化工具.app/Contents/Frameworks/setuptools/config/pyprojecttoml.pyc'
PyiFrozenFinder(/Users/x/code/musicdoubao/dist/吸气声弱化工具.app/Contents/Frameworks/setuptools/config): find_spec: called with fullname='setuptools.config._apply_pyprojecttoml', target='setuptools.config._apply_pyprojecttoml'
PyiFrozenFinder(/Users/x/code/musicdoubao/dist/吸气声弱化工具.app/Contents/Frameworks/setuptools/config): find_spec: 'setuptools.config._apply_pyprojecttoml' not found in PYZ...
PyiFrozenFinder(/Users/x/code/musicdoubao/dist/吸气声弱化工具.app/Contents/Frameworks/setuptools/config): find_spec: attempting resolve using fallback finder FileFinder('/Users/x/code/musicdoubao/dist/吸气声弱化工具.app/Contents/Frameworks/setuptools/config').
PyiFrozenFinder(/Users/x/code/musicdoubao/dist/吸气声弱化工具.app/Contents/Frameworks/setuptools/config): find_spec: fallback finder returned spec: ModuleSpec(name='setuptools.config._apply_pyprojecttoml', loader=<_frozen_importlib_external.SourcelessFileLoader object at 0x1090a8bf0>, origin='/Users/x/code/musicdoubao/dist/吸气声弱化工具.app/Contents/Frameworks/setuptools/config/_apply_pyprojecttoml.pyc').
# code object from '/Users/x/code/musicdoubao/dist/吸气声弱化工具.app/Contents/Frameworks/setuptools/config/_apply_pyprojecttoml.pyc'
PyiFrozenFinder(/Users/x/code/musicdoubao/dist/吸气声弱化工具.app/Contents/Frameworks/email): find_spec: called with fullname='email.headerregistry', target='email.headerregistry'
PyiFrozenFinder(/Users/x/code/musicdoubao/dist/吸气声弱化工具.app/Contents/Frameworks/email): find_spec: 'email.headerregistry' not found in PYZ...
PyiFrozenFinder(/Users/x/code/musicdoubao/dist/吸气声弱化工具.app/Contents/Frameworks/email): find_spec: attempting resolve using fallback finder FileFinder('/Users/x/code/musicdoubao/dist/吸气声弱化工具.app/Contents/Frameworks/email').
PyiFrozenFinder(/Users/x/code/musicdoubao/dist/吸气声弱化工具.app/Contents/Frameworks/email): find_spec: fallback finder returned spec: ModuleSpec(name='email.headerregistry', loader=<_frozen_importlib_external.SourcelessFileLoader object at 0x1091004d0>, origin='/Users/x/code/musicdoubao/dist/吸气声弱化工具.app/Contents/Frameworks/email/headerregistry.pyc').
# code object from '/Users/x/code/musicdoubao/dist/吸气声弱化工具.app/Contents/Frameworks/email/headerregistry.pyc'
PyiFrozenFinder(/Users/x/code/musicdoubao/dist/吸气声弱化工具.app/Contents/Frameworks/email): find_spec: called with fullname='email._header_value_parser', target='email._header_value_parser'
PyiFrozenFinder(/Users/x/code/musicdoubao/dist/吸气声弱化工具.app/Contents/Frameworks/email): find_spec: 'email._header_value_parser' not found in PYZ...
PyiFrozenFinder(/Users/x/code/musicdoubao/dist/吸气声弱化工具.app/Contents/Frameworks/email): find_spec: attempting resolve using fallback finder FileFinder('/Users/x/code/musicdoubao/dist/吸气声弱化工具.app/Contents/Frameworks/email').
PyiFrozenFinder(/Users/x/code/musicdoubao/dist/吸气声弱化工具.app/Contents/Frameworks/email): find_spec: fallback finder returned spec: ModuleSpec(name='email._header_value_parser', loader=<_frozen_importlib_external.SourcelessFileLoader object at 0x109100e30>, origin='/Users/x/code/musicdoubao/dist/吸气声弱化工具.app/Contents/Frameworks/email/_header_value_parser.pyc').
# code object from '/Users/x/code/musicdoubao/dist/吸气声弱化工具.app/Contents/Frameworks/email/_header_value_parser.pyc'
import 'email._header_value_parser' # <_frozen_importlib_external.SourcelessFileLoader object at 0x109100e30>
import 'email.headerregistry' # <_frozen_importlib_external.SourcelessFileLoader object at 0x1091004d0>
PyiFrozenFinder(/Users/x/code/musicdoubao/dist/吸气声弱化工具.app/Contents/Frameworks/setuptools): find_spec: called with fullname='setuptools.extension', target='setuptools.extension'
PyiFrozenFinder(/Users/x/code/musicdoubao/dist/吸气声弱化工具.app/Contents/Frameworks/setuptools): find_spec: 'setuptools.extension' not found in PYZ...
PyiFrozenFinder(/Users/x/code/musicdoubao/dist/吸气声弱化工具.app/Contents/Frameworks/setuptools): find_spec: attempting resolve using fallback finder FileFinder('/Users/x/code/musicdoubao/dist/吸气声弱化工具.app/Contents/Frameworks/setuptools').
PyiFrozenFinder(/Users/x/code/musicdoubao/dist/吸气声弱化工具.app/Contents/Frameworks/setuptools): find_spec: fallback finder returned spec: ModuleSpec(name='setuptools.extension', loader=<_frozen_importlib_external.SourcelessFileLoader object at 0x109101310>, origin='/Users/x/code/musicdoubao/dist/吸气声弱化工具.app/Contents/Frameworks/setuptools/extension.pyc').
# code object from '/Users/x/code/musicdoubao/dist/吸气声弱化工具.app/Contents/Frameworks/setuptools/extension.pyc'
import 'setuptools.extension' # <_frozen_importlib_external.SourcelessFileLoader object at 0x109101310>
import 'setuptools.config._apply_pyprojecttoml' # <_frozen_importlib_external.SourcelessFileLoader object at 0x1090a8bf0>
import 'setuptools.config.pyprojecttoml' # <_frozen_importlib_external.SourcelessFileLoader object at 0x1090164b0>
import 'setuptools.dist' # <_frozen_importlib_external.SourcelessFileLoader object at 0x1086e6690>
PyiFrozenFinder(/Users/x/code/musicdoubao/dist/吸气声弱化工具.app/Contents/Frameworks/setuptools): find_spec: called with fullname='setuptools.version', target='setuptools.version'
PyiFrozenFinder(/Users/x/code/musicdoubao/dist/吸气声弱化工具.app/Contents/Frameworks/setuptools): find_spec: 'setuptools.version' not found in PYZ...
PyiFrozenFinder(/Users/x/code/musicdoubao/dist/吸气声弱化工具.app/Contents/Frameworks/setuptools): find_spec: attempting resolve using fallback finder FileFinder('/Users/x/code/musicdoubao/dist/吸气声弱化工具.app/Contents/Frameworks/setuptools').
PyiFrozenFinder(/Users/x/code/musicdoubao/dist/吸气声弱化工具.app/Contents/Frameworks/setuptools): find_spec: fallback finder returned spec: ModuleSpec(name='setuptools.version', loader=<_frozen_importlib_external.SourcelessFileLoader object at 0x108734890>, origin='/Users/x/code/musicdoubao/dist/吸气声弱化工具.app/Contents/Frameworks/setuptools/version.pyc').
# code object from '/Users/x/code/musicdoubao/dist/吸气声弱化工具.app/Contents/Frameworks/setuptools/version.pyc'
import 'setuptools.version' # <_frozen_importlib_external.SourcelessFileLoader object at 0x108734890>
PyiFrozenFinder(/Users/x/code/musicdoubao/dist/吸气声弱化工具.app/Contents/Frameworks/setuptools): find_spec: called with fullname='setuptools._core_metadata', target='setuptools._core_metadata'
PyiFrozenFinder(/Users/x/code/musicdoubao/dist/吸气声弱化工具.app/Contents/Frameworks/setuptools): find_spec: 'setuptools._core_metadata' not found in PYZ...
PyiFrozenFinder(/Users/x/code/musicdoubao/dist/吸气声弱化工具.app/Contents/Frameworks/setuptools): find_spec: attempting resolve using fallback finder FileFinder('/Users/x/code/musicdoubao/dist/吸气声弱化工具.app/Contents/Frameworks/setuptools').
PyiFrozenFinder(/Users/x/code/musicdoubao/dist/吸气声弱化工具.app/Contents/Frameworks/setuptools): find_spec: fallback finder returned spec: ModuleSpec(name='setuptools._core_metadata', loader=<_frozen_importlib_external.SourcelessFileLoader object at 0x109016690>, origin='/Users/x/code/musicdoubao/dist/吸气声弱化工具.app/Contents/Frameworks/setuptools/_core_metadata.pyc').
# code object from '/Users/x/code/musicdoubao/dist/吸气声弱化工具.app/Contents/Frameworks/setuptools/_core_metadata.pyc'
import 'setuptools._core_metadata' # <_frozen_importlib_external.SourcelessFileLoader object at 0x109016690>
import 'setuptools' # <_frozen_importlib_external.SourcelessFileLoader object at 0x1079c1910>
[PYI-37682:DEBUG] LOADER: running pyi_rth__tkinter.py
[PYI-37682:DEBUG] LOADER: running breath_reduce_mac.py
PyiFrozenFinder(/Users/x/code/musicdoubao/dist/吸气声弱化工具.app/Contents/Frameworks): find_spec: called with fullname='tkinter', target='tkinter'
PyiFrozenFinder(/Users/x/code/musicdoubao/dist/吸气声弱化工具.app/Contents/Frameworks): find_spec: 'tkinter' not found in PYZ...
PyiFrozenFinder(/Users/x/code/musicdoubao/dist/吸气声弱化工具.app/Contents/Frameworks): find_spec: attempting resolve using fallback finder FileFinder('/Users/x/code/musicdoubao/dist/吸气声弱化工具.app/Contents/Frameworks').
PyiFrozenFinder(/Users/x/code/musicdoubao/dist/吸气声弱化工具.app/Contents/Frameworks): find_spec: fallback finder returned spec: ModuleSpec(name='tkinter', loader=<_frozen_importlib_external.SourcelessFileLoader object at 0x10912d190>, origin='/Users/x/code/musicdoubao/dist/吸气声弱化工具.app/Contents/Frameworks/tkinter/__init__.pyc', submodule_search_locations=['/Users/x/code/musicdoubao/dist/吸气声弱化工具.app/Contents/Frameworks/tkinter']).
# code object from '/Users/x/code/musicdoubao/dist/吸气声弱化工具.app/Contents/Frameworks/tkinter/__init__.pyc'
# extension module '_tkinter' loaded from '/Users/x/code/musicdoubao/dist/吸气声弱化工具.app/Contents/Frameworks/python3.14/lib-dynload/_tkinter.cpython-314-darwin.so'
# extension module '_tkinter' executed from '/Users/x/code/musicdoubao/dist/吸气声弱化工具.app/Contents/Frameworks/python3.14/lib-dynload/_tkinter.cpython-314-darwin.so'
import '_tkinter' # <_frozen_importlib_external.ExtensionFileLoader object at 0x10913cf30>
PyInstaller: running path finder hook for path: '/Users/x/code/musicdoubao/dist/吸气声弱化工具.app/Contents/Frameworks/tkinter'
PyInstaller: hook succeeded
PyiFrozenFinder(/Users/x/code/musicdoubao/dist/吸气声弱化工具.app/Contents/Frameworks/tkinter): find_spec: called with fullname='tkinter.constants', target='tkinter.constants'
PyiFrozenFinder(/Users/x/code/musicdoubao/dist/吸气声弱化工具.app/Contents/Frameworks/tkinter): find_spec: 'tkinter.constants' not found in PYZ...
PyiFrozenFinder(/Users/x/code/musicdoubao/dist/吸气声弱化工具.app/Contents/Frameworks/tkinter): find_spec: attempting resolve using fallback finder FileFinder('/Users/x/code/musicdoubao/dist/吸气声弱化工具.app/Contents/Frameworks/tkinter').
PyiFrozenFinder(/Users/x/code/musicdoubao/dist/吸气声弱化工具.app/Contents/Frameworks/tkinter): find_spec: fallback finder returned spec: ModuleSpec(name='tkinter.constants', loader=<_frozen_importlib_external.SourcelessFileLoader object at 0x10912f3b0>, origin='/Users/x/code/musicdoubao/dist/吸气声弱化工具.app/Contents/Frameworks/tkinter/constants.pyc').
# code object from '/Users/x/code/musicdoubao/dist/吸气声弱化工具.app/Contents/Frameworks/tkinter/constants.pyc'
import 'tkinter.constants' # <_frozen_importlib_external.SourcelessFileLoader object at 0x10912f3b0>
import 'tkinter' # <_frozen_importlib_external.SourcelessFileLoader object at 0x10912d190>
PyiFrozenFinder(/Users/x/code/musicdoubao/dist/吸气声弱化工具.app/Contents/Frameworks/tkinter): find_spec: called with fullname='tkinter.filedialog', target='tkinter.filedialog'
PyiFrozenFinder(/Users/x/code/musicdoubao/dist/吸气声弱化工具.app/Contents/Frameworks/tkinter): find_spec: 'tkinter.filedialog' not found in PYZ...
PyiFrozenFinder(/Users/x/code/musicdoubao/dist/吸气声弱化工具.app/Contents/Frameworks/tkinter): find_spec: attempting resolve using fallback finder FileFinder('/Users/x/code/musicdoubao/dist/吸气声弱化工具.app/Contents/Frameworks/tkinter').
PyiFrozenFinder(/Users/x/code/musicdoubao/dist/吸气声弱化工具.app/Contents/Frameworks/tkinter): find_spec: fallback finder returned spec: ModuleSpec(name='tkinter.filedialog', loader=<_frozen_importlib_external.SourcelessFileLoader object at 0x10912f710>, origin='/Users/x/code/musicdoubao/dist/吸气声弱化工具.app/Contents/Frameworks/tkinter/filedialog.pyc').
# code object from '/Users/x/code/musicdoubao/dist/吸气声弱化工具.app/Contents/Frameworks/tkinter/filedialog.pyc'
PyiFrozenFinder(/Users/x/code/musicdoubao/dist/吸气声弱化工具.app/Contents/Frameworks/tkinter): find_spec: called with fullname='tkinter.dialog', target='tkinter.dialog'
PyiFrozenFinder(/Users/x/code/musicdoubao/dist/吸气声弱化工具.app/Contents/Frameworks/tkinter): find_spec: 'tkinter.dialog' not found in PYZ...
PyiFrozenFinder(/Users/x/code/musicdoubao/dist/吸气声弱化工具.app/Contents/Frameworks/tkinter): find_spec: attempting resolve using fallback finder FileFinder('/Users/x/code/musicdoubao/dist/吸气声弱化工具.app/Contents/Frameworks/tkinter').
PyiFrozenFinder(/Users/x/code/musicdoubao/dist/吸气声弱化工具.app/Contents/Frameworks/tkinter): find_spec: fallback finder returned spec: ModuleSpec(name='tkinter.dialog', loader=<_frozen_importlib_external.SourcelessFileLoader object at 0x1091a16d0>, origin='/Users/x/code/musicdoubao/dist/吸气声弱化工具.app/Contents/Frameworks/tkinter/dialog.pyc').
# code object from '/Users/x/code/musicdoubao/dist/吸气声弱化工具.app/Contents/Frameworks/tkinter/dialog.pyc'
import 'tkinter.dialog' # <_frozen_importlib_external.SourcelessFileLoader object at 0x1091a16d0>
PyiFrozenFinder(/Users/x/code/musicdoubao/dist/吸气声弱化工具.app/Contents/Frameworks/tkinter): find_spec: called with fullname='tkinter.commondialog', target='tkinter.commondialog'
PyiFrozenFinder(/Users/x/code/musicdoubao/dist/吸气声弱化工具.app/Contents/Frameworks/tkinter): find_spec: 'tkinter.commondialog' not found in PYZ...
PyiFrozenFinder(/Users/x/code/musicdoubao/dist/吸气声弱化工具.app/Contents/Frameworks/tkinter): find_spec: attempting resolve using fallback finder FileFinder('/Users/x/code/musicdoubao/dist/吸气声弱化工具.app/Contents/Frameworks/tkinter').
PyiFrozenFinder(/Users/x/code/musicdoubao/dist/吸气声弱化工具.app/Contents/Frameworks/tkinter): find_spec: fallback finder returned spec: ModuleSpec(name='tkinter.commondialog', loader=<_frozen_importlib_external.SourcelessFileLoader object at 0x1091a18b0>, origin='/Users/x/code/musicdoubao/dist/吸气声弱化工具.app/Contents/Frameworks/tkinter/commondialog.pyc').
# code object from '/Users/x/code/musicdoubao/dist/吸气声弱化工具.app/Contents/Frameworks/tkinter/commondialog.pyc'
import 'tkinter.commondialog' # <_frozen_importlib_external.SourcelessFileLoader object at 0x1091a18b0>
PyiFrozenFinder(/Users/x/code/musicdoubao/dist/吸气声弱化工具.app/Contents/Frameworks/tkinter): find_spec: called with fullname='tkinter.simpledialog', target='tkinter.simpledialog'
PyiFrozenFinder(/Users/x/code/musicdoubao/dist/吸气声弱化工具.app/Contents/Frameworks/tkinter): find_spec: 'tkinter.simpledialog' not found in PYZ...
PyiFrozenFinder(/Users/x/code/musicdoubao/dist/吸气声弱化工具.app/Contents/Frameworks/tkinter): find_spec: attempting resolve using fallback finder FileFinder('/Users/x/code/musicdoubao/dist/吸气声弱化工具.app/Contents/Frameworks/tkinter').
PyiFrozenFinder(/Users/x/code/musicdoubao/dist/吸气声弱化工具.app/Contents/Frameworks/tkinter): find_spec: fallback finder returned spec: ModuleSpec(name='tkinter.simpledialog', loader=<_frozen_importlib_external.SourcelessFileLoader object at 0x1091a3110>, origin='/Users/x/code/musicdoubao/dist/吸气声弱化工具.app/Contents/Frameworks/tkinter/simpledialog.pyc').
# code object from '/Users/x/code/musicdoubao/dist/吸气声弱化工具.app/Contents/Frameworks/tkinter/simpledialog.pyc'
PyiFrozenFinder(/Users/x/code/musicdoubao/dist/吸气声弱化工具.app/Contents/Frameworks/tkinter): find_spec: called with fullname='tkinter.messagebox', target='tkinter.messagebox'
PyiFrozenFinder(/Users/x/code/musicdoubao/dist/吸气声弱化工具.app/Contents/Frameworks/tkinter): find_spec: 'tkinter.messagebox' not found in PYZ...
PyiFrozenFinder(/Users/x/code/musicdoubao/dist/吸气声弱化工具.app/Contents/Frameworks/tkinter): find_spec: attempting resolve using fallback finder FileFinder('/Users/x/code/musicdoubao/dist/吸气声弱化工具.app/Contents/Frameworks/tkinter').
PyiFrozenFinder(/Users/x/code/musicdoubao/dist/吸气声弱化工具.app/Contents/Frameworks/tkinter): find_spec: fallback finder returned spec: ModuleSpec(name='tkinter.messagebox', loader=<_frozen_importlib_external.SourcelessFileLoader object at 0x1091f5610>, origin='/Users/x/code/musicdoubao/dist/吸气声弱化工具.app/Contents/Frameworks/tkinter/messagebox.pyc').
# code object from '/Users/x/code/musicdoubao/dist/吸气声弱化工具.app/Contents/Frameworks/tkinter/messagebox.pyc'
import 'tkinter.messagebox' # <_frozen_importlib_external.SourcelessFileLoader object at 0x1091f5610>
import 'tkinter.simpledialog' # <_frozen_importlib_external.SourcelessFileLoader object at 0x1091a3110>
import 'tkinter.filedialog' # <_frozen_importlib_external.SourcelessFileLoader object at 0x10912f710>
PyiFrozenFinder(/Users/x/code/musicdoubao/dist/吸气声弱化工具.app/Contents/Frameworks/tkinter): find_spec: called with fullname='tkinter.ttk', target='tkinter.ttk'
PyiFrozenFinder(/Users/x/code/musicdoubao/dist/吸气声弱化工具.app/Contents/Frameworks/tkinter): find_spec: 'tkinter.ttk' not found in PYZ...
PyiFrozenFinder(/Users/x/code/musicdoubao/dist/吸气声弱化工具.app/Contents/Frameworks/tkinter): find_spec: attempting resolve using fallback finder FileFinder('/Users/x/code/musicdoubao/dist/吸气声弱化工具.app/Contents/Frameworks/tkinter').
PyiFrozenFinder(/Users/x/code/musicdoubao/dist/吸气声弱化工具.app/Contents/Frameworks/tkinter): find_spec: fallback finder returned spec: ModuleSpec(name='tkinter.ttk', loader=<_frozen_importlib_external.SourcelessFileLoader object at 0x1091a1670>, origin='/Users/x/code/musicdoubao/dist/吸气声弱化工具.app/Contents/Frameworks/tkinter/ttk.pyc').
# code object from '/Users/x/code/musicdoubao/dist/吸气声弱化工具.app/Contents/Frameworks/tkinter/ttk.pyc'
import 'tkinter.ttk' # <_frozen_importlib_external.SourcelessFileLoader object at 0x1091a1670>
PyiFrozenFinder(/Users/x/code/musicdoubao/dist/吸气声弱化工具.app/Contents/Frameworks): find_spec: called with fullname='librosa', target='librosa'
PyiFrozenFinder(/Users/x/code/musicdoubao/dist/吸气声弱化工具.app/Contents/Frameworks): find_spec: 'librosa' not found in PYZ...
PyiFrozenFinder(/Users/x/code/musicdoubao/dist/吸气声弱化工具.app/Contents/Frameworks): find_spec: attempting resolve using fallback finder FileFinder('/Users/x/code/musicdoubao/dist/吸气声弱化工具.app/Contents/Frameworks').
PyiFrozenFinder(/Users/x/code/musicdoubao/dist/吸气声弱化工具.app/Contents/Frameworks): find_spec: fallback finder returned spec: ModuleSpec(name='librosa', loader=<_frozen_importlib_external.SourcelessFileLoader object at 0x1091f7890>, origin='/Users/x/code/musicdoubao/dist/吸气声弱化工具.app/Contents/Frameworks/librosa/__init__.pyc', submodule_search_locations=['/Users/x/code/musicdoubao/dist/吸气声弱化工具.app/Contents/Frameworks/librosa']).
# code object from '/Users/x/code/musicdoubao/dist/吸气声弱化工具.app/Contents/Frameworks/librosa/__init__.pyc'
PyiFrozenFinder(/Users/x/code/musicdoubao/dist/吸气声弱化工具.app/Contents/Frameworks): find_spec: called with fullname='lazy_loader', target='lazy_loader'
PyiFrozenFinder(/Users/x/code/musicdoubao/dist/吸气声弱化工具.app/Contents/Frameworks): find_spec: 'lazy_loader' not found in PYZ...
PyiFrozenFinder(/Users/x/code/musicdoubao/dist/吸气声弱化工具.app/Contents/Frameworks): find_spec: attempting resolve using fallback finder FileFinder('/Users/x/code/musicdoubao/dist/吸气声弱化工具.app/Contents/Frameworks').
PyiFrozenFinder(/Users/x/code/musicdoubao/dist/吸气声弱化工具.app/Contents/Frameworks): find_spec: fallback finder returned spec: ModuleSpec(name='lazy_loader', loader=<_frozen_importlib_external.SourcelessFileLoader object at 0x1091f7290>, origin='/Users/x/code/musicdoubao/dist/吸气声弱化工具.app/Contents/Frameworks/lazy_loader/__init__.pyc', submodule_search_locations=['/Users/x/code/musicdoubao/dist/吸气声弱化工具.app/Contents/Frameworks/lazy_loader']).
# code object from '/Users/x/code/musicdoubao/dist/吸气声弱化工具.app/Contents/Frameworks/lazy_loader/__init__.pyc'
import 'lazy_loader' # <_frozen_importlib_external.SourcelessFileLoader object at 0x1091f7290>
PyInstaller: running path finder hook for path: '/Users/x/code/musicdoubao/dist/吸气声弱化工具.app/Contents/Frameworks/librosa'
PyInstaller: hook succeeded
PyiFrozenFinder(/Users/x/code/musicdoubao/dist/吸气声弱化工具.app/Contents/Frameworks/librosa): find_spec: called with fullname='librosa.version', target='librosa.version'
PyiFrozenFinder(/Users/x/code/musicdoubao/dist/吸气声弱化工具.app/Contents/Frameworks/librosa): find_spec: 'librosa.version' not found in PYZ...
PyiFrozenFinder(/Users/x/code/musicdoubao/dist/吸气声弱化工具.app/Contents/Frameworks/librosa): find_spec: attempting resolve using fallback finder FileFinder('/Users/x/code/musicdoubao/dist/吸气声弱化工具.app/Contents/Frameworks/librosa').
PyiFrozenFinder(/Users/x/code/musicdoubao/dist/吸气声弱化工具.app/Contents/Frameworks/librosa): find_spec: fallback finder returned spec: ModuleSpec(name='librosa.version', loader=<_frozen_importlib_external.SourcelessFileLoader object at 0x1091f73b0>, origin='/Users/x/code/musicdoubao/dist/吸气声弱化工具.app/Contents/Frameworks/librosa/version.pyc').
# code object from '/Users/x/code/musicdoubao/dist/吸气声弱化工具.app/Contents/Frameworks/librosa/version.pyc'
import 'librosa.version' # <_frozen_importlib_external.SourcelessFileLoader object at 0x1091f73b0>
import 'librosa' # <_frozen_importlib_external.SourcelessFileLoader object at 0x1091f7890>
PyiFrozenFinder(/Users/x/code/musicdoubao/dist/吸气声弱化工具.app/Contents/Frameworks): find_spec: called with fullname='numpy', target='numpy'
PyiFrozenFinder(/Users/x/code/musicdoubao/dist/吸气声弱化工具.app/Contents/Frameworks): find_spec: 'numpy' not found in PYZ...
PyiFrozenFinder(/Users/x/code/musicdoubao/dist/吸气声弱化工具.app/Contents/Frameworks): find_spec: attempting resolve using fallback finder FileFinder('/Users/x/code/musicdoubao/dist/吸气声弱化工具.app/Contents/Frameworks').
PyiFrozenFinder(/Users/x/code/musicdoubao/dist/吸气声弱化工具.app/Contents/Frameworks): find_spec: fallback finder returned spec: ModuleSpec(name='numpy', loader=<_frozen_importlib_external.SourcelessFileLoader object at 0x1091f7710>, origin='/Users/x/code/musicdoubao/dist/吸气声弱化工具.app/Contents/Frameworks/numpy/__init__.pyc', submodule_search_locations=['/Users/x/code/musicdoubao/dist/吸气声弱化工具.app/Contents/Frameworks/numpy']).
# code object from '/Users/x/code/musicdoubao/dist/吸气声弱化工具.app/Contents/Frameworks/numpy/__init__.pyc'
PyInstaller: running path finder hook for path: '/Users/x/code/musicdoubao/dist/吸气声弱化工具.app/Contents/Frameworks/numpy'
PyInstaller: hook succeeded
PyiFrozenFinder(/Users/x/code/musicdoubao/dist/吸气声弱化工具.app/Contents/Frameworks/numpy): find_spec: called with fullname='numpy.version', target='numpy.version'
PyiFrozenFinder(/Users/x/code/musicdoubao/dist/吸气声弱化工具.app/Contents/Frameworks/numpy): find_spec: 'numpy.version' not found in PYZ...
PyiFrozenFinder(/Users/x/code/musicdoubao/dist/吸气声弱化工具.app/Contents/Frameworks/numpy): find_spec: attempting resolve using fallback finder FileFinder('/Users/x/code/musicdoubao/dist/吸气声弱化工具.app/Contents/Frameworks/numpy').
PyiFrozenFinder(/Users/x/code/musicdoubao/dist/吸气声弱化工具.app/Contents/Frameworks/numpy): find_spec: fallback finder returned spec: ModuleSpec(name='numpy.version', loader=<_frozen_importlib_external.SourcelessFileLoader object at 0x109260290>, origin='/Users/x/code/musicdoubao/dist/吸气声弱化工具.app/Contents/Frameworks/numpy/version.pyc').
# code object from '/Users/x/code/musicdoubao/dist/吸气声弱化工具.app/Contents/Frameworks/numpy/version.pyc'
import 'numpy.version' # <_frozen_importlib_external.SourcelessFileLoader object at 0x109260290>
PyiFrozenFinder(/Users/x/code/musicdoubao/dist/吸气声弱化工具.app/Contents/Frameworks/numpy): find_spec: called with fullname='numpy._expired_attrs_2_0', target='numpy._expired_attrs_2_0'
PyiFrozenFinder(/Users/x/code/musicdoubao/dist/吸气声弱化工具.app/Contents/Frameworks/numpy): find_spec: 'numpy._expired_attrs_2_0' not found in PYZ...
PyiFrozenFinder(/Users/x/code/musicdoubao/dist/吸气声弱化工具.app/Contents/Frameworks/numpy): find_spec: attempting resolve using fallback finder FileFinder('/Users/x/code/musicdoubao/dist/吸气声弱化工具.app/Contents/Frameworks/numpy').
PyiFrozenFinder(/Users/x/code/musicdoubao/dist/吸气声弱化工具.app/Contents/Frameworks/numpy): find_spec: fallback finder returned spec: ModuleSpec(name='numpy._expired_attrs_2_0', loader=<_frozen_importlib_external.SourcelessFileLoader object at 0x109260590>, origin='/Users/x/code/musicdoubao/dist/吸气声弱化工具.app/Contents/Frameworks/numpy/_expired_attrs_2_0.pyc').
# code object from '/Users/x/code/musicdoubao/dist/吸气声弱化工具.app/Contents/Frameworks/numpy/_expired_attrs_2_0.pyc'
import 'numpy._expired_attrs_2_0' # <_frozen_importlib_external.SourcelessFileLoader object at 0x109260590>
PyiFrozenFinder(/Users/x/code/musicdoubao/dist/吸气声弱化工具.app/Contents/Frameworks/numpy): find_spec: called with fullname='numpy._globals', target='numpy._globals'
PyiFrozenFinder(/Users/x/code/musicdoubao/dist/吸气声弱化工具.app/Contents/Frameworks/numpy): find_spec: 'numpy._globals' not found in PYZ...
PyiFrozenFinder(/Users/x/code/musicdoubao/dist/吸气声弱化工具.app/Contents/Frameworks/numpy): find_spec: attempting resolve using fallback finder FileFinder('/Users/x/code/musicdoubao/dist/吸气声弱化工具.app/Contents/Frameworks/numpy').
PyiFrozenFinder(/Users/x/code/musicdoubao/dist/吸气声弱化工具.app/Contents/Frameworks/numpy): find_spec: fallback finder returned spec: ModuleSpec(name='numpy._globals', loader=<_frozen_importlib_external.SourcelessFileLoader object at 0x109260a70>, origin='/Users/x/code/musicdoubao/dist/吸气声弱化工具.app/Contents/Frameworks/numpy/_globals.pyc').
# code object from '/Users/x/code/musicdoubao/dist/吸气声弱化工具.app/Contents/Frameworks/numpy/_globals.pyc'
PyiFrozenFinder(/Users/x/code/musicdoubao/dist/吸气声弱化工具.app/Contents/Frameworks/numpy): find_spec: called with fullname='numpy._utils', target='numpy._utils'
PyiFrozenFinder(/Users/x/code/musicdoubao/dist/吸气声弱化工具.app/Contents/Frameworks/numpy): find_spec: 'numpy._utils' not found in PYZ...
PyiFrozenFinder(/Users/x/code/musicdoubao/dist/吸气声弱化工具.app/Contents/Frameworks/numpy): find_spec: attempting resolve using fallback finder FileFinder('/Users/x/code/musicdoubao/dist/吸气声弱化工具.app/Contents/Frameworks/numpy').
PyiFrozenFinder(/Users/x/code/musicdoubao/dist/吸气声弱化工具.app/Contents/Frameworks/numpy): find_spec: fallback finder returned spec: ModuleSpec(name='numpy._utils', loader=<_frozen_importlib_external.SourcelessFileLoader object at 0x109260c50>, origin='/Users/x/code/musicdoubao/dist/吸气声弱化工具.app/Contents/Frameworks/numpy/_utils/__init__.pyc', submodule_search_locations=['/Users/x/code/musicdoubao/dist/吸气声弱化工具.app/Contents/Frameworks/numpy/_utils']).
# code object from '/Users/x/code/musicdoubao/dist/吸气声弱化工具.app/Contents/Frameworks/numpy/_utils/__init__.pyc'
PyInstaller: running path finder hook for path: '/Users/x/code/musicdoubao/dist/吸气声弱化工具.app/Contents/Frameworks/numpy/_utils'
PyInstaller: hook succeeded
PyiFrozenFinder(/Users/x/code/musicdoubao/dist/吸气声弱化工具.app/Contents/Frameworks/numpy/_utils): find_spec: called with fullname='numpy._utils._convertions', target='numpy._utils._convertions'
PyiFrozenFinder(/Users/x/code/musicdoubao/dist/吸气声弱化工具.app/Contents/Frameworks/numpy/_utils): find_spec: 'numpy._utils._convertions' not found in PYZ...
PyiFrozenFinder(/Users/x/code/musicdoubao/dist/吸气声弱化工具.app/Contents/Frameworks/numpy/_utils): find_spec: attempting resolve using fallback finder FileFinder('/Users/x/code/musicdoubao/dist/吸气声弱化工具.app/Contents/Frameworks/numpy/_utils').
PyiFrozenFinder(/Users/x/code/musicdoubao/dist/吸气声弱化工具.app/Contents/Frameworks/numpy/_utils): find_spec: fallback finder returned spec: ModuleSpec(name='numpy._utils._convertions', loader=<_frozen_importlib_external.SourcelessFileLoader object at 0x109260ef0>, origin='/Users/x/code/musicdoubao/dist/吸气声弱化工具.app/Contents/Frameworks/numpy/_utils/_convertions.pyc').
# code object from '/Users/x/code/musicdoubao/dist/吸气声弱化工具.app/Contents/Frameworks/numpy/_utils/_convertions.pyc'
import 'numpy._utils._convertions' # <_frozen_importlib_external.SourcelessFileLoader object at 0x109260ef0>
import 'numpy._utils' # <_frozen_importlib_external.SourcelessFileLoader object at 0x109260c50>
import 'numpy._globals' # <_frozen_importlib_external.SourcelessFileLoader object at 0x109260a70>
PyiFrozenFinder(/Users/x/code/musicdoubao/dist/吸气声弱化工具.app/Contents/Frameworks/numpy): find_spec: called with fullname='numpy._distributor_init', target='numpy._distributor_init'
PyiFrozenFinder(/Users/x/code/musicdoubao/dist/吸气声弱化工具.app/Contents/Frameworks/numpy): find_spec: 'numpy._distributor_init' not found in PYZ...
PyiFrozenFinder(/Users/x/code/musicdoubao/dist/吸气声弱化工具.app/Contents/Frameworks/numpy): find_spec: attempting resolve using fallback finder FileFinder('/Users/x/code/musicdoubao/dist/吸气声弱化工具.app/Contents/Frameworks/numpy').
PyiFrozenFinder(/Users/x/code/musicdoubao/dist/吸气声弱化工具.app/Contents/Frameworks/numpy): find_spec: fallback finder returned spec: ModuleSpec(name='numpy._distributor_init', loader=<_frozen_importlib_external.SourcelessFileLoader object at 0x109260b30>, origin='/Users/x/code/musicdoubao/dist/吸气声弱化工具.app/Contents/Frameworks/numpy/_distributor_init.pyc').
# code object from '/Users/x/code/musicdoubao/dist/吸气声弱化工具.app/Contents/Frameworks/numpy/_distributor_init.pyc'
PyiFrozenFinder(/Users/x/code/musicdoubao/dist/吸气声弱化工具.app/Contents/Frameworks/numpy): find_spec: called with fullname='numpy._distributor_init_local', target='numpy._distributor_init_local'
PyiFrozenFinder(/Users/x/code/musicdoubao/dist/吸气声弱化工具.app/Contents/Frameworks/numpy): find_spec: 'numpy._distributor_init_local' not found in PYZ...
PyiFrozenFinder(/Users/x/code/musicdoubao/dist/吸气声弱化工具.app/Contents/Frameworks/numpy): find_spec: attempting resolve using fallback finder FileFinder('/Users/x/code/musicdoubao/dist/吸气声弱化工具.app/Contents/Frameworks/numpy').
PyiFrozenFinder(/Users/x/code/musicdoubao/dist/吸气声弱化工具.app/Contents/Frameworks/numpy): find_spec: fallback finder returned spec: None.
import 'numpy._distributor_init' # <_frozen_importlib_external.SourcelessFileLoader object at 0x109260b30>
PyiFrozenFinder(/Users/x/code/musicdoubao/dist/吸气声弱化工具.app/Contents/Frameworks/numpy): find_spec: called with fullname='numpy.__config__', target='numpy.__config__'
PyiFrozenFinder(/Users/x/code/musicdoubao/dist/吸气声弱化工具.app/Contents/Frameworks/numpy): find_spec: 'numpy.__config__' not found in PYZ...
PyiFrozenFinder(/Users/x/code/musicdoubao/dist/吸气声弱化工具.app/Contents/Frameworks/numpy): find_spec: attempting resolve using fallback finder FileFinder('/Users/x/code/musicdoubao/dist/吸气声弱化工具.app/Contents/Frameworks/numpy').
PyiFrozenFinder(/Users/x/code/musicdoubao/dist/吸气声弱化工具.app/Contents/Frameworks/numpy): find_spec: fallback finder returned spec: ModuleSpec(name='numpy.__config__', loader=<_frozen_importlib_external.SourcelessFileLoader object at 0x109260d10>, origin='/Users/x/code/musicdoubao/dist/吸气声弱化工具.app/Contents/Frameworks/numpy/__config__.pyc').
# code object from '/Users/x/code/musicdoubao/dist/吸气声弱化工具.app/Contents/Frameworks/numpy/__config__.pyc'
PyiFrozenFinder(/Users/x/code/musicdoubao/dist/吸气声弱化工具.app/Contents/Frameworks/numpy): find_spec: called with fullname='numpy._core', target='numpy._core'
PyiFrozenFinder(/Users/x/code/musicdoubao/dist/吸气声弱化工具.app/Contents/Frameworks/numpy): find_spec: 'numpy._core' not found in PYZ...
PyiFrozenFinder(/Users/x/code/musicdoubao/dist/吸气声弱化工具.app/Contents/Frameworks/numpy): find_spec: attempting resolve using fallback finder FileFinder('/Users/x/code/musicdoubao/dist/吸气声弱化工具.app/Contents/Frameworks/numpy').
PyiFrozenFinder(/Users/x/code/musicdoubao/dist/吸气声弱化工具.app/Contents/Frameworks/numpy): find_spec: fallback finder returned spec: ModuleSpec(name='numpy._core', loader=<_frozen_importlib_external.SourcelessFileLoader object at 0x1092610d0>, origin='/Users/x/code/musicdoubao/dist/吸气声弱化工具.app/Contents/Frameworks/numpy/_core/__init__.pyc', submodule_search_locations=['/Users/x/code/musicdoubao/dist/吸气声弱化工具.app/Contents/Frameworks/numpy/_core']).
# code object from '/Users/x/code/musicdoubao/dist/吸气声弱化工具.app/Contents/Frameworks/numpy/_core/__init__.pyc'
PyInstaller: running path finder hook for path: '/Users/x/code/musicdoubao/dist/吸气声弱化工具.app/Contents/Frameworks/numpy/_core'
PyInstaller: hook succeeded
PyiFrozenFinder(/Users/x/code/musicdoubao/dist/吸气声弱化工具.app/Contents/Frameworks/numpy/_core): find_spec: called with fullname='numpy._core.multiarray', target='numpy._core.multiarray'
PyiFrozenFinder(/Users/x/code/musicdoubao/dist/吸气声弱化工具.app/Contents/Frameworks/numpy/_core): find_spec: 'numpy._core.multiarray' not found in PYZ...
PyiFrozenFinder(/Users/x/code/musicdoubao/dist/吸气声弱化工具.app/Contents/Frameworks/numpy/_core): find_spec: attempting resolve using fallback finder FileFinder('/Users/x/code/musicdoubao/dist/吸气声弱化工具.app/Contents/Frameworks/numpy/_core').
PyiFrozenFinder(/Users/x/code/musicdoubao/dist/吸气声弱化工具.app/Contents/Frameworks/numpy/_core): find_spec: fallback finder returned spec: ModuleSpec(name='numpy._core.multiarray', loader=<_frozen_importlib_external.SourcelessFileLoader object at 0x1092612b0>, origin='/Users/x/code/musicdoubao/dist/吸气声弱化工具.app/Contents/Frameworks/numpy/_core/multiarray.pyc').
# code object from '/Users/x/code/musicdoubao/dist/吸气声弱化工具.app/Contents/Frameworks/numpy/_core/multiarray.pyc'
PyiFrozenFinder(/Users/x/code/musicdoubao/dist/吸气声弱化工具.app/Contents/Frameworks/numpy/_core): find_spec: called with fullname='numpy._core._multiarray_umath', target='numpy._core._multiarray_umath'
PyiFrozenFinder(/Users/x/code/musicdoubao/dist/吸气声弱化工具.app/Contents/Frameworks/numpy/_core): find_spec: 'numpy._core._multiarray_umath' not found in PYZ...
PyiFrozenFinder(/Users/x/code/musicdoubao/dist/吸气声弱化工具.app/Contents/Frameworks/numpy/_core): find_spec: attempting resolve using fallback finder FileFinder('/Users/x/code/musicdoubao/dist/吸气声弱化工具.app/Contents/Frameworks/numpy/_core').
PyiFrozenFinder(/Users/x/code/musicdoubao/dist/吸气声弱化工具.app/Contents/Frameworks/numpy/_core): find_spec: fallback finder returned spec: ModuleSpec(name='numpy._core._multiarray_umath', loader=<_frozen_importlib_external.ExtensionFileLoader object at 0x1091f3af0>, origin='/Users/x/code/musicdoubao/dist/吸气声弱化工具.app/Contents/Frameworks/numpy/_core/_multiarray_umath.cpython-314-darwin.so').
# extension module 'numpy._core._multiarray_umath' loaded from '/Users/x/code/musicdoubao/dist/吸气声弱化工具.app/Contents/Frameworks/numpy/_core/_multiarray_umath.cpython-314-darwin.so'
PyiFrozenFinder(/Users/x/code/musicdoubao/dist/吸气声弱化工具.app/Contents/Frameworks/numpy): find_spec: called with fullname='numpy.exceptions', target='numpy.exceptions'
PyiFrozenFinder(/Users/x/code/musicdoubao/dist/吸气声弱化工具.app/Contents/Frameworks/numpy): find_spec: 'numpy.exceptions' not found in PYZ...
PyiFrozenFinder(/Users/x/code/musicdoubao/dist/吸气声弱化工具.app/Contents/Frameworks/numpy): find_spec: attempting resolve using fallback finder FileFinder('/Users/x/code/musicdoubao/dist/吸气声弱化工具.app/Contents/Frameworks/numpy').
PyiFrozenFinder(/Users/x/code/musicdoubao/dist/吸气声弱化工具.app/Contents/Frameworks/numpy): find_spec: fallback finder returned spec: ModuleSpec(name='numpy.exceptions', loader=<_frozen_importlib_external.SourcelessFileLoader object at 0x109261670>, origin='/Users/x/code/musicdoubao/dist/吸气声弱化工具.app/Contents/Frameworks/numpy/exceptions.pyc').
# code object from '/Users/x/code/musicdoubao/dist/吸气声弱化工具.app/Contents/Frameworks/numpy/exceptions.pyc'
import 'numpy.exceptions' # <_frozen_importlib_external.SourcelessFileLoader object at 0x109261670>
PyiFrozenFinder(/Users/x/code/musicdoubao/dist/吸气声弱化工具.app/Contents/Frameworks/numpy/_core): find_spec: called with fullname='numpy._core._exceptions', target='numpy._core._exceptions'
PyiFrozenFinder(/Users/x/code/musicdoubao/dist/吸气声弱化工具.app/Contents/Frameworks/numpy/_core): find_spec: 'numpy._core._exceptions' not found in PYZ...
PyiFrozenFinder(/Users/x/code/musicdoubao/dist/吸气声弱化工具.app/Contents/Frameworks/numpy/_core): find_spec: attempting resolve using fallback finder FileFinder('/Users/x/code/musicdoubao/dist/吸气声弱化工具.app/Contents/Frameworks/numpy/_core').
PyiFrozenFinder(/Users/x/code/musicdoubao/dist/吸气声弱化工具.app/Contents/Frameworks/numpy/_core): find_spec: fallback finder returned spec: ModuleSpec(name='numpy._core._exceptions', loader=<_frozen_importlib_external.SourcelessFileLoader object at 0x109261a30>, origin='/Users/x/code/musicdoubao/dist/吸气声弱化工具.app/Contents/Frameworks/numpy/_core/_exceptions.pyc').
# code object from '/Users/x/code/musicdoubao/dist/吸气声弱化工具.app/Contents/Frameworks/numpy/_core/_exceptions.pyc'
import 'numpy._core._exceptions' # <_frozen_importlib_external.SourcelessFileLoader object at 0x109261a30>
PyiFrozenFinder(/Users/x/code/musicdoubao/dist/吸气声弱化工具.app/Contents/Frameworks/numpy/_core): find_spec: called with fullname='numpy._core.printoptions', target='numpy._core.printoptions'
PyiFrozenFinder(/Users/x/code/musicdoubao/dist/吸气声弱化工具.app/Contents/Frameworks/numpy/_core): find_spec: 'numpy._core.printoptions' not found in PYZ...
PyiFrozenFinder(/Users/x/code/musicdoubao/dist/吸气声弱化工具.app/Contents/Frameworks/numpy/_core): find_spec: attempting resolve using fallback finder FileFinder('/Users/x/code/musicdoubao/dist/吸气声弱化工具.app/Contents/Frameworks/numpy/_core').
PyiFrozenFinder(/Users/x/code/musicdoubao/dist/吸气声弱化工具.app/Contents/Frameworks/numpy/_core): find_spec: fallback finder returned spec: ModuleSpec(name='numpy._core.printoptions', loader=<_frozen_importlib_external.SourcelessFileLoader object at 0x109261eb0>, origin='/Users/x/code/musicdoubao/dist/吸气声弱化工具.app/Contents/Frameworks/numpy/_core/printoptions.pyc').
# code object from '/Users/x/code/musicdoubao/dist/吸气声弱化工具.app/Contents/Frameworks/numpy/_core/printoptions.pyc'
PyiFrozenFinder(/Users/x/code/musicdoubao/dist/吸气声弱化工具.app/Contents/Frameworks): find_spec: called with fullname='contextvars', target='contextvars'
PyiFrozenFinder(/Users/x/code/musicdoubao/dist/吸气声弱化工具.app/Contents/Frameworks): find_spec: 'contextvars' not found in PYZ...
PyiFrozenFinder(/Users/x/code/musicdoubao/dist/吸气声弱化工具.app/Contents/Frameworks): find_spec: attempting resolve using fallback finder FileFinder('/Users/x/code/musicdoubao/dist/吸气声弱化工具.app/Contents/Frameworks').
PyiFrozenFinder(/Users/x/code/musicdoubao/dist/吸气声弱化工具.app/Contents/Frameworks): find_spec: fallback finder returned spec: ModuleSpec(name='contextvars', loader=<_frozen_importlib_external.SourcelessFileLoader object at 0x109261f70>, origin='/Users/x/code/musicdoubao/dist/吸气声弱化工具.app/Contents/Frameworks/contextvars.pyc').
# code object from '/Users/x/code/musicdoubao/dist/吸气声弱化工具.app/Contents/Frameworks/contextvars.pyc'
import 'contextvars' # <_frozen_importlib_external.SourcelessFileLoader object at 0x109261f70>
import 'numpy._core.printoptions' # <_frozen_importlib_external.SourcelessFileLoader object at 0x109261eb0>
PyiFrozenFinder(/Users/x/code/musicdoubao/dist/吸气声弱化工具.app/Contents/Frameworks/numpy): find_spec: called with fullname='numpy.dtypes', target='numpy.dtypes'
PyiFrozenFinder(/Users/x/code/musicdoubao/dist/吸气声弱化工具.app/Contents/Frameworks/numpy): find_spec: 'numpy.dtypes' not found in PYZ...
PyiFrozenFinder(/Users/x/code/musicdoubao/dist/吸气声弱化工具.app/Contents/Frameworks/numpy): find_spec: attempting resolve using fallback finder FileFinder('/Users/x/code/musicdoubao/dist/吸气声弱化工具.app/Contents/Frameworks/numpy').
PyiFrozenFinder(/Users/x/code/musicdoubao/dist/吸气声弱化工具.app/Contents/Frameworks/numpy): find_spec: fallback finder returned spec: ModuleSpec(name='numpy.dtypes', loader=<_frozen_importlib_external.SourcelessFileLoader object at 0x109263d70>, origin='/Users/x/code/musicdoubao/dist/吸气声弱化工具.app/Contents/Frameworks/numpy/dtypes.pyc').
# code object from '/Users/x/code/musicdoubao/dist/吸气声弱化工具.app/Contents/Frameworks/numpy/dtypes.pyc'
import 'numpy.dtypes' # <_frozen_importlib_external.SourcelessFileLoader object at 0x109263d70>
# extension module 'numpy._core._multiarray_umath' executed from '/Users/x/code/musicdoubao/dist/吸气声弱化工具.app/Contents/Frameworks/numpy/_core/_multiarray_umath.cpython-314-darwin.so'
import 'numpy._core._multiarray_umath' # <_frozen_importlib_external.ExtensionFileLoader object at 0x1091f3af0>
PyiFrozenFinder(/Users/x/code/musicdoubao/dist/吸气声弱化工具.app/Contents/Frameworks/numpy/_core): find_spec: called with fullname='numpy._core.overrides', target='numpy._core.overrides'
PyiFrozenFinder(/Users/x/code/musicdoubao/dist/吸气声弱化工具.app/Contents/Frameworks/numpy/_core): find_spec: 'numpy._core.overrides' not found in PYZ...
PyiFrozenFinder(/Users/x/code/musicdoubao/dist/吸气声弱化工具.app/Contents/Frameworks/numpy/_core): find_spec: attempting resolve using fallback finder FileFinder('/Users/x/code/musicdoubao/dist/吸气声弱化工具.app/Contents/Frameworks/numpy/_core').
PyiFrozenFinder(/Users/x/code/musicdoubao/dist/吸气声弱化工具.app/Contents/Frameworks/numpy/_core): find_spec: fallback finder returned spec: ModuleSpec(name='numpy._core.overrides', loader=<_frozen_importlib_external.SourcelessFileLoader object at 0x109313fb0>, origin='/Users/x/code/musicdoubao/dist/吸气声弱化工具.app/Contents/Frameworks/numpy/_core/overrides.pyc').
# code object from '/Users/x/code/musicdoubao/dist/吸气声弱化工具.app/Contents/Frameworks/numpy/_core/overrides.pyc'
PyiFrozenFinder(/Users/x/code/musicdoubao/dist/吸气声弱化工具.app/Contents/Frameworks/numpy/_utils): find_spec: called with fullname='numpy._utils._inspect', target='numpy._utils._inspect'
PyiFrozenFinder(/Users/x/code/musicdoubao/dist/吸气声弱化工具.app/Contents/Frameworks/numpy/_utils): find_spec: 'numpy._utils._inspect' not found in PYZ...
PyiFrozenFinder(/Users/x/code/musicdoubao/dist/吸气声弱化工具.app/Contents/Frameworks/numpy/_utils): find_spec: attempting resolve using fallback finder FileFinder('/Users/x/code/musicdoubao/dist/吸气声弱化工具.app/Contents/Frameworks/numpy/_utils').
PyiFrozenFinder(/Users/x/code/musicdoubao/dist/吸气声弱化工具.app/Contents/Frameworks/numpy/_utils): find_spec: fallback finder returned spec: ModuleSpec(name='numpy._utils._inspect', loader=<_frozen_importlib_external.SourcelessFileLoader object at 0x1093a8410>, origin='/Users/x/code/musicdoubao/dist/吸气声弱化工具.app/Contents/Frameworks/numpy/_utils/_inspect.pyc').
# code object from '/Users/x/code/musicdoubao/dist/吸气声弱化工具.app/Contents/Frameworks/numpy/_utils/_inspect.pyc'
import 'numpy._utils._inspect' # <_frozen_importlib_external.SourcelessFileLoader object at 0x1093a8410>
import 'numpy._core.overrides' # <_frozen_importlib_external.SourcelessFileLoader object at 0x109313fb0>
import 'numpy._core.multiarray' # <_frozen_importlib_external.SourcelessFileLoader object at 0x1092612b0>
PyiFrozenFinder(/Users/x/code/musicdoubao/dist/吸气声弱化工具.app/Contents/Frameworks/numpy/_core): find_spec: called with fullname='numpy._core.umath', target='numpy._core.umath'
PyiFrozenFinder(/Users/x/code/musicdoubao/dist/吸气声弱化工具.app/Contents/Frameworks/numpy/_core): find_spec: 'numpy._core.umath' not found in PYZ...
PyiFrozenFinder(/Users/x/code/musicdoubao/dist/吸气声弱化工具.app/Contents/Frameworks/numpy/_core): find_spec: attempting resolve using fallback finder FileFinder('/Users/x/code/musicdoubao/dist/吸气声弱化工具.app/Contents/Frameworks/numpy/_core').
PyiFrozenFinder(/Users/x/code/musicdoubao/dist/吸气声弱化工具.app/Contents/Frameworks/numpy/_core): find_spec: fallback finder returned spec: ModuleSpec(name='numpy._core.umath', loader=<_frozen_importlib_external.SourcelessFileLoader object at 0x1093a8a10>, origin='/Users/x/code/musicdoubao/dist/吸气声弱化工具.app/Contents/Frameworks/numpy/_core/umath.pyc').
# code object from '/Users/x/code/musicdoubao/dist/吸气声弱化工具.app/Contents/Frameworks/numpy/_core/umath.pyc'
import 'numpy._core.umath' # <_frozen_importlib_external.SourcelessFileLoader object at 0x1093a8a10>
PyiFrozenFinder(/Users/x/code/musicdoubao/dist/吸气声弱化工具.app/Contents/Frameworks/numpy/_core): find_spec: called with fullname='numpy._core.numerictypes', target='numpy._core.numerictypes'
PyiFrozenFinder(/Users/x/code/musicdoubao/dist/吸气声弱化工具.app/Contents/Frameworks/numpy/_core): find_spec: 'numpy._core.numerictypes' not found in PYZ...
PyiFrozenFinder(/Users/x/code/musicdoubao/dist/吸气声弱化工具.app/Contents/Frameworks/numpy/_core): find_spec: attempting resolve using fallback finder FileFinder('/Users/x/code/musicdoubao/dist/吸气声弱化工具.app/Contents/Frameworks/numpy/_core').
PyiFrozenFinder(/Users/x/code/musicdoubao/dist/吸气声弱化工具.app/Contents/Frameworks/numpy/_core): find_spec: fallback finder returned spec: ModuleSpec(name='numpy._core.numerictypes', loader=<_frozen_importlib_external.SourcelessFileLoader object at 0x1093a8a70>, origin='/Users/x/code/musicdoubao/dist/吸气声弱化工具.app/Contents/Frameworks/numpy/_core/numerictypes.pyc').
# code object from '/Users/x/code/musicdoubao/dist/吸气声弱化工具.app/Contents/Frameworks/numpy/_core/numerictypes.pyc'
PyiFrozenFinder(/Users/x/code/musicdoubao/dist/吸气声弱化工具.app/Contents/Frameworks/numpy/_core): find_spec: called with fullname='numpy._core._dtype', target='numpy._core._dtype'
PyiFrozenFinder(/Users/x/code/musicdoubao/dist/吸气声弱化工具.app/Contents/Frameworks/numpy/_core): find_spec: 'numpy._core._dtype' not found in PYZ...
PyiFrozenFinder(/Users/x/code/musicdoubao/dist/吸气声弱化工具.app/Contents/Frameworks/numpy/_core): find_spec: attempting resolve using fallback finder FileFinder('/Users/x/code/musicdoubao/dist/吸气声弱化工具.app/Contents/Frameworks/numpy/_core').
PyiFrozenFinder(/Users/x/code/musicdoubao/dist/吸气声弱化工具.app/Contents/Frameworks/numpy/_core): find_spec: fallback finder returned spec: ModuleSpec(name='numpy._core._dtype', loader=<_frozen_importlib_external.SourcelessFileLoader object at 0x1093a89b0>, origin='/Users/x/code/musicdoubao/dist/吸气声弱化工具.app/Contents/Frameworks/numpy/_core/_dtype.pyc').
# code object from '/Users/x/code/musicdoubao/dist/吸气声弱化工具.app/Contents/Frameworks/numpy/_core/_dtype.pyc'
import 'numpy._core._dtype' # <_frozen_importlib_external.SourcelessFileLoader object at 0x1093a89b0>
PyiFrozenFinder(/Users/x/code/musicdoubao/dist/吸气声弱化工具.app/Contents/Frameworks/numpy/_core): find_spec: called with fullname='numpy._core._string_helpers', target='numpy._core._string_helpers'
PyiFrozenFinder(/Users/x/code/musicdoubao/dist/吸气声弱化工具.app/Contents/Frameworks/numpy/_core): find_spec: 'numpy._core._string_helpers' not found in PYZ...
PyiFrozenFinder(/Users/x/code/musicdoubao/dist/吸气声弱化工具.app/Contents/Frameworks/numpy/_core): find_spec: attempting resolve using fallback finder FileFinder('/Users/x/code/musicdoubao/dist/吸气声弱化工具.app/Contents/Frameworks/numpy/_core').
PyiFrozenFinder(/Users/x/code/musicdoubao/dist/吸气声弱化工具.app/Contents/Frameworks/numpy/_core): find_spec: fallback finder returned spec: ModuleSpec(name='numpy._core._string_helpers', loader=<_frozen_importlib_external.SourcelessFileLoader object at 0x1093a8ef0>, origin='/Users/x/code/musicdoubao/dist/吸气声弱化工具.app/Contents/Frameworks/numpy/_core/_string_helpers.pyc').
# code object from '/Users/x/code/musicdoubao/dist/吸气声弱化工具.app/Contents/Frameworks/numpy/_core/_string_helpers.pyc'
import 'numpy._core._string_helpers' # <_frozen_importlib_external.SourcelessFileLoader object at 0x1093a8ef0>
PyiFrozenFinder(/Users/x/code/musicdoubao/dist/吸气声弱化工具.app/Contents/Frameworks/numpy/_core): find_spec: called with fullname='numpy._core._type_aliases', target='numpy._core._type_aliases'
PyiFrozenFinder(/Users/x/code/musicdoubao/dist/吸气声弱化工具.app/Contents/Frameworks/numpy/_core): find_spec: 'numpy._core._type_aliases' not found in PYZ...
PyiFrozenFinder(/Users/x/code/musicdoubao/dist/吸气声弱化工具.app/Contents/Frameworks/numpy/_core): find_spec: attempting resolve using fallback finder FileFinder('/Users/x/code/musicdoubao/dist/吸气声弱化工具.app/Contents/Frameworks/numpy/_core').
PyiFrozenFinder(/Users/x/code/musicdoubao/dist/吸气声弱化工具.app/Contents/Frameworks/numpy/_core): find_spec: fallback finder returned spec: ModuleSpec(name='numpy._core._type_aliases', loader=<_frozen_importlib_external.SourcelessFileLoader object at 0x1093a8fb0>, origin='/Users/x/code/musicdoubao/dist/吸气声弱化工具.app/Contents/Frameworks/numpy/_core/_type_aliases.pyc').
# code object from '/Users/x/code/musicdoubao/dist/吸气声弱化工具.app/Contents/Frameworks/numpy/_core/_type_aliases.pyc'
import 'numpy._core._type_aliases' # <_frozen_importlib_external.SourcelessFileLoader object at 0x1093a8fb0>
import 'numpy._core.numerictypes' # <_frozen_importlib_external.SourcelessFileLoader object at 0x1093a8a70>
PyiFrozenFinder(/Users/x/code/musicdoubao/dist/吸气声弱化工具.app/Contents/Frameworks/numpy/_core): find_spec: called with fullname='numpy._core.einsumfunc', target='numpy._core.einsumfunc'
PyiFrozenFinder(/Users/x/code/musicdoubao/dist/吸气声弱化工具.app/Contents/Frameworks/numpy/_core): find_spec: 'numpy._core.einsumfunc' not found in PYZ...
PyiFrozenFinder(/Users/x/code/musicdoubao/dist/吸气声弱化工具.app/Contents/Frameworks/numpy/_core): find_spec: attempting resolve using fallback finder FileFinder('/Users/x/code/musicdoubao/dist/吸气声弱化工具.app/Contents/Frameworks/numpy/_core').
PyiFrozenFinder(/Users/x/code/musicdoubao/dist/吸气声弱化工具.app/Contents/Frameworks/numpy/_core): find_spec: fallback finder returned spec: ModuleSpec(name='numpy._core.einsumfunc', loader=<_frozen_importlib_external.SourcelessFileLoader object at 0x1093a8950>, origin='/Users/x/code/musicdoubao/dist/吸气声弱化工具.app/Contents/Frameworks/numpy/_core/einsumfunc.pyc').
# code object from '/Users/x/code/musicdoubao/dist/吸气声弱化工具.app/Contents/Frameworks/numpy/_core/einsumfunc.pyc'
PyiFrozenFinder(/Users/x/code/musicdoubao/dist/吸气声弱化工具.app/Contents/Frameworks/numpy/_core): find_spec: called with fullname='numpy._core.numeric', target='numpy._core.numeric'
PyiFrozenFinder(/Users/x/code/musicdoubao/dist/吸气声弱化工具.app/Contents/Frameworks/numpy/_core): find_spec: 'numpy._core.numeric' not found in PYZ...
PyiFrozenFinder(/Users/x/code/musicdoubao/dist/吸气声弱化工具.app/Contents/Frameworks/numpy/_core): find_spec: attempting resolve using fallback finder FileFinder('/Users/x/code/musicdoubao/dist/吸气声弱化工具.app/Contents/Frameworks/numpy/_core').
PyiFrozenFinder(/Users/x/code/musicdoubao/dist/吸气声弱化工具.app/Contents/Frameworks/numpy/_core): find_spec: fallback finder returned spec: ModuleSpec(name='numpy._core.numeric', loader=<_frozen_importlib_external.SourcelessFileLoader object at 0x1093a9370>, origin='/Users/x/code/musicdoubao/dist/吸气声弱化工具.app/Contents/Frameworks/numpy/_core/numeric.pyc').
# code object from '/Users/x/code/musicdoubao/dist/吸气声弱化工具.app/Contents/Frameworks/numpy/_core/numeric.pyc'
PyiFrozenFinder(/Users/x/code/musicdoubao/dist/吸气声弱化工具.app/Contents/Frameworks/numpy/_core): find_spec: called with fullname='numpy._core.shape_base', target='numpy._core.shape_base'
PyiFrozenFinder(/Users/x/code/musicdoubao/dist/吸气声弱化工具.app/Contents/Frameworks/numpy/_core): find_spec: 'numpy._core.shape_base' not found in PYZ...
PyiFrozenFinder(/Users/x/code/musicdoubao/dist/吸气声弱化工具.app/Contents/Frameworks/numpy/_core): find_spec: attempting resolve using fallback finder FileFinder('/Users/x/code/musicdoubao/dist/吸气声弱化工具.app/Contents/Frameworks/numpy/_core').
PyiFrozenFinder(/Users/x/code/musicdoubao/dist/吸气声弱化工具.app/Contents/Frameworks/numpy/_core): find_spec: fallback finder returned spec: ModuleSpec(name='numpy._core.shape_base', loader=<_frozen_importlib_external.SourcelessFileLoader object at 0x1093a9b50>, origin='/Users/x/code/musicdoubao/dist/吸气声弱化工具.app/Contents/Frameworks/numpy/_core/shape_base.pyc').
# code object from '/Users/x/code/musicdoubao/dist/吸气声弱化工具.app/Contents/Frameworks/numpy/_core/shape_base.pyc'
PyiFrozenFinder(/Users/x/code/musicdoubao/dist/吸气声弱化工具.app/Contents/Frameworks/numpy/_core): find_spec: called with fullname='numpy._core.fromnumeric', target='numpy._core.fromnumeric'
PyiFrozenFinder(/Users/x/code/musicdoubao/dist/吸气声弱化工具.app/Contents/Frameworks/numpy/_core): find_spec: 'numpy._core.fromnumeric' not found in PYZ...
PyiFrozenFinder(/Users/x/code/musicdoubao/dist/吸气声弱化工具.app/Contents/Frameworks/numpy/_core): find_spec: attempting resolve using fallback finder FileFinder('/Users/x/code/musicdoubao/dist/吸气声弱化工具.app/Contents/Frameworks/numpy/_core').
PyiFrozenFinder(/Users/x/code/musicdoubao/dist/吸气声弱化工具.app/Contents/Frameworks/numpy/_core): find_spec: fallback finder returned spec: ModuleSpec(name='numpy._core.fromnumeric', loader=<_frozen_importlib_external.SourcelessFileLoader object at 0x1093aae70>, origin='/Users/x/code/musicdoubao/dist/吸气声弱化工具.app/Contents/Frameworks/numpy/_core/fromnumeric.pyc').
# code object from '/Users/x/code/musicdoubao/dist/吸气声弱化工具.app/Contents/Frameworks/numpy/_core/fromnumeric.pyc'
PyiFrozenFinder(/Users/x/code/musicdoubao/dist/吸气声弱化工具.app/Contents/Frameworks/numpy/_core): find_spec: called with fullname='numpy._core._methods', target='numpy._core._methods'
PyiFrozenFinder(/Users/x/code/musicdoubao/dist/吸气声弱化工具.app/Contents/Frameworks/numpy/_core): find_spec: 'numpy._core._methods' not found in PYZ...
PyiFrozenFinder(/Users/x/code/musicdoubao/dist/吸气声弱化工具.app/Contents/Frameworks/numpy/_core): find_spec: attempting resolve using fallback finder FileFinder('/Users/x/code/musicdoubao/dist/吸气声弱化工具.app/Contents/Frameworks/numpy/_core').
PyiFrozenFinder(/Users/x/code/musicdoubao/dist/吸气声弱化工具.app/Contents/Frameworks/numpy/_core): find_spec: fallback finder returned spec: ModuleSpec(name='numpy._core._methods', loader=<_frozen_importlib_external.SourcelessFileLoader object at 0x1093abcb0>, origin='/Users/x/code/musicdoubao/dist/吸气声弱化工具.app/Contents/Frameworks/numpy/_core/_methods.pyc').
# code object from '/Users/x/code/musicdoubao/dist/吸气声弱化工具.app/Contents/Frameworks/numpy/_core/_methods.pyc'
import 'numpy._core._methods' # <_frozen_importlib_external.SourcelessFileLoader object at 0x1093abcb0>
import 'numpy._core.fromnumeric' # <_frozen_importlib_external.SourcelessFileLoader object at 0x1093aae70>
import 'numpy._core.shape_base' # <_frozen_importlib_external.SourcelessFileLoader object at 0x1093a9b50>
PyiFrozenFinder(/Users/x/code/musicdoubao/dist/吸气声弱化工具.app/Contents/Frameworks/numpy/_core): find_spec: called with fullname='numpy._core._ufunc_config', target='numpy._core._ufunc_config'
PyiFrozenFinder(/Users/x/code/musicdoubao/dist/吸气声弱化工具.app/Contents/Frameworks/numpy/_core): find_spec: 'numpy._core._ufunc_config' not found in PYZ...
PyiFrozenFinder(/Users/x/code/musicdoubao/dist/吸气声弱化工具.app/Contents/Frameworks/numpy/_core): find_spec: attempting resolve using fallback finder FileFinder('/Users/x/code/musicdoubao/dist/吸气声弱化工具.app/Contents/Frameworks/numpy/_core').
PyiFrozenFinder(/Users/x/code/musicdoubao/dist/吸气声弱化工具.app/Contents/Frameworks/numpy/_core): find_spec: fallback finder returned spec: ModuleSpec(name='numpy._core._ufunc_config', loader=<_frozen_importlib_external.SourcelessFileLoader object at 0x1093f9970>, origin='/Users/x/code/musicdoubao/dist/吸气声弱化工具.app/Contents/Frameworks/numpy/_core/_ufunc_config.pyc').
# code object from '/Users/x/code/musicdoubao/dist/吸气声弱化工具.app/Contents/Frameworks/numpy/_core/_ufunc_config.pyc'
import 'numpy._core._ufunc_config' # <_frozen_importlib_external.SourcelessFileLoader object at 0x1093f9970>
PyiFrozenFinder(/Users/x/code/musicdoubao/dist/吸气声弱化工具.app/Contents/Frameworks/numpy/_core): find_spec: called with fullname='numpy._core._asarray', target='numpy._core._asarray'
PyiFrozenFinder(/Users/x/code/musicdoubao/dist/吸气声弱化工具.app/Contents/Frameworks/numpy/_core): find_spec: 'numpy._core._asarray' not found in PYZ...
PyiFrozenFinder(/Users/x/code/musicdoubao/dist/吸气声弱化工具.app/Contents/Frameworks/numpy/_core): find_spec: attempting resolve using fallback finder FileFinder('/Users/x/code/musicdoubao/dist/吸气声弱化工具.app/Contents/Frameworks/numpy/_core').
PyiFrozenFinder(/Users/x/code/musicdoubao/dist/吸气声弱化工具.app/Contents/Frameworks/numpy/_core): find_spec: fallback finder returned spec: ModuleSpec(name='numpy._core._asarray', loader=<_frozen_importlib_external.SourcelessFileLoader object at 0x1093fa0f0>, origin='/Users/x/code/musicdoubao/dist/吸气声弱化工具.app/Contents/Frameworks/numpy/_core/_asarray.pyc').
# code object from '/Users/x/code/musicdoubao/dist/吸气声弱化工具.app/Contents/Frameworks/numpy/_core/_asarray.pyc'
import 'numpy._core._asarray' # <_frozen_importlib_external.SourcelessFileLoader object at 0x1093fa0f0>
PyiFrozenFinder(/Users/x/code/musicdoubao/dist/吸气声弱化工具.app/Contents/Frameworks/numpy/_core): find_spec: called with fullname='numpy._core.arrayprint', target='numpy._core.arrayprint'
PyiFrozenFinder(/Users/x/code/musicdoubao/dist/吸气声弱化工具.app/Contents/Frameworks/numpy/_core): find_spec: 'numpy._core.arrayprint' not found in PYZ...
PyiFrozenFinder(/Users/x/code/musicdoubao/dist/吸气声弱化工具.app/Contents/Frameworks/numpy/_core): find_spec: attempting resolve using fallback finder FileFinder('/Users/x/code/musicdoubao/dist/吸气声弱化工具.app/Contents/Frameworks/numpy/_core').
PyiFrozenFinder(/Users/x/code/musicdoubao/dist/吸气声弱化工具.app/Contents/Frameworks/numpy/_core): find_spec: fallback finder returned spec: ModuleSpec(name='numpy._core.arrayprint', loader=<_frozen_importlib_external.SourcelessFileLoader object at 0x1093fa1b0>, origin='/Users/x/code/musicdoubao/dist/吸气声弱化工具.app/Contents/Frameworks/numpy/_core/arrayprint.pyc').
# code object from '/Users/x/code/musicdoubao/dist/吸气声弱化工具.app/Contents/Frameworks/numpy/_core/arrayprint.pyc'
import 'numpy._core.arrayprint' # <_frozen_importlib_external.SourcelessFileLoader object at 0x1093fa1b0>
import 'numpy._core.numeric' # <_frozen_importlib_external.SourcelessFileLoader object at 0x1093a9370>
import 'numpy._core.einsumfunc' # <_frozen_importlib_external.SourcelessFileLoader object at 0x1093a8950>
PyiFrozenFinder(/Users/x/code/musicdoubao/dist/吸气声弱化工具.app/Contents/Frameworks/numpy/_core): find_spec: called with fullname='numpy._core.function_base', target='numpy._core.function_base'
PyiFrozenFinder(/Users/x/code/musicdoubao/dist/吸气声弱化工具.app/Contents/Frameworks/numpy/_core): find_spec: 'numpy._core.function_base' not found in PYZ...
PyiFrozenFinder(/Users/x/code/musicdoubao/dist/吸气声弱化工具.app/Contents/Frameworks/numpy/_core): find_spec: attempting resolve using fallback finder FileFinder('/Users/x/code/musicdoubao/dist/吸气声弱化工具.app/Contents/Frameworks/numpy/_core').
PyiFrozenFinder(/Users/x/code/musicdoubao/dist/吸气声弱化工具.app/Contents/Frameworks/numpy/_core): find_spec: fallback finder returned spec: ModuleSpec(name='numpy._core.function_base', loader=<_frozen_importlib_external.SourcelessFileLoader object at 0x1093a9190>, origin='/Users/x/code/musicdoubao/dist/吸气声弱化工具.app/Contents/Frameworks/numpy/_core/function_base.pyc').
# code object from '/Users/x/code/musicdoubao/dist/吸气声弱化工具.app/Contents/Frameworks/numpy/_core/function_base.pyc'
import 'numpy._core.function_base' # <_frozen_importlib_external.SourcelessFileLoader object at 0x1093a9190>
PyiFrozenFinder(/Users/x/code/musicdoubao/dist/吸气声弱化工具.app/Contents/Frameworks/numpy/_core): find_spec: called with fullname='numpy._core.getlimits', target='numpy._core.getlimits'
PyiFrozenFinder(/Users/x/code/musicdoubao/dist/吸气声弱化工具.app/Contents/Frameworks/numpy/_core): find_spec: 'numpy._core.getlimits' not found in PYZ...
PyiFrozenFinder(/Users/x/code/musicdoubao/dist/吸气声弱化工具.app/Contents/Frameworks/numpy/_core): find_spec: attempting resolve using fallback finder FileFinder('/Users/x/code/musicdoubao/dist/吸气声弱化工具.app/Contents/Frameworks/numpy/_core').
PyiFrozenFinder(/Users/x/code/musicdoubao/dist/吸气声弱化工具.app/Contents/Frameworks/numpy/_core): find_spec: fallback finder returned spec: ModuleSpec(name='numpy._core.getlimits', loader=<_frozen_importlib_external.SourcelessFileLoader object at 0x1093fae10>, origin='/Users/x/code/musicdoubao/dist/吸气声弱化工具.app/Contents/Frameworks/numpy/_core/getlimits.pyc').
# code object from '/Users/x/code/musicdoubao/dist/吸气声弱化工具.app/Contents/Frameworks/numpy/_core/getlimits.pyc'
import 'numpy._core.getlimits' # <_frozen_importlib_external.SourcelessFileLoader object at 0x1093fae10>
PyiFrozenFinder(/Users/x/code/musicdoubao/dist/吸气声弱化工具.app/Contents/Frameworks/numpy/_core): find_spec: called with fullname='numpy._core.memmap', target='numpy._core.memmap'
PyiFrozenFinder(/Users/x/code/musicdoubao/dist/吸气声弱化工具.app/Contents/Frameworks/numpy/_core): find_spec: 'numpy._core.memmap' not found in PYZ...
PyiFrozenFinder(/Users/x/code/musicdoubao/dist/吸气声弱化工具.app/Contents/Frameworks/numpy/_core): find_spec: attempting resolve using fallback finder FileFinder('/Users/x/code/musicdoubao/dist/吸气声弱化工具.app/Contents/Frameworks/numpy/_core').
PyiFrozenFinder(/Users/x/code/musicdoubao/dist/吸气声弱化工具.app/Contents/Frameworks/numpy/_core): find_spec: fallback finder returned spec: ModuleSpec(name='numpy._core.memmap', loader=<_frozen_importlib_external.SourcelessFileLoader object at 0x1093fbad0>, origin='/Users/x/code/musicdoubao/dist/吸气声弱化工具.app/Contents/Frameworks/numpy/_core/memmap.pyc').
# code object from '/Users/x/code/musicdoubao/dist/吸气声弱化工具.app/Contents/Frameworks/numpy/_core/memmap.pyc'
import 'numpy._core.memmap' # <_frozen_importlib_external.SourcelessFileLoader object at 0x1093fbad0>
PyiFrozenFinder(/Users/x/code/musicdoubao/dist/吸气声弱化工具.app/Contents/Frameworks/numpy/_core): find_spec: called with fullname='numpy._core.records', target='numpy._core.records'
PyiFrozenFinder(/Users/x/code/musicdoubao/dist/吸气声弱化工具.app/Contents/Frameworks/numpy/_core): find_spec: 'numpy._core.records' not found in PYZ...
PyiFrozenFinder(/Users/x/code/musicdoubao/dist/吸气声弱化工具.app/Contents/Frameworks/numpy/_core): find_spec: attempting resolve using fallback finder FileFinder('/Users/x/code/musicdoubao/dist/吸气声弱化工具.app/Contents/Frameworks/numpy/_core').
PyiFrozenFinder(/Users/x/code/musicdoubao/dist/吸气声弱化工具.app/Contents/Frameworks/numpy/_core): find_spec: fallback finder returned spec: ModuleSpec(name='numpy._core.records', loader=<_frozen_importlib_external.SourcelessFileLoader object at 0x1093fbcb0>, origin='/Users/x/code/musicdoubao/dist/吸气声弱化工具.app/Contents/Frameworks/numpy/_core/records.pyc').
# code object from '/Users/x/code/musicdoubao/dist/吸气声弱化工具.app/Contents/Frameworks/numpy/_core/records.pyc'
import 'numpy._core.records' # <_frozen_importlib_external.SourcelessFileLoader object at 0x1093fbcb0>
PyiFrozenFinder(/Users/x/code/musicdoubao/dist/吸气声弱化工具.app/Contents/Frameworks/numpy/_core): find_spec: called with fullname='numpy._core._add_newdocs', target='numpy._core._add_newdocs'
PyiFrozenFinder(/Users/x/code/musicdoubao/dist/吸气声弱化工具.app/Contents/Frameworks/numpy/_core): find_spec: 'numpy._core._add_newdocs' not found in PYZ...
PyiFrozenFinder(/Users/x/code/musicdoubao/dist/吸气声弱化工具.app/Contents/Frameworks/numpy/_core): find_spec: attempting resolve using fallback finder FileFinder('/Users/x/code/musicdoubao/dist/吸气声弱化工具.app/Contents/Frameworks/numpy/_core').
PyiFrozenFinder(/Users/x/code/musicdoubao/dist/吸气声弱化工具.app/Contents/Frameworks/numpy/_core): find_spec: fallback finder returned spec: ModuleSpec(name='numpy._core._add_newdocs', loader=<_frozen_importlib_external.SourcelessFileLoader object at 0x1099741d0>, origin='/Users/x/code/musicdoubao/dist/吸气声弱化工具.app/Contents/Frameworks/numpy/_core/_add_newdocs.pyc').
# code object from '/Users/x/code/musicdoubao/dist/吸气声弱化工具.app/Contents/Frameworks/numpy/_core/_add_newdocs.pyc'
import 'numpy._core._add_newdocs' # <_frozen_importlib_external.SourcelessFileLoader object at 0x1099741d0>
PyiFrozenFinder(/Users/x/code/musicdoubao/dist/吸气声弱化工具.app/Contents/Frameworks/numpy/_core): find_spec: called with fullname='numpy._core._add_newdocs_scalars', target='numpy._core._add_newdocs_scalars'
PyiFrozenFinder(/Users/x/code/musicdoubao/dist/吸气声弱化工具.app/Contents/Frameworks/numpy/_core): find_spec: 'numpy._core._add_newdocs_scalars' not found in PYZ...
PyiFrozenFinder(/Users/x/code/musicdoubao/dist/吸气声弱化工具.app/Contents/Frameworks/numpy/_core): find_spec: attempting resolve using fallback finder FileFinder('/Users/x/code/musicdoubao/dist/吸气声弱化工具.app/Contents/Frameworks/numpy/_core').
PyiFrozenFinder(/Users/x/code/musicdoubao/dist/吸气声弱化工具.app/Contents/Frameworks/numpy/_core): find_spec: fallback finder returned spec: ModuleSpec(name='numpy._core._add_newdocs_scalars', loader=<_frozen_importlib_external.SourcelessFileLoader object at 0x109974710>, origin='/Users/x/code/musicdoubao/dist/吸气声弱化工具.app/Contents/Frameworks/numpy/_core/_add_newdocs_scalars.pyc').
# code object from '/Users/x/code/musicdoubao/dist/吸气声弱化工具.app/Contents/Frameworks/numpy/_core/_add_newdocs_scalars.pyc'
import 'numpy._core._add_newdocs_scalars' # <_frozen_importlib_external.SourcelessFileLoader object at 0x109974710>
PyiFrozenFinder(/Users/x/code/musicdoubao/dist/吸气声弱化工具.app/Contents/Frameworks/numpy/_core): find_spec: called with fullname='numpy._core._dtype_ctypes', target='numpy._core._dtype_ctypes'
PyiFrozenFinder(/Users/x/code/musicdoubao/dist/吸气声弱化工具.app/Contents/Frameworks/numpy/_core): find_spec: 'numpy._core._dtype_ctypes' not found in PYZ...
PyiFrozenFinder(/Users/x/code/musicdoubao/dist/吸气声弱化工具.app/Contents/Frameworks/numpy/_core): find_spec: attempting resolve using fallback finder FileFinder('/Users/x/code/musicdoubao/dist/吸气声弱化工具.app/Contents/Frameworks/numpy/_core').
PyiFrozenFinder(/Users/x/code/musicdoubao/dist/吸气声弱化工具.app/Contents/Frameworks/numpy/_core): find_spec: fallback finder returned spec: ModuleSpec(name='numpy._core._dtype_ctypes', loader=<_frozen_importlib_external.SourcelessFileLoader object at 0x1099749b0>, origin='/Users/x/code/musicdoubao/dist/吸气声弱化工具.app/Contents/Frameworks/numpy/_core/_dtype_ctypes.pyc').
# code object from '/Users/x/code/musicdoubao/dist/吸气声弱化工具.app/Contents/Frameworks/numpy/_core/_dtype_ctypes.pyc'
import 'numpy._core._dtype_ctypes' # <_frozen_importlib_external.SourcelessFileLoader object at 0x1099749b0>
PyiFrozenFinder(/Users/x/code/musicdoubao/dist/吸气声弱化工具.app/Contents/Frameworks/numpy/_core): find_spec: called with fullname='numpy._core._internal', target='numpy._core._internal'
PyiFrozenFinder(/Users/x/code/musicdoubao/dist/吸气声弱化工具.app/Contents/Frameworks/numpy/_core): find_spec: 'numpy._core._internal' not found in PYZ...
PyiFrozenFinder(/Users/x/code/musicdoubao/dist/吸气声弱化工具.app/Contents/Frameworks/numpy/_core): find_spec: attempting resolve using fallback finder FileFinder('/Users/x/code/musicdoubao/dist/吸气声弱化工具.app/Contents/Frameworks/numpy/_core').
PyiFrozenFinder(/Users/x/code/musicdoubao/dist/吸气声弱化工具.app/Contents/Frameworks/numpy/_core): find_spec: fallback finder returned spec: ModuleSpec(name='numpy._core._internal', loader=<_frozen_importlib_external.SourcelessFileLoader object at 0x109974a70>, origin='/Users/x/code/musicdoubao/dist/吸气声弱化工具.app/Contents/Frameworks/numpy/_core/_internal.pyc').
# code object from '/Users/x/code/musicdoubao/dist/吸气声弱化工具.app/Contents/Frameworks/numpy/_core/_internal.pyc'
import 'numpy._core._internal' # <_frozen_importlib_external.SourcelessFileLoader object at 0x109974a70>
PyiFrozenFinder(/Users/x/code/musicdoubao/dist/吸气声弱化工具.app/Contents/Frameworks/numpy): find_spec: called with fullname='numpy._pytesttester', target='numpy._pytesttester'
PyiFrozenFinder(/Users/x/code/musicdoubao/dist/吸气声弱化工具.app/Contents/Frameworks/numpy): find_spec: 'numpy._pytesttester' not found in PYZ...
PyiFrozenFinder(/Users/x/code/musicdoubao/dist/吸气声弱化工具.app/Contents/Frameworks/numpy): find_spec: attempting resolve using fallback finder FileFinder('/Users/x/code/musicdoubao/dist/吸气声弱化工具.app/Contents/Frameworks/numpy').
PyiFrozenFinder(/Users/x/code/musicdoubao/dist/吸气声弱化工具.app/Contents/Frameworks/numpy): find_spec: fallback finder returned spec: ModuleSpec(name='numpy._pytesttester', loader=<_frozen_importlib_external.SourcelessFileLoader object at 0x1099753d0>, origin='/Users/x/code/musicdoubao/dist/吸气声弱化工具.app/Contents/Frameworks/numpy/_pytesttester.pyc').
# code object from '/Users/x/code/musicdoubao/dist/吸气声弱化工具.app/Contents/Frameworks/numpy/_pytesttester.pyc'
import 'numpy._pytesttester' # <_frozen_importlib_external.SourcelessFileLoader object at 0x1099753d0>
import 'numpy._core' # <_frozen_importlib_external.SourcelessFileLoader object at 0x1092610d0>
import 'numpy.__config__' # <_frozen_importlib_external.SourcelessFileLoader object at 0x109260d10>
PyiFrozenFinder(/Users/x/code/musicdoubao/dist/吸气声弱化工具.app/Contents/Frameworks/numpy): find_spec: called with fullname='numpy.lib', target='numpy.lib'
PyiFrozenFinder(/Users/x/code/musicdoubao/dist/吸气声弱化工具.app/Contents/Frameworks/numpy): find_spec: 'numpy.lib' not found in PYZ...
PyiFrozenFinder(/Users/x/code/musicdoubao/dist/吸气声弱化工具.app/Contents/Frameworks/numpy): find_spec: attempting resolve using fallback finder FileFinder('/Users/x/code/musicdoubao/dist/吸气声弱化工具.app/Contents/Frameworks/numpy').
PyiFrozenFinder(/Users/x/code/musicdoubao/dist/吸气声弱化工具.app/Contents/Frameworks/numpy): find_spec: fallback finder returned spec: ModuleSpec(name='numpy.lib', loader=<_frozen_importlib_external.SourcelessFileLoader object at 0x109260f50>, origin='/Users/x/code/musicdoubao/dist/吸气声弱化工具.app/Contents/Frameworks/numpy/lib/__init__.pyc', submodule_search_locations=['/Users/x/code/musicdoubao/dist/吸气声弱化工具.app/Contents/Frameworks/numpy/lib']).
# code object from '/Users/x/code/musicdoubao/dist/吸气声弱化工具.app/Contents/Frameworks/numpy/lib/__init__.pyc'
PyInstaller: running path finder hook for path: '/Users/x/code/musicdoubao/dist/吸气声弱化工具.app/Contents/Frameworks/numpy/lib'
PyInstaller: hook succeeded
PyiFrozenFinder(/Users/x/code/musicdoubao/dist/吸气声弱化工具.app/Contents/Frameworks/numpy/lib): find_spec: called with fullname='numpy.lib._arraypad_impl', target='numpy.lib._arraypad_impl'
PyiFrozenFinder(/Users/x/code/musicdoubao/dist/吸气声弱化工具.app/Contents/Frameworks/numpy/lib): find_spec: 'numpy.lib._arraypad_impl' not found in PYZ...
PyiFrozenFinder(/Users/x/code/musicdoubao/dist/吸气声弱化工具.app/Contents/Frameworks/numpy/lib): find_spec: attempting resolve using fallback finder FileFinder('/Users/x/code/musicdoubao/dist/吸气声弱化工具.app/Contents/Frameworks/numpy/lib').
PyiFrozenFinder(/Users/x/code/musicdoubao/dist/吸气声弱化工具.app/Contents/Frameworks/numpy/lib): find_spec: fallback finder returned spec: ModuleSpec(name='numpy.lib._arraypad_impl', loader=<_frozen_importlib_external.SourcelessFileLoader object at 0x109261070>, origin='/Users/x/code/musicdoubao/dist/吸气声弱化工具.app/Contents/Frameworks/numpy/lib/_arraypad_impl.pyc').
# code object from '/Users/x/code/musicdoubao/dist/吸气声弱化工具.app/Contents/Frameworks/numpy/lib/_arraypad_impl.pyc'
PyiFrozenFinder(/Users/x/code/musicdoubao/dist/吸气声弱化工具.app/Contents/Frameworks/numpy/lib): find_spec: called with fullname='numpy.lib._index_tricks_impl', target='numpy.lib._index_tricks_impl'
PyiFrozenFinder(/Users/x/code/musicdoubao/dist/吸气声弱化工具.app/Contents/Frameworks/numpy/lib): find_spec: 'numpy.lib._index_tricks_impl' not found in PYZ...
PyiFrozenFinder(/Users/x/code/musicdoubao/dist/吸气声弱化工具.app/Contents/Frameworks/numpy/lib): find_spec: attempting resolve using fallback finder FileFinder('/Users/x/code/musicdoubao/dist/吸气声弱化工具.app/Contents/Frameworks/numpy/lib').
PyiFrozenFinder(/Users/x/code/musicdoubao/dist/吸气声弱化工具.app/Contents/Frameworks/numpy/lib): find_spec: fallback finder returned spec: ModuleSpec(name='numpy.lib._index_tricks_impl', loader=<_frozen_importlib_external.SourcelessFileLoader object at 0x109975d30>, origin='/Users/x/code/musicdoubao/dist/吸气声弱化工具.app/Contents/Frameworks/numpy/lib/_index_tricks_impl.pyc').
# code object from '/Users/x/code/musicdoubao/dist/吸气声弱化工具.app/Contents/Frameworks/numpy/lib/_index_tricks_impl.pyc'
PyiFrozenFinder(/Users/x/code/musicdoubao/dist/吸气声弱化工具.app/Contents/Frameworks/numpy): find_spec: called with fullname='numpy.matrixlib', target='numpy.matrixlib'
PyiFrozenFinder(/Users/x/code/musicdoubao/dist/吸气声弱化工具.app/Contents/Frameworks/numpy): find_spec: 'numpy.matrixlib' not found in PYZ...
PyiFrozenFinder(/Users/x/code/musicdoubao/dist/吸气声弱化工具.app/Contents/Frameworks/numpy): find_spec: attempting resolve using fallback finder FileFinder('/Users/x/code/musicdoubao/dist/吸气声弱化工具.app/Contents/Frameworks/numpy').
PyiFrozenFinder(/Users/x/code/musicdoubao/dist/吸气声弱化工具.app/Contents/Frameworks/numpy): find_spec: fallback finder returned spec: ModuleSpec(name='numpy.matrixlib', loader=<_frozen_importlib_external.SourcelessFileLoader object at 0x109975f70>, origin='/Users/x/code/musicdoubao/dist/吸气声弱化工具.app/Contents/Frameworks/numpy/matrixlib/__init__.pyc', submodule_search_locations=['/Users/x/code/musicdoubao/dist/吸气声弱化工具.app/Contents/Frameworks/numpy/matrixlib']).
# code object from '/Users/x/code/musicdoubao/dist/吸气声弱化工具.app/Contents/Frameworks/numpy/matrixlib/__init__.pyc'
PyInstaller: running path finder hook for path: '/Users/x/code/musicdoubao/dist/吸气声弱化工具.app/Contents/Frameworks/numpy/matrixlib'
PyInstaller: hook succeeded
PyiFrozenFinder(/Users/x/code/musicdoubao/dist/吸气声弱化工具.app/Contents/Frameworks/numpy/matrixlib): find_spec: called with fullname='numpy.matrixlib.defmatrix', target='numpy.matrixlib.defmatrix'
PyiFrozenFinder(/Users/x/code/musicdoubao/dist/吸气声弱化工具.app/Contents/Frameworks/numpy/matrixlib): find_spec: 'numpy.matrixlib.defmatrix' not found in PYZ...
PyiFrozenFinder(/Users/x/code/musicdoubao/dist/吸气声弱化工具.app/Contents/Frameworks/numpy/matrixlib): find_spec: attempting resolve using fallback finder FileFinder('/Users/x/code/musicdoubao/dist/吸气声弱化工具.app/Contents/Frameworks/numpy/matrixlib').
PyiFrozenFinder(/Users/x/code/musicdoubao/dist/吸气声弱化工具.app/Contents/Frameworks/numpy/matrixlib): find_spec: fallback finder returned spec: ModuleSpec(name='numpy.matrixlib.defmatrix', loader=<_frozen_importlib_external.SourcelessFileLoader object at 0x109976210>, origin='/Users/x/code/musicdoubao/dist/吸气声弱化工具.app/Contents/Frameworks/numpy/matrixlib/defmatrix.pyc').
# code object from '/Users/x/code/musicdoubao/dist/吸气声弱化工具.app/Contents/Frameworks/numpy/matrixlib/defmatrix.pyc'
PyiFrozenFinder(/Users/x/code/musicdoubao/dist/吸气声弱化工具.app/Contents/Frameworks/numpy): find_spec: called with fullname='numpy.linalg', target='numpy.linalg'
PyiFrozenFinder(/Users/x/code/musicdoubao/dist/吸气声弱化工具.app/Contents/Frameworks/numpy): find_spec: 'numpy.linalg' not found in PYZ...
PyiFrozenFinder(/Users/x/code/musicdoubao/dist/吸气声弱化工具.app/Contents/Frameworks/numpy): find_spec: attempting resolve using fallback finder FileFinder('/Users/x/code/musicdoubao/dist/吸气声弱化工具.app/Contents/Frameworks/numpy').
PyiFrozenFinder(/Users/x/code/musicdoubao/dist/吸气声弱化工具.app/Contents/Frameworks/numpy): find_spec: fallback finder returned spec: ModuleSpec(name='numpy.linalg', loader=<_frozen_importlib_external.SourcelessFileLoader object at 0x109976630>, origin='/Users/x/code/musicdoubao/dist/吸气声弱化工具.app/Contents/Frameworks/numpy/linalg/__init__.pyc', submodule_search_locations=['/Users/x/code/musicdoubao/dist/吸气声弱化工具.app/Contents/Frameworks/numpy/linalg']).
# code object from '/Users/x/code/musicdoubao/dist/吸气声弱化工具.app/Contents/Frameworks/numpy/linalg/__init__.pyc'
PyInstaller: running path finder hook for path: '/Users/x/code/musicdoubao/dist/吸气声弱化工具.app/Contents/Frameworks/numpy/linalg'
PyInstaller: hook succeeded
PyiFrozenFinder(/Users/x/code/musicdoubao/dist/吸气声弱化工具.app/Contents/Frameworks/numpy/linalg): find_spec: called with fullname='numpy.linalg._linalg', target='numpy.linalg._linalg'
PyiFrozenFinder(/Users/x/code/musicdoubao/dist/吸气声弱化工具.app/Contents/Frameworks/numpy/linalg): find_spec: 'numpy.linalg._linalg' not found in PYZ...
PyiFrozenFinder(/Users/x/code/musicdoubao/dist/吸气声弱化工具.app/Contents/Frameworks/numpy/linalg): find_spec: attempting resolve using fallback finder FileFinder('/Users/x/code/musicdoubao/dist/吸气声弱化工具.app/Contents/Frameworks/numpy/linalg').
PyiFrozenFinder(/Users/x/code/musicdoubao/dist/吸气声弱化工具.app/Contents/Frameworks/numpy/linalg): find_spec: fallback finder returned spec: ModuleSpec(name='numpy.linalg._linalg', loader=<_frozen_importlib_external.SourcelessFileLoader object at 0x109976930>, origin='/Users/x/code/musicdoubao/dist/吸气声弱化工具.app/Contents/Frameworks/numpy/linalg/_linalg.pyc').
# code object from '/Users/x/code/musicdoubao/dist/吸气声弱化工具.app/Contents/Frameworks/numpy/linalg/_linalg.pyc'
PyiFrozenFinder(/Users/x/code/musicdoubao/dist/吸气声弱化工具.app/Contents/Frameworks/numpy): find_spec: called with fullname='numpy._typing', target='numpy._typing'
PyiFrozenFinder(/Users/x/code/musicdoubao/dist/吸气声弱化工具.app/Contents/Frameworks/numpy): find_spec: 'numpy._typing' not found in PYZ...
PyiFrozenFinder(/Users/x/code/musicdoubao/dist/吸气声弱化工具.app/Contents/Frameworks/numpy): find_spec: attempting resolve using fallback finder FileFinder('/Users/x/code/musicdoubao/dist/吸气声弱化工具.app/Contents/Frameworks/numpy').
PyiFrozenFinder(/Users/x/code/musicdoubao/dist/吸气声弱化工具.app/Contents/Frameworks/numpy): find_spec: fallback finder returned spec: ModuleSpec(name='numpy._typing', loader=<_frozen_importlib_external.SourcelessFileLoader object at 0x109977410>, origin='/Users/x/code/musicdoubao/dist/吸气声弱化工具.app/Contents/Frameworks/numpy/_typing/__init__.pyc', submodule_search_locations=['/Users/x/code/musicdoubao/dist/吸气声弱化工具.app/Contents/Frameworks/numpy/_typing']).
# code object from '/Users/x/code/musicdoubao/dist/吸气声弱化工具.app/Contents/Frameworks/numpy/_typing/__init__.pyc'
PyInstaller: running path finder hook for path: '/Users/x/code/musicdoubao/dist/吸气声弱化工具.app/Contents/Frameworks/numpy/_typing'
PyInstaller: hook succeeded
PyiFrozenFinder(/Users/x/code/musicdoubao/dist/吸气声弱化工具.app/Contents/Frameworks/numpy/_typing): find_spec: called with fullname='numpy._typing._array_like', target='numpy._typing._array_like'
PyiFrozenFinder(/Users/x/code/musicdoubao/dist/吸气声弱化工具.app/Contents/Frameworks/numpy/_typing): find_spec: 'numpy._typing._array_like' not found in PYZ...
PyiFrozenFinder(/Users/x/code/musicdoubao/dist/吸气声弱化工具.app/Contents/Frameworks/numpy/_typing): find_spec: attempting resolve using fallback finder FileFinder('/Users/x/code/musicdoubao/dist/吸气声弱化工具.app/Contents/Frameworks/numpy/_typing').
PyiFrozenFinder(/Users/x/code/musicdoubao/dist/吸气声弱化工具.app/Contents/Frameworks/numpy/_typing): find_spec: fallback finder returned spec: ModuleSpec(name='numpy._typing._array_like', loader=<_frozen_importlib_external.SourcelessFileLoader object at 0x109977590>, origin='/Users/x/code/musicdoubao/dist/吸气声弱化工具.app/Contents/Frameworks/numpy/_typing/_array_like.pyc').
# code object from '/Users/x/code/musicdoubao/dist/吸气声弱化工具.app/Contents/Frameworks/numpy/_typing/_array_like.pyc'
PyiFrozenFinder(/Users/x/code/musicdoubao/dist/吸气声弱化工具.app/Contents/Frameworks/numpy/_typing): find_spec: called with fullname='numpy._typing._nbit_base', target='numpy._typing._nbit_base'
PyiFrozenFinder(/Users/x/code/musicdoubao/dist/吸气声弱化工具.app/Contents/Frameworks/numpy/_typing): find_spec: 'numpy._typing._nbit_base' not found in PYZ...
PyiFrozenFinder(/Users/x/code/musicdoubao/dist/吸气声弱化工具.app/Contents/Frameworks/numpy/_typing): find_spec: attempting resolve using fallback finder FileFinder('/Users/x/code/musicdoubao/dist/吸气声弱化工具.app/Contents/Frameworks/numpy/_typing').
PyiFrozenFinder(/Users/x/code/musicdoubao/dist/吸气声弱化工具.app/Contents/Frameworks/numpy/_typing): find_spec: fallback finder returned spec: ModuleSpec(name='numpy._typing._nbit_base', loader=<_frozen_importlib_external.SourcelessFileLoader object at 0x109977710>, origin='/Users/x/code/musicdoubao/dist/吸气声弱化工具.app/Contents/Frameworks/numpy/_typing/_nbit_base.pyc').
# code object from '/Users/x/code/musicdoubao/dist/吸气声弱化工具.app/Contents/Frameworks/numpy/_typing/_nbit_base.pyc'
import 'numpy._typing._nbit_base' # <_frozen_importlib_external.SourcelessFileLoader object at 0x109977710>
PyiFrozenFinder(/Users/x/code/musicdoubao/dist/吸气声弱化工具.app/Contents/Frameworks/numpy/_typing): find_spec: called with fullname='numpy._typing._nested_sequence', target='numpy._typing._nested_sequence'
PyiFrozenFinder(/Users/x/code/musicdoubao/dist/吸气声弱化工具.app/Contents/Frameworks/numpy/_typing): find_spec: 'numpy._typing._nested_sequence' not found in PYZ...
PyiFrozenFinder(/Users/x/code/musicdoubao/dist/吸气声弱化工具.app/Contents/Frameworks/numpy/_typing): find_spec: attempting resolve using fallback finder FileFinder('/Users/x/code/musicdoubao/dist/吸气声弱化工具.app/Contents/Frameworks/numpy/_typing').
PyiFrozenFinder(/Users/x/code/musicdoubao/dist/吸气声弱化工具.app/Contents/Frameworks/numpy/_typing): find_spec: fallback finder returned spec: ModuleSpec(name='numpy._typing._nested_sequence', loader=<_frozen_importlib_external.SourcelessFileLoader object at 0x109977a70>, origin='/Users/x/code/musicdoubao/dist/吸气声弱化工具.app/Contents/Frameworks/numpy/_typing/_nested_sequence.pyc').
# code object from '/Users/x/code/musicdoubao/dist/吸气声弱化工具.app/Contents/Frameworks/numpy/_typing/_nested_sequence.pyc'
import 'numpy._typing._nested_sequence' # <_frozen_importlib_external.SourcelessFileLoader object at 0x109977a70>
PyiFrozenFinder(/Users/x/code/musicdoubao/dist/吸气声弱化工具.app/Contents/Frameworks/numpy/_typing): find_spec: called with fullname='numpy._typing._shape', target='numpy._typing._shape'
PyiFrozenFinder(/Users/x/code/musicdoubao/dist/吸气声弱化工具.app/Contents/Frameworks/numpy/_typing): find_spec: 'numpy._typing._shape' not found in PYZ...
PyiFrozenFinder(/Users/x/code/musicdoubao/dist/吸气声弱化工具.app/Contents/Frameworks/numpy/_typing): find_spec: attempting resolve using fallback finder FileFinder('/Users/x/code/musicdoubao/dist/吸气声弱化工具.app/Contents/Frameworks/numpy/_typing').
PyiFrozenFinder(/Users/x/code/musicdoubao/dist/吸气声弱化工具.app/Contents/Frameworks/numpy/_typing): find_spec: fallback finder returned spec: ModuleSpec(name='numpy._typing._shape', loader=<_frozen_importlib_external.SourcelessFileLoader object at 0x109977bf0>, origin='/Users/x/code/musicdoubao/dist/吸气声弱化工具.app/Contents/Frameworks/numpy/_typing/_shape.pyc').
# code object from '/Users/x/code/musicdoubao/dist/吸气声弱化工具.app/Contents/Frameworks/numpy/_typing/_shape.pyc'
import 'numpy._typing._shape' # <_frozen_importlib_external.SourcelessFileLoader object at 0x109977bf0>
import 'numpy._typing._array_like' # <_frozen_importlib_external.SourcelessFileLoader object at 0x109977590>
PyiFrozenFinder(/Users/x/code/musicdoubao/dist/吸气声弱化工具.app/Contents/Frameworks/numpy/_typing): find_spec: called with fullname='numpy._typing._char_codes', target='numpy._typing._char_codes'
PyiFrozenFinder(/Users/x/code/musicdoubao/dist/吸气声弱化工具.app/Contents/Frameworks/numpy/_typing): find_spec: 'numpy._typing._char_codes' not found in PYZ...
PyiFrozenFinder(/Users/x/code/musicdoubao/dist/吸气声弱化工具.app/Contents/Frameworks/numpy/_typing): find_spec: attempting resolve using fallback finder FileFinder('/Users/x/code/musicdoubao/dist/吸气声弱化工具.app/Contents/Frameworks/numpy/_typing').
PyiFrozenFinder(/Users/x/code/musicdoubao/dist/吸气声弱化工具.app/Contents/Frameworks/numpy/_typing): find_spec: fallback finder returned spec: ModuleSpec(name='numpy._typing._char_codes', loader=<_frozen_importlib_external.SourcelessFileLoader object at 0x109977dd0>, origin='/Users/x/code/musicdoubao/dist/吸气声弱化工具.app/Contents/Frameworks/numpy/_typing/_char_codes.pyc').
# code object from '/Users/x/code/musicdoubao/dist/吸气声弱化工具.app/Contents/Frameworks/numpy/_typing/_char_codes.pyc'
import 'numpy._typing._char_codes' # <_frozen_importlib_external.SourcelessFileLoader object at 0x109977dd0>
PyiFrozenFinder(/Users/x/code/musicdoubao/dist/吸气声弱化工具.app/Contents/Frameworks/numpy/_typing): find_spec: called with fullname='numpy._typing._dtype_like', target='numpy._typing._dtype_like'
PyiFrozenFinder(/Users/x/code/musicdoubao/dist/吸气声弱化工具.app/Contents/Frameworks/numpy/_typing): find_spec: 'numpy._typing._dtype_like' not found in PYZ...
PyiFrozenFinder(/Users/x/code/musicdoubao/dist/吸气声弱化工具.app/Contents/Frameworks/numpy/_typing): find_spec: attempting resolve using fallback finder FileFinder('/Users/x/code/musicdoubao/dist/吸气声弱化工具.app/Contents/Frameworks/numpy/_typing').
PyiFrozenFinder(/Users/x/code/musicdoubao/dist/吸气声弱化工具.app/Contents/Frameworks/numpy/_typing): find_spec: fallback finder returned spec: ModuleSpec(name='numpy._typing._dtype_like', loader=<_frozen_importlib_external.SourcelessFileLoader object at 0x1099ed610>, origin='/Users/x/code/musicdoubao/dist/吸气声弱化工具.app/Contents/Frameworks/numpy/_typing/_dtype_like.pyc').
# code object from '/Users/x/code/musicdoubao/dist/吸气声弱化工具.app/Contents/Frameworks/numpy/_typing/_dtype_like.pyc'
import 'numpy._typing._dtype_like' # <_frozen_importlib_external.SourcelessFileLoader object at 0x1099ed610>
PyiFrozenFinder(/Users/x/code/musicdoubao/dist/吸气声弱化工具.app/Contents/Frameworks/numpy/_typing): find_spec: called with fullname='numpy._typing._nbit', target='numpy._typing._nbit'
PyiFrozenFinder(/Users/x/code/musicdoubao/dist/吸气声弱化工具.app/Contents/Frameworks/numpy/_typing): find_spec: 'numpy._typing._nbit' not found in PYZ...
PyiFrozenFinder(/Users/x/code/musicdoubao/dist/吸气声弱化工具.app/Contents/Frameworks/numpy/_typing): find_spec: attempting resolve using fallback finder FileFinder('/Users/x/code/musicdoubao/dist/吸气声弱化工具.app/Contents/Frameworks/numpy/_typing').
PyiFrozenFinder(/Users/x/code/musicdoubao/dist/吸气声弱化工具.app/Contents/Frameworks/numpy/_typing): find_spec: fallback finder returned spec: ModuleSpec(name='numpy._typing._nbit', loader=<_frozen_importlib_external.SourcelessFileLoader object at 0x1099ed8b0>, origin='/Users/x/code/musicdoubao/dist/吸气声弱化工具.app/Contents/Frameworks/numpy/_typing/_nbit.pyc').
# code object from '/Users/x/code/musicdoubao/dist/吸气声弱化工具.app/Contents/Frameworks/numpy/_typing/_nbit.pyc'
import 'numpy._typing._nbit' # <_frozen_importlib_external.SourcelessFileLoader object at 0x1099ed8b0>
PyiFrozenFinder(/Users/x/code/musicdoubao/dist/吸气声弱化工具.app/Contents/Frameworks/numpy/_typing): find_spec: called with fullname='numpy._typing._scalars', target='numpy._typing._scalars'
PyiFrozenFinder(/Users/x/code/musicdoubao/dist/吸气声弱化工具.app/Contents/Frameworks/numpy/_typing): find_spec: 'numpy._typing._scalars' not found in PYZ...
PyiFrozenFinder(/Users/x/code/musicdoubao/dist/吸气声弱化工具.app/Contents/Frameworks/numpy/_typing): find_spec: attempting resolve using fallback finder FileFinder('/Users/x/code/musicdoubao/dist/吸气声弱化工具.app/Contents/Frameworks/numpy/_typing').
PyiFrozenFinder(/Users/x/code/musicdoubao/dist/吸气声弱化工具.app/Contents/Frameworks/numpy/_typing): find_spec: fallback finder returned spec: ModuleSpec(name='numpy._typing._scalars', loader=<_frozen_importlib_external.SourcelessFileLoader object at 0x1099ed970>, origin='/Users/x/code/musicdoubao/dist/吸气声弱化工具.app/Contents/Frameworks/numpy/_typing/_scalars.pyc').
# code object from '/Users/x/code/musicdoubao/dist/吸气声弱化工具.app/Contents/Frameworks/numpy/_typing/_scalars.pyc'
import 'numpy._typing._scalars' # <_frozen_importlib_external.SourcelessFileLoader object at 0x1099ed970>
PyiFrozenFinder(/Users/x/code/musicdoubao/dist/吸气声弱化工具.app/Contents/Frameworks/numpy/_typing): find_spec: called with fullname='numpy._typing._ufunc', target='numpy._typing._ufunc'
PyiFrozenFinder(/Users/x/code/musicdoubao/dist/吸气声弱化工具.app/Contents/Frameworks/numpy/_typing): find_spec: 'numpy._typing._ufunc' not found in PYZ...
PyiFrozenFinder(/Users/x/code/musicdoubao/dist/吸气声弱化工具.app/Contents/Frameworks/numpy/_typing): find_spec: attempting resolve using fallback finder FileFinder('/Users/x/code/musicdoubao/dist/吸气声弱化工具.app/Contents/Frameworks/numpy/_typing').
PyiFrozenFinder(/Users/x/code/musicdoubao/dist/吸气声弱化工具.app/Contents/Frameworks/numpy/_typing): find_spec: fallback finder returned spec: ModuleSpec(name='numpy._typing._ufunc', loader=<_frozen_importlib_external.SourcelessFileLoader object at 0x1099ed9d0>, origin='/Users/x/code/musicdoubao/dist/吸气声弱化工具.app/Contents/Frameworks/numpy/_typing/_ufunc.pyc').
# code object from '/Users/x/code/musicdoubao/dist/吸气声弱化工具.app/Contents/Frameworks/numpy/_typing/_ufunc.pyc'
import 'numpy._typing._ufunc' # <_frozen_importlib_external.SourcelessFileLoader object at 0x1099ed9d0>
import 'numpy._typing' # <_frozen_importlib_external.SourcelessFileLoader object at 0x109977410>
PyiFrozenFinder(/Users/x/code/musicdoubao/dist/吸气声弱化工具.app/Contents/Frameworks/numpy/lib): find_spec: called with fullname='numpy.lib._twodim_base_impl', target='numpy.lib._twodim_base_impl'
PyiFrozenFinder(/Users/x/code/musicdoubao/dist/吸气声弱化工具.app/Contents/Frameworks/numpy/lib): find_spec: 'numpy.lib._twodim_base_impl' not found in PYZ...
PyiFrozenFinder(/Users/x/code/musicdoubao/dist/吸气声弱化工具.app/Contents/Frameworks/numpy/lib): find_spec: attempting resolve using fallback finder FileFinder('/Users/x/code/musicdoubao/dist/吸气声弱化工具.app/Contents/Frameworks/numpy/lib').
PyiFrozenFinder(/Users/x/code/musicdoubao/dist/吸气声弱化工具.app/Contents/Frameworks/numpy/lib): find_spec: fallback finder returned spec: ModuleSpec(name='numpy.lib._twodim_base_impl', loader=<_frozen_importlib_external.SourcelessFileLoader object at 0x109977530>, origin='/Users/x/code/musicdoubao/dist/吸气声弱化工具.app/Contents/Frameworks/numpy/lib/_twodim_base_impl.pyc').
# code object from '/Users/x/code/musicdoubao/dist/吸气声弱化工具.app/Contents/Frameworks/numpy/lib/_twodim_base_impl.pyc'
PyiFrozenFinder(/Users/x/code/musicdoubao/dist/吸气声弱化工具.app/Contents/Frameworks/numpy/lib): find_spec: called with fullname='numpy.lib._stride_tricks_impl', target='numpy.lib._stride_tricks_impl'
PyiFrozenFinder(/Users/x/code/musicdoubao/dist/吸气声弱化工具.app/Contents/Frameworks/numpy/lib): find_spec: 'numpy.lib._stride_tricks_impl' not found in PYZ...
PyiFrozenFinder(/Users/x/code/musicdoubao/dist/吸气声弱化工具.app/Contents/Frameworks/numpy/lib): find_spec: attempting resolve using fallback finder FileFinder('/Users/x/code/musicdoubao/dist/吸气声弱化工具.app/Contents/Frameworks/numpy/lib').
PyiFrozenFinder(/Users/x/code/musicdoubao/dist/吸气声弱化工具.app/Contents/Frameworks/numpy/lib): find_spec: fallback finder returned spec: ModuleSpec(name='numpy.lib._stride_tricks_impl', loader=<_frozen_importlib_external.SourcelessFileLoader object at 0x1099edfd0>, origin='/Users/x/code/musicdoubao/dist/吸气声弱化工具.app/Contents/Frameworks/numpy/lib/_stride_tricks_impl.pyc').
# code object from '/Users/x/code/musicdoubao/dist/吸气声弱化工具.app/Contents/Frameworks/numpy/lib/_stride_tricks_impl.pyc'
import 'numpy.lib._stride_tricks_impl' # <_frozen_importlib_external.SourcelessFileLoader object at 0x1099edfd0>
import 'numpy.lib._twodim_base_impl' # <_frozen_importlib_external.SourcelessFileLoader object at 0x109977530>
PyiFrozenFinder(/Users/x/code/musicdoubao/dist/吸气声弱化工具.app/Contents/Frameworks/numpy/lib): find_spec: called with fullname='numpy.lib.array_utils', target='numpy.lib.array_utils'
PyiFrozenFinder(/Users/x/code/musicdoubao/dist/吸气声弱化工具.app/Contents/Frameworks/numpy/lib): find_spec: 'numpy.lib.array_utils' not found in PYZ...
PyiFrozenFinder(/Users/x/code/musicdoubao/dist/吸气声弱化工具.app/Contents/Frameworks/numpy/lib): find_spec: attempting resolve using fallback finder FileFinder('/Users/x/code/musicdoubao/dist/吸气声弱化工具.app/Contents/Frameworks/numpy/lib').
PyiFrozenFinder(/Users/x/code/musicdoubao/dist/吸气声弱化工具.app/Contents/Frameworks/numpy/lib): find_spec: fallback finder returned spec: ModuleSpec(name='numpy.lib.array_utils', loader=<_frozen_importlib_external.SourcelessFileLoader object at 0x1099ee390>, origin='/Users/x/code/musicdoubao/dist/吸气声弱化工具.app/Contents/Frameworks/numpy/lib/array_utils.pyc').
# code object from '/Users/x/code/musicdoubao/dist/吸气声弱化工具.app/Contents/Frameworks/numpy/lib/array_utils.pyc'
PyiFrozenFinder(/Users/x/code/musicdoubao/dist/吸气声弱化工具.app/Contents/Frameworks/numpy/lib): find_spec: called with fullname='numpy.lib._array_utils_impl', target='numpy.lib._array_utils_impl'
PyiFrozenFinder(/Users/x/code/musicdoubao/dist/吸气声弱化工具.app/Contents/Frameworks/numpy/lib): find_spec: 'numpy.lib._array_utils_impl' not found in PYZ...
PyiFrozenFinder(/Users/x/code/musicdoubao/dist/吸气声弱化工具.app/Contents/Frameworks/numpy/lib): find_spec: attempting resolve using fallback finder FileFinder('/Users/x/code/musicdoubao/dist/吸气声弱化工具.app/Contents/Frameworks/numpy/lib').
PyiFrozenFinder(/Users/x/code/musicdoubao/dist/吸气声弱化工具.app/Contents/Frameworks/numpy/lib): find_spec: fallback finder returned spec: ModuleSpec(name='numpy.lib._array_utils_impl', loader=<_frozen_importlib_external.SourcelessFileLoader object at 0x1099ee4b0>, origin='/Users/x/code/musicdoubao/dist/吸气声弱化工具.app/Contents/Frameworks/numpy/lib/_array_utils_impl.pyc').
# code object from '/Users/x/code/musicdoubao/dist/吸气声弱化工具.app/Contents/Frameworks/numpy/lib/_array_utils_impl.pyc'
import 'numpy.lib._array_utils_impl' # <_frozen_importlib_external.SourcelessFileLoader object at 0x1099ee4b0>
import 'numpy.lib.array_utils' # <_frozen_importlib_external.SourcelessFileLoader object at 0x1099ee390>
PyiFrozenFinder(/Users/x/code/musicdoubao/dist/吸气声弱化工具.app/Contents/Frameworks/numpy/linalg): find_spec: called with fullname='numpy.linalg._umath_linalg', target='numpy.linalg._umath_linalg'
PyiFrozenFinder(/Users/x/code/musicdoubao/dist/吸气声弱化工具.app/Contents/Frameworks/numpy/linalg): find_spec: 'numpy.linalg._umath_linalg' not found in PYZ...
PyiFrozenFinder(/Users/x/code/musicdoubao/dist/吸气声弱化工具.app/Contents/Frameworks/numpy/linalg): find_spec: attempting resolve using fallback finder FileFinder('/Users/x/code/musicdoubao/dist/吸气声弱化工具.app/Contents/Frameworks/numpy/linalg').
PyiFrozenFinder(/Users/x/code/musicdoubao/dist/吸气声弱化工具.app/Contents/Frameworks/numpy/linalg): find_spec: fallback finder returned spec: ModuleSpec(name='numpy.linalg._umath_linalg', loader=<_frozen_importlib_external.ExtensionFileLoader object at 0x1099ee3f0>, origin='/Users/x/code/musicdoubao/dist/吸气声弱化工具.app/Contents/Frameworks/numpy/linalg/_umath_linalg.cpython-314-darwin.so').
# extension module 'numpy.linalg._umath_linalg' loaded from '/Users/x/code/musicdoubao/dist/吸气声弱化工具.app/Contents/Frameworks/numpy/linalg/_umath_linalg.cpython-314-darwin.so'
# extension module 'numpy.linalg._umath_linalg' executed from '/Users/x/code/musicdoubao/dist/吸气声弱化工具.app/Contents/Frameworks/numpy/linalg/_umath_linalg.cpython-314-darwin.so'
import 'numpy.linalg._umath_linalg' # <_frozen_importlib_external.ExtensionFileLoader object at 0x1099ee3f0>
import 'numpy.linalg._linalg' # <_frozen_importlib_external.SourcelessFileLoader object at 0x109976930>
import 'numpy.linalg' # <_frozen_importlib_external.SourcelessFileLoader object at 0x109976630>
import 'numpy.matrixlib.defmatrix' # <_frozen_importlib_external.SourcelessFileLoader object at 0x109976210>
import 'numpy.matrixlib' # <_frozen_importlib_external.SourcelessFileLoader object at 0x109975f70>
PyiFrozenFinder(/Users/x/code/musicdoubao/dist/吸气声弱化工具.app/Contents/Frameworks/numpy/lib): find_spec: called with fullname='numpy.lib._function_base_impl', target='numpy.lib._function_base_impl'
PyiFrozenFinder(/Users/x/code/musicdoubao/dist/吸气声弱化工具.app/Contents/Frameworks/numpy/lib): find_spec: 'numpy.lib._function_base_impl' not found in PYZ...
PyiFrozenFinder(/Users/x/code/musicdoubao/dist/吸气声弱化工具.app/Contents/Frameworks/numpy/lib): find_spec: attempting resolve using fallback finder FileFinder('/Users/x/code/musicdoubao/dist/吸气声弱化工具.app/Contents/Frameworks/numpy/lib').
PyiFrozenFinder(/Users/x/code/musicdoubao/dist/吸气声弱化工具.app/Contents/Frameworks/numpy/lib): find_spec: fallback finder returned spec: ModuleSpec(name='numpy.lib._function_base_impl', loader=<_frozen_importlib_external.SourcelessFileLoader object at 0x109975fd0>, origin='/Users/x/code/musicdoubao/dist/吸气声弱化工具.app/Contents/Frameworks/numpy/lib/_function_base_impl.pyc').
# code object from '/Users/x/code/musicdoubao/dist/吸气声弱化工具.app/Contents/Frameworks/numpy/lib/_function_base_impl.pyc'
PyiFrozenFinder(/Users/x/code/musicdoubao/dist/吸气声弱化工具.app/Contents/Frameworks/numpy/lib): find_spec: called with fullname='numpy.lib._histograms_impl', target='numpy.lib._histograms_impl'
PyiFrozenFinder(/Users/x/code/musicdoubao/dist/吸气声弱化工具.app/Contents/Frameworks/numpy/lib): find_spec: 'numpy.lib._histograms_impl' not found in PYZ...
PyiFrozenFinder(/Users/x/code/musicdoubao/dist/吸气声弱化工具.app/Contents/Frameworks/numpy/lib): find_spec: attempting resolve using fallback finder FileFinder('/Users/x/code/musicdoubao/dist/吸气声弱化工具.app/Contents/Frameworks/numpy/lib').
PyiFrozenFinder(/Users/x/code/musicdoubao/dist/吸气声弱化工具.app/Contents/Frameworks/numpy/lib): find_spec: fallback finder returned spec: ModuleSpec(name='numpy.lib._histograms_impl', loader=<_frozen_importlib_external.SourcelessFileLoader object at 0x1099768d0>, origin='/Users/x/code/musicdoubao/dist/吸气声弱化工具.app/Contents/Frameworks/numpy/lib/_histograms_impl.pyc').
# code object from '/Users/x/code/musicdoubao/dist/吸气声弱化工具.app/Contents/Frameworks/numpy/lib/_histograms_impl.pyc'
import 'numpy.lib._histograms_impl' # <_frozen_importlib_external.SourcelessFileLoader object at 0x1099768d0>
import 'numpy.lib._function_base_impl' # <_frozen_importlib_external.SourcelessFileLoader object at 0x109975fd0>
import 'numpy.lib._index_tricks_impl' # <_frozen_importlib_external.SourcelessFileLoader object at 0x109975d30>
import 'numpy.lib._arraypad_impl' # <_frozen_importlib_external.SourcelessFileLoader object at 0x109261070>
PyiFrozenFinder(/Users/x/code/musicdoubao/dist/吸气声弱化工具.app/Contents/Frameworks/numpy/lib): find_spec: called with fullname='numpy.lib._arraysetops_impl', target='numpy.lib._arraysetops_impl'
PyiFrozenFinder(/Users/x/code/musicdoubao/dist/吸气声弱化工具.app/Contents/Frameworks/numpy/lib): find_spec: 'numpy.lib._arraysetops_impl' not found in PYZ...
PyiFrozenFinder(/Users/x/code/musicdoubao/dist/吸气声弱化工具.app/Contents/Frameworks/numpy/lib): find_spec: attempting resolve using fallback finder FileFinder('/Users/x/code/musicdoubao/dist/吸气声弱化工具.app/Contents/Frameworks/numpy/lib').
PyiFrozenFinder(/Users/x/code/musicdoubao/dist/吸气声弱化工具.app/Contents/Frameworks/numpy/lib): find_spec: fallback finder returned spec: ModuleSpec(name='numpy.lib._arraysetops_impl', loader=<_frozen_importlib_external.SourcelessFileLoader object at 0x1099752b0>, origin='/Users/x/code/musicdoubao/dist/吸气声弱化工具.app/Contents/Frameworks/numpy/lib/_arraysetops_impl.pyc').
# code object from '/Users/x/code/musicdoubao/dist/吸气声弱化工具.app/Contents/Frameworks/numpy/lib/_arraysetops_impl.pyc'
import 'numpy.lib._arraysetops_impl' # <_frozen_importlib_external.SourcelessFileLoader object at 0x1099752b0>
PyiFrozenFinder(/Users/x/code/musicdoubao/dist/吸气声弱化工具.app/Contents/Frameworks/numpy/lib): find_spec: called with fullname='numpy.lib._arrayterator_impl', target='numpy.lib._arrayterator_impl'
PyiFrozenFinder(/Users/x/code/musicdoubao/dist/吸气声弱化工具.app/Contents/Frameworks/numpy/lib): find_spec: 'numpy.lib._arrayterator_impl' not found in PYZ...
PyiFrozenFinder(/Users/x/code/musicdoubao/dist/吸气声弱化工具.app/Contents/Frameworks/numpy/lib): find_spec: attempting resolve using fallback finder FileFinder('/Users/x/code/musicdoubao/dist/吸气声弱化工具.app/Contents/Frameworks/numpy/lib').
PyiFrozenFinder(/Users/x/code/musicdoubao/dist/吸气声弱化工具.app/Contents/Frameworks/numpy/lib): find_spec: fallback finder returned spec: ModuleSpec(name='numpy.lib._arrayterator_impl', loader=<_frozen_importlib_external.SourcelessFileLoader object at 0x109a4db50>, origin='/Users/x/code/musicdoubao/dist/吸气声弱化工具.app/Contents/Frameworks/numpy/lib/_arrayterator_impl.pyc').
# code object from '/Users/x/code/musicdoubao/dist/吸气声弱化工具.app/Contents/Frameworks/numpy/lib/_arrayterator_impl.pyc'
import 'numpy.lib._arrayterator_impl' # <_frozen_importlib_external.SourcelessFileLoader object at 0x109a4db50>
PyiFrozenFinder(/Users/x/code/musicdoubao/dist/吸气声弱化工具.app/Contents/Frameworks/numpy/lib): find_spec: called with fullname='numpy.lib._nanfunctions_impl', target='numpy.lib._nanfunctions_impl'
PyiFrozenFinder(/Users/x/code/musicdoubao/dist/吸气声弱化工具.app/Contents/Frameworks/numpy/lib): find_spec: 'numpy.lib._nanfunctions_impl' not found in PYZ...
PyiFrozenFinder(/Users/x/code/musicdoubao/dist/吸气声弱化工具.app/Contents/Frameworks/numpy/lib): find_spec: attempting resolve using fallback finder FileFinder('/Users/x/code/musicdoubao/dist/吸气声弱化工具.app/Contents/Frameworks/numpy/lib').
PyiFrozenFinder(/Users/x/code/musicdoubao/dist/吸气声弱化工具.app/Contents/Frameworks/numpy/lib): find_spec: fallback finder returned spec: ModuleSpec(name='numpy.lib._nanfunctions_impl', loader=<_frozen_importlib_external.SourcelessFileLoader object at 0x109a4dcd0>, origin='/Users/x/code/musicdoubao/dist/吸气声弱化工具.app/Contents/Frameworks/numpy/lib/_nanfunctions_impl.pyc').
# code object from '/Users/x/code/musicdoubao/dist/吸气声弱化工具.app/Contents/Frameworks/numpy/lib/_nanfunctions_impl.pyc'
import 'numpy.lib._nanfunctions_impl' # <_frozen_importlib_external.SourcelessFileLoader object at 0x109a4dcd0>
PyiFrozenFinder(/Users/x/code/musicdoubao/dist/吸气声弱化工具.app/Contents/Frameworks/numpy/lib): find_spec: called with fullname='numpy.lib._npyio_impl', target='numpy.lib._npyio_impl'
PyiFrozenFinder(/Users/x/code/musicdoubao/dist/吸气声弱化工具.app/Contents/Frameworks/numpy/lib): find_spec: 'numpy.lib._npyio_impl' not found in PYZ...
PyiFrozenFinder(/Users/x/code/musicdoubao/dist/吸气声弱化工具.app/Contents/Frameworks/numpy/lib): find_spec: attempting resolve using fallback finder FileFinder('/Users/x/code/musicdoubao/dist/吸气声弱化工具.app/Contents/Frameworks/numpy/lib').
PyiFrozenFinder(/Users/x/code/musicdoubao/dist/吸气声弱化工具.app/Contents/Frameworks/numpy/lib): find_spec: fallback finder returned spec: ModuleSpec(name='numpy.lib._npyio_impl', loader=<_frozen_importlib_external.SourcelessFileLoader object at 0x109a4ef30>, origin='/Users/x/code/musicdoubao/dist/吸气声弱化工具.app/Contents/Frameworks/numpy/lib/_npyio_impl.pyc').
# code object from '/Users/x/code/musicdoubao/dist/吸气声弱化工具.app/Contents/Frameworks/numpy/lib/_npyio_impl.pyc'
PyiFrozenFinder(/Users/x/code/musicdoubao/dist/吸气声弱化工具.app/Contents/Frameworks/numpy/lib): find_spec: called with fullname='numpy.lib.format', target='numpy.lib.format'
PyiFrozenFinder(/Users/x/code/musicdoubao/dist/吸气声弱化工具.app/Contents/Frameworks/numpy/lib): find_spec: 'numpy.lib.format' not found in PYZ...
PyiFrozenFinder(/Users/x/code/musicdoubao/dist/吸气声弱化工具.app/Contents/Frameworks/numpy/lib): find_spec: attempting resolve using fallback finder FileFinder('/Users/x/code/musicdoubao/dist/吸气声弱化工具.app/Contents/Frameworks/numpy/lib').
PyiFrozenFinder(/Users/x/code/musicdoubao/dist/吸气声弱化工具.app/Contents/Frameworks/numpy/lib): find_spec: fallback finder returned spec: ModuleSpec(name='numpy.lib.format', loader=<_frozen_importlib_external.SourcelessFileLoader object at 0x109a4f050>, origin='/Users/x/code/musicdoubao/dist/吸气声弱化工具.app/Contents/Frameworks/numpy/lib/format.pyc').
# code object from '/Users/x/code/musicdoubao/dist/吸气声弱化工具.app/Contents/Frameworks/numpy/lib/format.pyc'
PyiFrozenFinder(/Users/x/code/musicdoubao/dist/吸气声弱化工具.app/Contents/Frameworks/numpy/lib): find_spec: called with fullname='numpy.lib._format_impl', target='numpy.lib._format_impl'
PyiFrozenFinder(/Users/x/code/musicdoubao/dist/吸气声弱化工具.app/Contents/Frameworks/numpy/lib): find_spec: 'numpy.lib._format_impl' not found in PYZ...
PyiFrozenFinder(/Users/x/code/musicdoubao/dist/吸气声弱化工具.app/Contents/Frameworks/numpy/lib): find_spec: attempting resolve using fallback finder FileFinder('/Users/x/code/musicdoubao/dist/吸气声弱化工具.app/Contents/Frameworks/numpy/lib').
PyiFrozenFinder(/Users/x/code/musicdoubao/dist/吸气声弱化工具.app/Contents/Frameworks/numpy/lib): find_spec: fallback finder returned spec: ModuleSpec(name='numpy.lib._format_impl', loader=<_frozen_importlib_external.SourcelessFileLoader object at 0x109a4f290>, origin='/Users/x/code/musicdoubao/dist/吸气声弱化工具.app/Contents/Frameworks/numpy/lib/_format_impl.pyc').
# code object from '/Users/x/code/musicdoubao/dist/吸气声弱化工具.app/Contents/Frameworks/numpy/lib/_format_impl.pyc'
PyiFrozenFinder(/Users/x/code/musicdoubao/dist/吸气声弱化工具.app/Contents/Frameworks/numpy/lib): find_spec: called with fullname='numpy.lib._utils_impl', target='numpy.lib._utils_impl'
PyiFrozenFinder(/Users/x/code/musicdoubao/dist/吸气声弱化工具.app/Contents/Frameworks/numpy/lib): find_spec: 'numpy.lib._utils_impl' not found in PYZ...
PyiFrozenFinder(/Users/x/code/musicdoubao/dist/吸气声弱化工具.app/Contents/Frameworks/numpy/lib): find_spec: attempting resolve using fallback finder FileFinder('/Users/x/code/musicdoubao/dist/吸气声弱化工具.app/Contents/Frameworks/numpy/lib').
PyiFrozenFinder(/Users/x/code/musicdoubao/dist/吸气声弱化工具.app/Contents/Frameworks/numpy/lib): find_spec: fallback finder returned spec: ModuleSpec(name='numpy.lib._utils_impl', loader=<_frozen_importlib_external.SourcelessFileLoader object at 0x109a9c110>, origin='/Users/x/code/musicdoubao/dist/吸气声弱化工具.app/Contents/Frameworks/numpy/lib/_utils_impl.pyc').
# code object from '/Users/x/code/musicdoubao/dist/吸气声弱化工具.app/Contents/Frameworks/numpy/lib/_utils_impl.pyc'
import 'numpy.lib._utils_impl' # <_frozen_importlib_external.SourcelessFileLoader object at 0x109a9c110>
import 'numpy.lib._format_impl' # <_frozen_importlib_external.SourcelessFileLoader object at 0x109a4f290>
import 'numpy.lib.format' # <_frozen_importlib_external.SourcelessFileLoader object at 0x109a4f050>
PyiFrozenFinder(/Users/x/code/musicdoubao/dist/吸气声弱化工具.app/Contents/Frameworks/numpy/lib): find_spec: called with fullname='numpy.lib._datasource', target='numpy.lib._datasource'
PyiFrozenFinder(/Users/x/code/musicdoubao/dist/吸气声弱化工具.app/Contents/Frameworks/numpy/lib): find_spec: 'numpy.lib._datasource' not found in PYZ...
PyiFrozenFinder(/Users/x/code/musicdoubao/dist/吸气声弱化工具.app/Contents/Frameworks/numpy/lib): find_spec: attempting resolve using fallback finder FileFinder('/Users/x/code/musicdoubao/dist/吸气声弱化工具.app/Contents/Frameworks/numpy/lib').
PyiFrozenFinder(/Users/x/code/musicdoubao/dist/吸气声弱化工具.app/Contents/Frameworks/numpy/lib): find_spec: fallback finder returned spec: ModuleSpec(name='numpy.lib._datasource', loader=<_frozen_importlib_external.SourcelessFileLoader object at 0x109a4f410>, origin='/Users/x/code/musicdoubao/dist/吸气声弱化工具.app/Contents/Frameworks/numpy/lib/_datasource.pyc').
# code object from '/Users/x/code/musicdoubao/dist/吸气声弱化工具.app/Contents/Frameworks/numpy/lib/_datasource.pyc'
import 'numpy.lib._datasource' # <_frozen_importlib_external.SourcelessFileLoader object at 0x109a4f410>
PyiFrozenFinder(/Users/x/code/musicdoubao/dist/吸气声弱化工具.app/Contents/Frameworks/numpy/lib): find_spec: called with fullname='numpy.lib._iotools', target='numpy.lib._iotools'
PyiFrozenFinder(/Users/x/code/musicdoubao/dist/吸气声弱化工具.app/Contents/Frameworks/numpy/lib): find_spec: 'numpy.lib._iotools' not found in PYZ...
PyiFrozenFinder(/Users/x/code/musicdoubao/dist/吸气声弱化工具.app/Contents/Frameworks/numpy/lib): find_spec: attempting resolve using fallback finder FileFinder('/Users/x/code/musicdoubao/dist/吸气声弱化工具.app/Contents/Frameworks/numpy/lib').
PyiFrozenFinder(/Users/x/code/musicdoubao/dist/吸气声弱化工具.app/Contents/Frameworks/numpy/lib): find_spec: fallback finder returned spec: ModuleSpec(name='numpy.lib._iotools', loader=<_frozen_importlib_external.SourcelessFileLoader object at 0x109a9c590>, origin='/Users/x/code/musicdoubao/dist/吸气声弱化工具.app/Contents/Frameworks/numpy/lib/_iotools.pyc').
# code object from '/Users/x/code/musicdoubao/dist/吸气声弱化工具.app/Contents/Frameworks/numpy/lib/_iotools.pyc'
import 'numpy.lib._iotools' # <_frozen_importlib_external.SourcelessFileLoader object at 0x109a9c590>
import 'numpy.lib._npyio_impl' # <_frozen_importlib_external.SourcelessFileLoader object at 0x109a4ef30>
PyiFrozenFinder(/Users/x/code/musicdoubao/dist/吸气声弱化工具.app/Contents/Frameworks/numpy/lib): find_spec: called with fullname='numpy.lib._polynomial_impl', target='numpy.lib._polynomial_impl'
PyiFrozenFinder(/Users/x/code/musicdoubao/dist/吸气声弱化工具.app/Contents/Frameworks/numpy/lib): find_spec: 'numpy.lib._polynomial_impl' not found in PYZ...
PyiFrozenFinder(/Users/x/code/musicdoubao/dist/吸气声弱化工具.app/Contents/Frameworks/numpy/lib): find_spec: attempting resolve using fallback finder FileFinder('/Users/x/code/musicdoubao/dist/吸气声弱化工具.app/Contents/Frameworks/numpy/lib').
PyiFrozenFinder(/Users/x/code/musicdoubao/dist/吸气声弱化工具.app/Contents/Frameworks/numpy/lib): find_spec: fallback finder returned spec: ModuleSpec(name='numpy.lib._polynomial_impl', loader=<_frozen_importlib_external.SourcelessFileLoader object at 0x109a9d010>, origin='/Users/x/code/musicdoubao/dist/吸气声弱化工具.app/Contents/Frameworks/numpy/lib/_polynomial_impl.pyc').
# code object from '/Users/x/code/musicdoubao/dist/吸气声弱化工具.app/Contents/Frameworks/numpy/lib/_polynomial_impl.pyc'
PyiFrozenFinder(/Users/x/code/musicdoubao/dist/吸气声弱化工具.app/Contents/Frameworks/numpy/lib): find_spec: called with fullname='numpy.lib._type_check_impl', target='numpy.lib._type_check_impl'
PyiFrozenFinder(/Users/x/code/musicdoubao/dist/吸气声弱化工具.app/Contents/Frameworks/numpy/lib): find_spec: 'numpy.lib._type_check_impl' not found in PYZ...
PyiFrozenFinder(/Users/x/code/musicdoubao/dist/吸气声弱化工具.app/Contents/Frameworks/numpy/lib): find_spec: attempting resolve using fallback finder FileFinder('/Users/x/code/musicdoubao/dist/吸气声弱化工具.app/Contents/Frameworks/numpy/lib').
PyiFrozenFinder(/Users/x/code/musicdoubao/dist/吸气声弱化工具.app/Contents/Frameworks/numpy/lib): find_spec: fallback finder returned spec: ModuleSpec(name='numpy.lib._type_check_impl', loader=<_frozen_importlib_external.SourcelessFileLoader object at 0x109a9e030>, origin='/Users/x/code/musicdoubao/dist/吸气声弱化工具.app/Contents/Frameworks/numpy/lib/_type_check_impl.pyc').
# code object from '/Users/x/code/musicdoubao/dist/吸气声弱化工具.app/Contents/Frameworks/numpy/lib/_type_check_impl.pyc'
PyiFrozenFinder(/Users/x/code/musicdoubao/dist/吸气声弱化工具.app/Contents/Frameworks/numpy/lib): find_spec: called with fullname='numpy.lib._ufunclike_impl', target='numpy.lib._ufunclike_impl'
PyiFrozenFinder(/Users/x/code/musicdoubao/dist/吸气声弱化工具.app/Contents/Frameworks/numpy/lib): find_spec: 'numpy.lib._ufunclike_impl' not found in PYZ...
PyiFrozenFinder(/Users/x/code/musicdoubao/dist/吸气声弱化工具.app/Contents/Frameworks/numpy/lib): find_spec: attempting resolve using fallback finder FileFinder('/Users/x/code/musicdoubao/dist/吸气声弱化工具.app/Contents/Frameworks/numpy/lib').
PyiFrozenFinder(/Users/x/code/musicdoubao/dist/吸气声弱化工具.app/Contents/Frameworks/numpy/lib): find_spec: fallback finder returned spec: ModuleSpec(name='numpy.lib._ufunclike_impl', loader=<_frozen_importlib_external.SourcelessFileLoader object at 0x109a9e690>, origin='/Users/x/code/musicdoubao/dist/吸气声弱化工具.app/Contents/Frameworks/numpy/lib/_ufunclike_impl.pyc').
# code object from '/Users/x/code/musicdoubao/dist/吸气声弱化工具.app/Contents/Frameworks/numpy/lib/_ufunclike_impl.pyc'
import 'numpy.lib._ufunclike_impl' # <_frozen_importlib_external.SourcelessFileLoader object at 0x109a9e690>
import 'numpy.lib._type_check_impl' # <_frozen_importlib_external.SourcelessFileLoader object at 0x109a9e030>
import 'numpy.lib._polynomial_impl' # <_frozen_importlib_external.SourcelessFileLoader object at 0x109a9d010>
PyiFrozenFinder(/Users/x/code/musicdoubao/dist/吸气声弱化工具.app/Contents/Frameworks/numpy/lib): find_spec: called with fullname='numpy.lib._shape_base_impl', target='numpy.lib._shape_base_impl'
PyiFrozenFinder(/Users/x/code/musicdoubao/dist/吸气声弱化工具.app/Contents/Frameworks/numpy/lib): find_spec: 'numpy.lib._shape_base_impl' not found in PYZ...
PyiFrozenFinder(/Users/x/code/musicdoubao/dist/吸气声弱化工具.app/Contents/Frameworks/numpy/lib): find_spec: attempting resolve using fallback finder FileFinder('/Users/x/code/musicdoubao/dist/吸气声弱化工具.app/Contents/Frameworks/numpy/lib').
PyiFrozenFinder(/Users/x/code/musicdoubao/dist/吸气声弱化工具.app/Contents/Frameworks/numpy/lib): find_spec: fallback finder returned spec: ModuleSpec(name='numpy.lib._shape_base_impl', loader=<_frozen_importlib_external.SourcelessFileLoader object at 0x109a9eb70>, origin='/Users/x/code/musicdoubao/dist/吸气声弱化工具.app/Contents/Frameworks/numpy/lib/_shape_base_impl.pyc').
# code object from '/Users/x/code/musicdoubao/dist/吸气声弱化工具.app/Contents/Frameworks/numpy/lib/_shape_base_impl.pyc'
import 'numpy.lib._shape_base_impl' # <_frozen_importlib_external.SourcelessFileLoader object at 0x109a9eb70>
PyiFrozenFinder(/Users/x/code/musicdoubao/dist/吸气声弱化工具.app/Contents/Frameworks/numpy/lib): find_spec: called with fullname='numpy.lib._version', target='numpy.lib._version'
PyiFrozenFinder(/Users/x/code/musicdoubao/dist/吸气声弱化工具.app/Contents/Frameworks/numpy/lib): find_spec: 'numpy.lib._version' not found in PYZ...
PyiFrozenFinder(/Users/x/code/musicdoubao/dist/吸气声弱化工具.app/Contents/Frameworks/numpy/lib): find_spec: attempting resolve using fallback finder FileFinder('/Users/x/code/musicdoubao/dist/吸气声弱化工具.app/Contents/Frameworks/numpy/lib').
PyiFrozenFinder(/Users/x/code/musicdoubao/dist/吸气声弱化工具.app/Contents/Frameworks/numpy/lib): find_spec: fallback finder returned spec: ModuleSpec(name='numpy.lib._version', loader=<_frozen_importlib_external.SourcelessFileLoader object at 0x109a9f3b0>, origin='/Users/x/code/musicdoubao/dist/吸气声弱化工具.app/Contents/Frameworks/numpy/lib/_version.pyc').
# code object from '/Users/x/code/musicdoubao/dist/吸气声弱化工具.app/Contents/Frameworks/numpy/lib/_version.pyc'
import 'numpy.lib._version' # <_frozen_importlib_external.SourcelessFileLoader object at 0x109a9f3b0>
PyiFrozenFinder(/Users/x/code/musicdoubao/dist/吸气声弱化工具.app/Contents/Frameworks/numpy/lib): find_spec: called with fullname='numpy.lib.introspect', target='numpy.lib.introspect'
PyiFrozenFinder(/Users/x/code/musicdoubao/dist/吸气声弱化工具.app/Contents/Frameworks/numpy/lib): find_spec: 'numpy.lib.introspect' not found in PYZ...
PyiFrozenFinder(/Users/x/code/musicdoubao/dist/吸气声弱化工具.app/Contents/Frameworks/numpy/lib): find_spec: attempting resolve using fallback finder FileFinder('/Users/x/code/musicdoubao/dist/吸气声弱化工具.app/Contents/Frameworks/numpy/lib').
PyiFrozenFinder(/Users/x/code/musicdoubao/dist/吸气声弱化工具.app/Contents/Frameworks/numpy/lib): find_spec: fallback finder returned spec: ModuleSpec(name='numpy.lib.introspect', loader=<_frozen_importlib_external.SourcelessFileLoader object at 0x109a9f410>, origin='/Users/x/code/musicdoubao/dist/吸气声弱化工具.app/Contents/Frameworks/numpy/lib/introspect.pyc').
# code object from '/Users/x/code/musicdoubao/dist/吸气声弱化工具.app/Contents/Frameworks/numpy/lib/introspect.pyc'
import 'numpy.lib.introspect' # <_frozen_importlib_external.SourcelessFileLoader object at 0x109a9f410>
PyiFrozenFinder(/Users/x/code/musicdoubao/dist/吸气声弱化工具.app/Contents/Frameworks/numpy/lib): find_spec: called with fullname='numpy.lib.mixins', target='numpy.lib.mixins'
PyiFrozenFinder(/Users/x/code/musicdoubao/dist/吸气声弱化工具.app/Contents/Frameworks/numpy/lib): find_spec: 'numpy.lib.mixins' not found in PYZ...
PyiFrozenFinder(/Users/x/code/musicdoubao/dist/吸气声弱化工具.app/Contents/Frameworks/numpy/lib): find_spec: attempting resolve using fallback finder FileFinder('/Users/x/code/musicdoubao/dist/吸气声弱化工具.app/Contents/Frameworks/numpy/lib').
PyiFrozenFinder(/Users/x/code/musicdoubao/dist/吸气声弱化工具.app/Contents/Frameworks/numpy/lib): find_spec: fallback finder returned spec: ModuleSpec(name='numpy.lib.mixins', loader=<_frozen_importlib_external.SourcelessFileLoader object at 0x109a9f4d0>, origin='/Users/x/code/musicdoubao/dist/吸气声弱化工具.app/Contents/Frameworks/numpy/lib/mixins.pyc').
# code object from '/Users/x/code/musicdoubao/dist/吸气声弱化工具.app/Contents/Frameworks/numpy/lib/mixins.pyc'
import 'numpy.lib.mixins' # <_frozen_importlib_external.SourcelessFileLoader object at 0x109a9f4d0>
PyiFrozenFinder(/Users/x/code/musicdoubao/dist/吸气声弱化工具.app/Contents/Frameworks/numpy/lib): find_spec: called with fullname='numpy.lib.npyio', target='numpy.lib.npyio'
PyiFrozenFinder(/Users/x/code/musicdoubao/dist/吸气声弱化工具.app/Contents/Frameworks/numpy/lib): find_spec: 'numpy.lib.npyio' not found in PYZ...
PyiFrozenFinder(/Users/x/code/musicdoubao/dist/吸气声弱化工具.app/Contents/Frameworks/numpy/lib): find_spec: attempting resolve using fallback finder FileFinder('/Users/x/code/musicdoubao/dist/吸气声弱化工具.app/Contents/Frameworks/numpy/lib').
PyiFrozenFinder(/Users/x/code/musicdoubao/dist/吸气声弱化工具.app/Contents/Frameworks/numpy/lib): find_spec: fallback finder returned spec: ModuleSpec(name='numpy.lib.npyio', loader=<_frozen_importlib_external.SourcelessFileLoader object at 0x109a9f650>, origin='/Users/x/code/musicdoubao/dist/吸气声弱化工具.app/Contents/Frameworks/numpy/lib/npyio.pyc').
# code object from '/Users/x/code/musicdoubao/dist/吸气声弱化工具.app/Contents/Frameworks/numpy/lib/npyio.pyc'
import 'numpy.lib.npyio' # <_frozen_importlib_external.SourcelessFileLoader object at 0x109a9f650>
PyiFrozenFinder(/Users/x/code/musicdoubao/dist/吸气声弱化工具.app/Contents/Frameworks/numpy/lib): find_spec: called with fullname='numpy.lib.scimath', target='numpy.lib.scimath'
PyiFrozenFinder(/Users/x/code/musicdoubao/dist/吸气声弱化工具.app/Contents/Frameworks/numpy/lib): find_spec: 'numpy.lib.scimath' not found in PYZ...
PyiFrozenFinder(/Users/x/code/musicdoubao/dist/吸气声弱化工具.app/Contents/Frameworks/numpy/lib): find_spec: attempting resolve using fallback finder FileFinder('/Users/x/code/musicdoubao/dist/吸气声弱化工具.app/Contents/Frameworks/numpy/lib').
PyiFrozenFinder(/Users/x/code/musicdoubao/dist/吸气声弱化工具.app/Contents/Frameworks/numpy/lib): find_spec: fallback finder returned spec: ModuleSpec(name='numpy.lib.scimath', loader=<_frozen_importlib_external.SourcelessFileLoader object at 0x109a9f710>, origin='/Users/x/code/musicdoubao/dist/吸气声弱化工具.app/Contents/Frameworks/numpy/lib/scimath.pyc').
# code object from '/Users/x/code/musicdoubao/dist/吸气声弱化工具.app/Contents/Frameworks/numpy/lib/scimath.pyc'
PyiFrozenFinder(/Users/x/code/musicdoubao/dist/吸气声弱化工具.app/Contents/Frameworks/numpy/lib): find_spec: called with fullname='numpy.lib._scimath_impl', target='numpy.lib._scimath_impl'
PyiFrozenFinder(/Users/x/code/musicdoubao/dist/吸气声弱化工具.app/Contents/Frameworks/numpy/lib): find_spec: 'numpy.lib._scimath_impl' not found in PYZ...
PyiFrozenFinder(/Users/x/code/musicdoubao/dist/吸气声弱化工具.app/Contents/Frameworks/numpy/lib): find_spec: attempting resolve using fallback finder FileFinder('/Users/x/code/musicdoubao/dist/吸气声弱化工具.app/Contents/Frameworks/numpy/lib').
PyiFrozenFinder(/Users/x/code/musicdoubao/dist/吸气声弱化工具.app/Contents/Frameworks/numpy/lib): find_spec: fallback finder returned spec: ModuleSpec(name='numpy.lib._scimath_impl', loader=<_frozen_importlib_external.SourcelessFileLoader object at 0x109a9f6b0>, origin='/Users/x/code/musicdoubao/dist/吸气声弱化工具.app/Contents/Frameworks/numpy/lib/_scimath_impl.pyc').
# code object from '/Users/x/code/musicdoubao/dist/吸气声弱化工具.app/Contents/Frameworks/numpy/lib/_scimath_impl.pyc'
import 'numpy.lib._scimath_impl' # <_frozen_importlib_external.SourcelessFileLoader object at 0x109a9f6b0>
import 'numpy.lib.scimath' # <_frozen_importlib_external.SourcelessFileLoader object at 0x109a9f710>
PyiFrozenFinder(/Users/x/code/musicdoubao/dist/吸气声弱化工具.app/Contents/Frameworks/numpy/lib): find_spec: called with fullname='numpy.lib.stride_tricks', target='numpy.lib.stride_tricks'
PyiFrozenFinder(/Users/x/code/musicdoubao/dist/吸气声弱化工具.app/Contents/Frameworks/numpy/lib): find_spec: 'numpy.lib.stride_tricks' not found in PYZ...
PyiFrozenFinder(/Users/x/code/musicdoubao/dist/吸气声弱化工具.app/Contents/Frameworks/numpy/lib): find_spec: attempting resolve using fallback finder FileFinder('/Users/x/code/musicdoubao/dist/吸气声弱化工具.app/Contents/Frameworks/numpy/lib').
PyiFrozenFinder(/Users/x/code/musicdoubao/dist/吸气声弱化工具.app/Contents/Frameworks/numpy/lib): find_spec: fallback finder returned spec: ModuleSpec(name='numpy.lib.stride_tricks', loader=<_frozen_importlib_external.SourcelessFileLoader object at 0x109a9f770>, origin='/Users/x/code/musicdoubao/dist/吸气声弱化工具.app/Contents/Frameworks/numpy/lib/stride_tricks.pyc').
# code object from '/Users/x/code/musicdoubao/dist/吸气声弱化工具.app/Contents/Frameworks/numpy/lib/stride_tricks.pyc'
import 'numpy.lib.stride_tricks' # <_frozen_importlib_external.SourcelessFileLoader object at 0x109a9f770>
import 'numpy.lib' # <_frozen_importlib_external.SourcelessFileLoader object at 0x109260f50>
PyiFrozenFinder(/Users/x/code/musicdoubao/dist/吸气声弱化工具.app/Contents/Frameworks/numpy): find_spec: called with fullname='numpy._array_api_info', target='numpy._array_api_info'
PyiFrozenFinder(/Users/x/code/musicdoubao/dist/吸气声弱化工具.app/Contents/Frameworks/numpy): find_spec: 'numpy._array_api_info' not found in PYZ...
PyiFrozenFinder(/Users/x/code/musicdoubao/dist/吸气声弱化工具.app/Contents/Frameworks/numpy): find_spec: attempting resolve using fallback finder FileFinder('/Users/x/code/musicdoubao/dist/吸气声弱化工具.app/Contents/Frameworks/numpy').
PyiFrozenFinder(/Users/x/code/musicdoubao/dist/吸气声弱化工具.app/Contents/Frameworks/numpy): find_spec: fallback finder returned spec: ModuleSpec(name='numpy._array_api_info', loader=<_frozen_importlib_external.SourcelessFileLoader object at 0x109a9f950>, origin='/Users/x/code/musicdoubao/dist/吸气声弱化工具.app/Contents/Frameworks/numpy/_array_api_info.pyc').
# code object from '/Users/x/code/musicdoubao/dist/吸气声弱化工具.app/Contents/Frameworks/numpy/_array_api_info.pyc'
import 'numpy._array_api_info' # <_frozen_importlib_external.SourcelessFileLoader object at 0x109a9f950>
import 'numpy' # <_frozen_importlib_external.SourcelessFileLoader object at 0x1091f7710>
PyiFrozenFinder(/Users/x/code/musicdoubao/dist/吸气声弱化工具.app/Contents/Frameworks): find_spec: called with fullname='soundfile', target='soundfile'
PyiFrozenFinder(/Users/x/code/musicdoubao/dist/吸气声弱化工具.app/Contents/Frameworks): find_spec: 'soundfile' not found in PYZ...
PyiFrozenFinder(/Users/x/code/musicdoubao/dist/吸气声弱化工具.app/Contents/Frameworks): find_spec: attempting resolve using fallback finder FileFinder('/Users/x/code/musicdoubao/dist/吸气声弱化工具.app/Contents/Frameworks').
PyiFrozenFinder(/Users/x/code/musicdoubao/dist/吸气声弱化工具.app/Contents/Frameworks): find_spec: fallback finder returned spec: ModuleSpec(name='soundfile', loader=<_frozen_importlib_external.SourcelessFileLoader object at 0x109a9fd10>, origin='/Users/x/code/musicdoubao/dist/吸气声弱化工具.app/Contents/Frameworks/soundfile.pyc').
# code object from '/Users/x/code/musicdoubao/dist/吸气声弱化工具.app/Contents/Frameworks/soundfile.pyc'
# code object from '/Users/x/code/musicdoubao/dist/吸气声弱化工具.app/Contents/Frameworks/ctypes/util.pyc'
import 'ctypes.util' # <_frozen_importlib_external.SourcelessFileLoader object at 0x109af9af0>
PyiFrozenFinder(/Users/x/code/musicdoubao/dist/吸气声弱化工具.app/Contents/Frameworks): find_spec: called with fullname='_soundfile', target='_soundfile'
PyiFrozenFinder(/Users/x/code/musicdoubao/dist/吸气声弱化工具.app/Contents/Frameworks): find_spec: '_soundfile' not found in PYZ...
PyiFrozenFinder(/Users/x/code/musicdoubao/dist/吸气声弱化工具.app/Contents/Frameworks): find_spec: attempting resolve using fallback finder FileFinder('/Users/x/code/musicdoubao/dist/吸气声弱化工具.app/Contents/Frameworks').
PyiFrozenFinder(/Users/x/code/musicdoubao/dist/吸气声弱化工具.app/Contents/Frameworks): find_spec: fallback finder returned spec: ModuleSpec(name='_soundfile', loader=<_frozen_importlib_external.SourcelessFileLoader object at 0x109af9d30>, origin='/Users/x/code/musicdoubao/dist/吸气声弱化工具.app/Contents/Frameworks/_soundfile.pyc').
# code object from '/Users/x/code/musicdoubao/dist/吸气声弱化工具.app/Contents/Frameworks/_soundfile.pyc'
PyiFrozenFinder(/Users/x/code/musicdoubao/dist/吸气声弱化工具.app/Contents/Frameworks): find_spec: called with fullname='_cffi_backend', target='_cffi_backend'
PyiFrozenFinder(/Users/x/code/musicdoubao/dist/吸气声弱化工具.app/Contents/Frameworks): find_spec: '_cffi_backend' not found in PYZ...
PyiFrozenFinder(/Users/x/code/musicdoubao/dist/吸气声弱化工具.app/Contents/Frameworks): find_spec: attempting resolve using fallback finder FileFinder('/Users/x/code/musicdoubao/dist/吸气声弱化工具.app/Contents/Frameworks').
PyiFrozenFinder(/Users/x/code/musicdoubao/dist/吸气声弱化工具.app/Contents/Frameworks): find_spec: fallback finder returned spec: ModuleSpec(name='_cffi_backend', loader=<_frozen_importlib_external.ExtensionFileLoader object at 0x109afa1b0>, origin='/Users/x/code/musicdoubao/dist/吸气声弱化工具.app/Contents/Frameworks/_cffi_backend.cpython-314-darwin.so').
# extension module '_cffi_backend' loaded from '/Users/x/code/musicdoubao/dist/吸气声弱化工具.app/Contents/Frameworks/_cffi_backend.cpython-314-darwin.so'
# extension module '_cffi_backend' executed from '/Users/x/code/musicdoubao/dist/吸气声弱化工具.app/Contents/Frameworks/_cffi_backend.cpython-314-darwin.so'
import '_cffi_backend' # <_frozen_importlib_external.ExtensionFileLoader object at 0x109afa1b0>
import '_soundfile' # <_frozen_importlib_external.SourcelessFileLoader object at 0x109af9d30>
PyiFrozenFinder(/Users/x/code/musicdoubao/dist/吸气声弱化工具.app/Contents/Frameworks): find_spec: called with fullname='_soundfile_data', target='_soundfile_data'
PyiFrozenFinder(/Users/x/code/musicdoubao/dist/吸气声弱化工具.app/Contents/Frameworks): find_spec: '_soundfile_data' not found in PYZ...
PyiFrozenFinder(/Users/x/code/musicdoubao/dist/吸气声弱化工具.app/Contents/Frameworks): find_spec: attempting resolve using fallback finder FileFinder('/Users/x/code/musicdoubao/dist/吸气声弱化工具.app/Contents/Frameworks').
PyiFrozenFinder(/Users/x/code/musicdoubao/dist/吸气声弱化工具.app/Contents/Frameworks): find_spec: fallback finder returned spec: ModuleSpec(name='_soundfile_data', loader=<_frozen_importlib_external.SourcelessFileLoader object at 0x109afa030>, origin='/Users/x/code/musicdoubao/dist/吸气声弱化工具.app/Contents/Frameworks/_soundfile_data/__init__.pyc', submodule_search_locations=['/Users/x/code/musicdoubao/dist/吸气声弱化工具.app/Contents/Frameworks/_soundfile_data']).
# code object from '/Users/x/code/musicdoubao/dist/吸气声弱化工具.app/Contents/Frameworks/_soundfile_data/__init__.pyc'
import '_soundfile_data' # <_frozen_importlib_external.SourcelessFileLoader object at 0x109afa030>
import 'soundfile' # <_frozen_importlib_external.SourcelessFileLoader object at 0x109a9fd10>
PyiFrozenFinder(/Users/x/code/musicdoubao/dist/吸气声弱化工具.app/Contents/Frameworks): find_spec: called with fullname='matplotlib', target='matplotlib'
PyiFrozenFinder(/Users/x/code/musicdoubao/dist/吸气声弱化工具.app/Contents/Frameworks): find_spec: 'matplotlib' not found in PYZ...
PyiFrozenFinder(/Users/x/code/musicdoubao/dist/吸气声弱化工具.app/Contents/Frameworks): find_spec: attempting resolve using fallback finder FileFinder('/Users/x/code/musicdoubao/dist/吸气声弱化工具.app/Contents/Frameworks').
PyiFrozenFinder(/Users/x/code/musicdoubao/dist/吸气声弱化工具.app/Contents/Frameworks): find_spec: fallback finder returned spec: ModuleSpec(name='matplotlib', loader=<_frozen_importlib_external.SourcelessFileLoader object at 0x109afa330>, origin='/Users/x/code/musicdoubao/dist/吸气声弱化工具.app/Contents/Frameworks/matplotlib/__init__.pyc', submodule_search_locations=['/Users/x/code/musicdoubao/dist/吸气声弱化工具.app/Contents/Frameworks/matplotlib']).
# code object from '/Users/x/code/musicdoubao/dist/吸气声弱化工具.app/Contents/Frameworks/matplotlib/__init__.pyc'
PyiFrozenFinder(/Users/x/code/musicdoubao/dist/吸气声弱化工具.app/Contents/Frameworks): find_spec: called with fullname='pprint', target='pprint'
PyiFrozenFinder(/Users/x/code/musicdoubao/dist/吸气声弱化工具.app/Contents/Frameworks): find_spec: 'pprint' not found in PYZ...
PyiFrozenFinder(/Users/x/code/musicdoubao/dist/吸气声弱化工具.app/Contents/Frameworks): find_spec: attempting resolve using fallback finder FileFinder('/Users/x/code/musicdoubao/dist/吸气声弱化工具.app/Contents/Frameworks').
PyiFrozenFinder(/Users/x/code/musicdoubao/dist/吸气声弱化工具.app/Contents/Frameworks): find_spec: fallback finder returned spec: ModuleSpec(name='pprint', loader=<_frozen_importlib_external.SourcelessFileLoader object at 0x109afa7b0>, origin='/Users/x/code/musicdoubao/dist/吸气声弱化工具.app/Contents/Frameworks/pprint.pyc').
# code object from '/Users/x/code/musicdoubao/dist/吸气声弱化工具.app/Contents/Frameworks/pprint.pyc'
import 'pprint' # <_frozen_importlib_external.SourcelessFileLoader object at 0x109afa7b0>
PyInstaller: running path finder hook for path: '/Users/x/code/musicdoubao/dist/吸气声弱化工具.app/Contents/Frameworks/matplotlib'
PyInstaller: hook succeeded
PyiFrozenFinder(/Users/x/code/musicdoubao/dist/吸气声弱化工具.app/Contents/Frameworks/matplotlib): find_spec: called with fullname='matplotlib._api', target='matplotlib._api'
PyiFrozenFinder(/Users/x/code/musicdoubao/dist/吸气声弱化工具.app/Contents/Frameworks/matplotlib): find_spec: 'matplotlib._api' not found in PYZ...
PyiFrozenFinder(/Users/x/code/musicdoubao/dist/吸气声弱化工具.app/Contents/Frameworks/matplotlib): find_spec: attempting resolve using fallback finder FileFinder('/Users/x/code/musicdoubao/dist/吸气声弱化工具.app/Contents/Frameworks/matplotlib').
PyiFrozenFinder(/Users/x/code/musicdoubao/dist/吸气声弱化工具.app/Contents/Frameworks/matplotlib): find_spec: fallback finder returned spec: ModuleSpec(name='matplotlib._api', loader=<_frozen_importlib_external.SourcelessFileLoader object at 0x109afaf90>, origin='/Users/x/code/musicdoubao/dist/吸气声弱化工具.app/Contents/Frameworks/matplotlib/_api/__init__.pyc', submodule_search_locations=['/Users/x/code/musicdoubao/dist/吸气声弱化工具.app/Contents/Frameworks/matplotlib/_api']).
# code object from '/Users/x/code/musicdoubao/dist/吸气声弱化工具.app/Contents/Frameworks/matplotlib/_api/__init__.pyc'
PyInstaller: running path finder hook for path: '/Users/x/code/musicdoubao/dist/吸气声弱化工具.app/Contents/Frameworks/matplotlib/_api'
PyInstaller: hook succeeded
PyiFrozenFinder(/Users/x/code/musicdoubao/dist/吸气声弱化工具.app/Contents/Frameworks/matplotlib/_api): find_spec: called with fullname='matplotlib._api.deprecation', target='matplotlib._api.deprecation'
PyiFrozenFinder(/Users/x/code/musicdoubao/dist/吸气声弱化工具.app/Contents/Frameworks/matplotlib/_api): find_spec: 'matplotlib._api.deprecation' not found in PYZ...
PyiFrozenFinder(/Users/x/code/musicdoubao/dist/吸气声弱化工具.app/Contents/Frameworks/matplotlib/_api): find_spec: attempting resolve using fallback finder FileFinder('/Users/x/code/musicdoubao/dist/吸气声弱化工具.app/Contents/Frameworks/matplotlib/_api').
PyiFrozenFinder(/Users/x/code/musicdoubao/dist/吸气声弱化工具.app/Contents/Frameworks/matplotlib/_api): find_spec: fallback finder returned spec: ModuleSpec(name='matplotlib._api.deprecation', loader=<_frozen_importlib_external.SourcelessFileLoader object at 0x109afbad0>, origin='/Users/x/code/musicdoubao/dist/吸气声弱化工具.app/Contents/Frameworks/matplotlib/_api/deprecation.pyc').
# code object from '/Users/x/code/musicdoubao/dist/吸气声弱化工具.app/Contents/Frameworks/matplotlib/_api/deprecation.pyc'
import 'matplotlib._api.deprecation' # <_frozen_importlib_external.SourcelessFileLoader object at 0x109afbad0>
import 'matplotlib._api' # <_frozen_importlib_external.SourcelessFileLoader object at 0x109afaf90>
PyiFrozenFinder(/Users/x/code/musicdoubao/dist/吸气声弱化工具.app/Contents/Frameworks/matplotlib): find_spec: called with fullname='matplotlib._version', target='matplotlib._version'
PyiFrozenFinder(/Users/x/code/musicdoubao/dist/吸气声弱化工具.app/Contents/Frameworks/matplotlib): find_spec: 'matplotlib._version' not found in PYZ...
PyiFrozenFinder(/Users/x/code/musicdoubao/dist/吸气声弱化工具.app/Contents/Frameworks/matplotlib): find_spec: attempting resolve using fallback finder FileFinder('/Users/x/code/musicdoubao/dist/吸气声弱化工具.app/Contents/Frameworks/matplotlib').
PyiFrozenFinder(/Users/x/code/musicdoubao/dist/吸气声弱化工具.app/Contents/Frameworks/matplotlib): find_spec: fallback finder returned spec: ModuleSpec(name='matplotlib._version', loader=<_frozen_importlib_external.SourcelessFileLoader object at 0x109afb7d0>, origin='/Users/x/code/musicdoubao/dist/吸气声弱化工具.app/Contents/Frameworks/matplotlib/_version.pyc').
# code object from '/Users/x/code/musicdoubao/dist/吸气声弱化工具.app/Contents/Frameworks/matplotlib/_version.pyc'
import 'matplotlib._version' # <_frozen_importlib_external.SourcelessFileLoader object at 0x109afb7d0>
PyiFrozenFinder(/Users/x/code/musicdoubao/dist/吸气声弱化工具.app/Contents/Frameworks/matplotlib): find_spec: called with fullname='matplotlib.cbook', target='matplotlib.cbook'
PyiFrozenFinder(/Users/x/code/musicdoubao/dist/吸气声弱化工具.app/Contents/Frameworks/matplotlib): find_spec: 'matplotlib.cbook' not found in PYZ...
PyiFrozenFinder(/Users/x/code/musicdoubao/dist/吸气声弱化工具.app/Contents/Frameworks/matplotlib): find_spec: attempting resolve using fallback finder FileFinder('/Users/x/code/musicdoubao/dist/吸气声弱化工具.app/Contents/Frameworks/matplotlib').
PyiFrozenFinder(/Users/x/code/musicdoubao/dist/吸气声弱化工具.app/Contents/Frameworks/matplotlib): find_spec: fallback finder returned spec: ModuleSpec(name='matplotlib.cbook', loader=<_frozen_importlib_external.SourcelessFileLoader object at 0x109b3c2f0>, origin='/Users/x/code/musicdoubao/dist/吸气声弱化工具.app/Contents/Frameworks/matplotlib/cbook.pyc').
# code object from '/Users/x/code/musicdoubao/dist/吸气声弱化工具.app/Contents/Frameworks/matplotlib/cbook.pyc'
PyiFrozenFinder(/Users/x/code/musicdoubao/dist/吸气声弱化工具.app/Contents/Frameworks): find_spec: called with fullname='gzip', target='gzip'
PyiFrozenFinder(/Users/x/code/musicdoubao/dist/吸气声弱化工具.app/Contents/Frameworks): find_spec: 'gzip' not found in PYZ...
PyiFrozenFinder(/Users/x/code/musicdoubao/dist/吸气声弱化工具.app/Contents/Frameworks): find_spec: attempting resolve using fallback finder FileFinder('/Users/x/code/musicdoubao/dist/吸气声弱化工具.app/Contents/Frameworks').
PyiFrozenFinder(/Users/x/code/musicdoubao/dist/吸气声弱化工具.app/Contents/Frameworks): find_spec: fallback finder returned spec: ModuleSpec(name='gzip', loader=<_frozen_importlib_external.SourcelessFileLoader object at 0x109b3c170>, origin='/Users/x/code/musicdoubao/dist/吸气声弱化工具.app/Contents/Frameworks/gzip.pyc').
# code object from '/Users/x/code/musicdoubao/dist/吸气声弱化工具.app/Contents/Frameworks/gzip.pyc'
import 'gzip' # <_frozen_importlib_external.SourcelessFileLoader object at 0x109b3c170>
PyiFrozenFinder(/Users/x/code/musicdoubao/dist/吸气声弱化工具.app/Contents/Frameworks): find_spec: called with fullname='shlex', target='shlex'
PyiFrozenFinder(/Users/x/code/musicdoubao/dist/吸气声弱化工具.app/Contents/Frameworks): find_spec: 'shlex' not found in PYZ...
PyiFrozenFinder(/Users/x/code/musicdoubao/dist/吸气声弱化工具.app/Contents/Frameworks): find_spec: attempting resolve using fallback finder FileFinder('/Users/x/code/musicdoubao/dist/吸气声弱化工具.app/Contents/Frameworks').
PyiFrozenFinder(/Users/x/code/musicdoubao/dist/吸气声弱化工具.app/Contents/Frameworks): find_spec: fallback finder returned spec: ModuleSpec(name='shlex', loader=<_frozen_importlib_external.SourcelessFileLoader object at 0x109b3f290>, origin='/Users/x/code/musicdoubao/dist/吸气声弱化工具.app/Contents/Frameworks/shlex.pyc').
# code object from '/Users/x/code/musicdoubao/dist/吸气声弱化工具.app/Contents/Frameworks/shlex.pyc'
import 'shlex' # <_frozen_importlib_external.SourcelessFileLoader object at 0x109b3f290>
PyiFrozenFinder(/Users/x/code/musicdoubao/dist/吸气声弱化工具.app/Contents/Frameworks/matplotlib): find_spec: called with fullname='matplotlib._c_internal_utils', target='matplotlib._c_internal_utils'
PyiFrozenFinder(/Users/x/code/musicdoubao/dist/吸气声弱化工具.app/Contents/Frameworks/matplotlib): find_spec: 'matplotlib._c_internal_utils' not found in PYZ...
PyiFrozenFinder(/Users/x/code/musicdoubao/dist/吸气声弱化工具.app/Contents/Frameworks/matplotlib): find_spec: attempting resolve using fallback finder FileFinder('/Users/x/code/musicdoubao/dist/吸气声弱化工具.app/Contents/Frameworks/matplotlib').
PyiFrozenFinder(/Users/x/code/musicdoubao/dist/吸气声弱化工具.app/Contents/Frameworks/matplotlib): find_spec: fallback finder returned spec: ModuleSpec(name='matplotlib._c_internal_utils', loader=<_frozen_importlib_external.ExtensionFileLoader object at 0x109b3f5f0>, origin='/Users/x/code/musicdoubao/dist/吸气声弱化工具.app/Contents/Frameworks/matplotlib/_c_internal_utils.cpython-314-darwin.so').
# extension module 'matplotlib._c_internal_utils' loaded from '/Users/x/code/musicdoubao/dist/吸气声弱化工具.app/Contents/Frameworks/matplotlib/_c_internal_utils.cpython-314-darwin.so'
# extension module 'matplotlib._c_internal_utils' executed from '/Users/x/code/musicdoubao/dist/吸气声弱化工具.app/Contents/Frameworks/matplotlib/_c_internal_utils.cpython-314-darwin.so'
import 'matplotlib._c_internal_utils' # <_frozen_importlib_external.ExtensionFileLoader object at 0x109b3f5f0>
import 'matplotlib.cbook' # <_frozen_importlib_external.SourcelessFileLoader object at 0x109b3c2f0>
PyiFrozenFinder(/Users/x/code/musicdoubao/dist/吸气声弱化工具.app/Contents/Frameworks/matplotlib): find_spec: called with fullname='matplotlib._docstring', target='matplotlib._docstring'
PyiFrozenFinder(/Users/x/code/musicdoubao/dist/吸气声弱化工具.app/Contents/Frameworks/matplotlib): find_spec: 'matplotlib._docstring' not found in PYZ...
PyiFrozenFinder(/Users/x/code/musicdoubao/dist/吸气声弱化工具.app/Contents/Frameworks/matplotlib): find_spec: attempting resolve using fallback finder FileFinder('/Users/x/code/musicdoubao/dist/吸气声弱化工具.app/Contents/Frameworks/matplotlib').
PyiFrozenFinder(/Users/x/code/musicdoubao/dist/吸气声弱化工具.app/Contents/Frameworks/matplotlib): find_spec: fallback finder returned spec: ModuleSpec(name='matplotlib._docstring', loader=<_frozen_importlib_external.SourcelessFileLoader object at 0x109b3d310>, origin='/Users/x/code/musicdoubao/dist/吸气声弱化工具.app/Contents/Frameworks/matplotlib/_docstring.pyc').
# code object from '/Users/x/code/musicdoubao/dist/吸气声弱化工具.app/Contents/Frameworks/matplotlib/_docstring.pyc'
import 'matplotlib._docstring' # <_frozen_importlib_external.SourcelessFileLoader object at 0x109b3d310>
PyiFrozenFinder(/Users/x/code/musicdoubao/dist/吸气声弱化工具.app/Contents/Frameworks/matplotlib): find_spec: called with fullname='matplotlib.rcsetup', target='matplotlib.rcsetup'
PyiFrozenFinder(/Users/x/code/musicdoubao/dist/吸气声弱化工具.app/Contents/Frameworks/matplotlib): find_spec: 'matplotlib.rcsetup' not found in PYZ...
PyiFrozenFinder(/Users/x/code/musicdoubao/dist/吸气声弱化工具.app/Contents/Frameworks/matplotlib): find_spec: attempting resolve using fallback finder FileFinder('/Users/x/code/musicdoubao/dist/吸气声弱化工具.app/Contents/Frameworks/matplotlib').
PyiFrozenFinder(/Users/x/code/musicdoubao/dist/吸气声弱化工具.app/Contents/Frameworks/matplotlib): find_spec: fallback finder returned spec: ModuleSpec(name='matplotlib.rcsetup', loader=<_frozen_importlib_external.SourcelessFileLoader object at 0x109b3f950>, origin='/Users/x/code/musicdoubao/dist/吸气声弱化工具.app/Contents/Frameworks/matplotlib/rcsetup.pyc').
# code object from '/Users/x/code/musicdoubao/dist/吸气声弱化工具.app/Contents/Frameworks/matplotlib/rcsetup.pyc'
PyiFrozenFinder(/Users/x/code/musicdoubao/dist/吸气声弱化工具.app/Contents/Frameworks/matplotlib): find_spec: called with fullname='matplotlib.backends', target='matplotlib.backends'
PyiFrozenFinder(/Users/x/code/musicdoubao/dist/吸气声弱化工具.app/Contents/Frameworks/matplotlib): find_spec: 'matplotlib.backends' not found in PYZ...
PyiFrozenFinder(/Users/x/code/musicdoubao/dist/吸气声弱化工具.app/Contents/Frameworks/matplotlib): find_spec: attempting resolve using fallback finder FileFinder('/Users/x/code/musicdoubao/dist/吸气声弱化工具.app/Contents/Frameworks/matplotlib').
PyiFrozenFinder(/Users/x/code/musicdoubao/dist/吸气声弱化工具.app/Contents/Frameworks/matplotlib): find_spec: fallback finder returned spec: ModuleSpec(name='matplotlib.backends', loader=<_frozen_importlib_external.SourcelessFileLoader object at 0x109b3fb30>, origin='/Users/x/code/musicdoubao/dist/吸气声弱化工具.app/Contents/Frameworks/matplotlib/backends/__init__.pyc', submodule_search_locations=['/Users/x/code/musicdoubao/dist/吸气声弱化工具.app/Contents/Frameworks/matplotlib/backends']).
# code object from '/Users/x/code/musicdoubao/dist/吸气声弱化工具.app/Contents/Frameworks/matplotlib/backends/__init__.pyc'
PyInstaller: running path finder hook for path: '/Users/x/code/musicdoubao/dist/吸气声弱化工具.app/Contents/Frameworks/matplotlib/backends'
PyInstaller: hook succeeded
PyiFrozenFinder(/Users/x/code/musicdoubao/dist/吸气声弱化工具.app/Contents/Frameworks/matplotlib/backends): find_spec: called with fullname='matplotlib.backends.registry', target='matplotlib.backends.registry'
PyiFrozenFinder(/Users/x/code/musicdoubao/dist/吸气声弱化工具.app/Contents/Frameworks/matplotlib/backends): find_spec: 'matplotlib.backends.registry' not found in PYZ...
PyiFrozenFinder(/Users/x/code/musicdoubao/dist/吸气声弱化工具.app/Contents/Frameworks/matplotlib/backends): find_spec: attempting resolve using fallback finder FileFinder('/Users/x/code/musicdoubao/dist/吸气声弱化工具.app/Contents/Frameworks/matplotlib/backends').
PyiFrozenFinder(/Users/x/code/musicdoubao/dist/吸气声弱化工具.app/Contents/Frameworks/matplotlib/backends): find_spec: fallback finder returned spec: ModuleSpec(name='matplotlib.backends.registry', loader=<_frozen_importlib_external.SourcelessFileLoader object at 0x109b84410>, origin='/Users/x/code/musicdoubao/dist/吸气声弱化工具.app/Contents/Frameworks/matplotlib/backends/registry.pyc').
# code object from '/Users/x/code/musicdoubao/dist/吸气声弱化工具.app/Contents/Frameworks/matplotlib/backends/registry.pyc'
import 'matplotlib.backends.registry' # <_frozen_importlib_external.SourcelessFileLoader object at 0x109b84410>
import 'matplotlib.backends' # <_frozen_importlib_external.SourcelessFileLoader object at 0x109b3fb30>
PyiFrozenFinder(/Users/x/code/musicdoubao/dist/吸气声弱化工具.app/Contents/Frameworks/matplotlib): find_spec: called with fullname='matplotlib.colors', target='matplotlib.colors'
PyiFrozenFinder(/Users/x/code/musicdoubao/dist/吸气声弱化工具.app/Contents/Frameworks/matplotlib): find_spec: 'matplotlib.colors' not found in PYZ...
PyiFrozenFinder(/Users/x/code/musicdoubao/dist/吸气声弱化工具.app/Contents/Frameworks/matplotlib): find_spec: attempting resolve using fallback finder FileFinder('/Users/x/code/musicdoubao/dist/吸气声弱化工具.app/Contents/Frameworks/matplotlib').
PyiFrozenFinder(/Users/x/code/musicdoubao/dist/吸气声弱化工具.app/Contents/Frameworks/matplotlib): find_spec: fallback finder returned spec: ModuleSpec(name='matplotlib.colors', loader=<_frozen_importlib_external.SourcelessFileLoader object at 0x109b3fc50>, origin='/Users/x/code/musicdoubao/dist/吸气声弱化工具.app/Contents/Frameworks/matplotlib/colors.pyc').
# code object from '/Users/x/code/musicdoubao/dist/吸气声弱化工具.app/Contents/Frameworks/matplotlib/colors.pyc'
PyiFrozenFinder(/Users/x/code/musicdoubao/dist/吸气声弱化工具.app/Contents/Frameworks): find_spec: called with fullname='PIL', target='PIL'
PyiFrozenFinder(/Users/x/code/musicdoubao/dist/吸气声弱化工具.app/Contents/Frameworks): find_spec: 'PIL' not found in PYZ...
PyiFrozenFinder(/Users/x/code/musicdoubao/dist/吸气声弱化工具.app/Contents/Frameworks): find_spec: attempting resolve using fallback finder FileFinder('/Users/x/code/musicdoubao/dist/吸气声弱化工具.app/Contents/Frameworks').
PyiFrozenFinder(/Users/x/code/musicdoubao/dist/吸气声弱化工具.app/Contents/Frameworks): find_spec: fallback finder returned spec: ModuleSpec(name='PIL', loader=<_frozen_importlib_external.SourcelessFileLoader object at 0x109b86810>, origin='/Users/x/code/musicdoubao/dist/吸气声弱化工具.app/Contents/Frameworks/PIL/__init__.pyc', submodule_search_locations=['/Users/x/code/musicdoubao/dist/吸气声弱化工具.app/Contents/Frameworks/PIL']).
# code object from '/Users/x/code/musicdoubao/dist/吸气声弱化工具.app/Contents/Frameworks/PIL/__init__.pyc'
PyInstaller: running path finder hook for path: '/Users/x/code/musicdoubao/dist/吸气声弱化工具.app/Contents/Frameworks/PIL'
PyInstaller: hook succeeded
PyiFrozenFinder(/Users/x/code/musicdoubao/dist/吸气声弱化工具.app/Contents/Frameworks/PIL): find_spec: called with fullname='PIL._version', target='PIL._version'
PyiFrozenFinder(/Users/x/code/musicdoubao/dist/吸气声弱化工具.app/Contents/Frameworks/PIL): find_spec: 'PIL._version' not found in PYZ...
PyiFrozenFinder(/Users/x/code/musicdoubao/dist/吸气声弱化工具.app/Contents/Frameworks/PIL): find_spec: attempting resolve using fallback finder FileFinder('/Users/x/code/musicdoubao/dist/吸气声弱化工具.app/Contents/Frameworks/PIL').
PyiFrozenFinder(/Users/x/code/musicdoubao/dist/吸气声弱化工具.app/Contents/Frameworks/PIL): find_spec: fallback finder returned spec: ModuleSpec(name='PIL._version', loader=<_frozen_importlib_external.SourcelessFileLoader object at 0x109bc41d0>, origin='/Users/x/code/musicdoubao/dist/吸气声弱化工具.app/Contents/Frameworks/PIL/_version.pyc').
# code object from '/Users/x/code/musicdoubao/dist/吸气声弱化工具.app/Contents/Frameworks/PIL/_version.pyc'
import 'PIL._version' # <_frozen_importlib_external.SourcelessFileLoader object at 0x109bc41d0>
import 'PIL' # <_frozen_importlib_external.SourcelessFileLoader object at 0x109b86810>
PyiFrozenFinder(/Users/x/code/musicdoubao/dist/吸气声弱化工具.app/Contents/Frameworks/PIL): find_spec: called with fullname='PIL.Image', target='PIL.Image'
PyiFrozenFinder(/Users/x/code/musicdoubao/dist/吸气声弱化工具.app/Contents/Frameworks/PIL): find_spec: 'PIL.Image' not found in PYZ...
PyiFrozenFinder(/Users/x/code/musicdoubao/dist/吸气声弱化工具.app/Contents/Frameworks/PIL): find_spec: attempting resolve using fallback finder FileFinder('/Users/x/code/musicdoubao/dist/吸气声弱化工具.app/Contents/Frameworks/PIL').
PyiFrozenFinder(/Users/x/code/musicdoubao/dist/吸气声弱化工具.app/Contents/Frameworks/PIL): find_spec: fallback finder returned spec: ModuleSpec(name='PIL.Image', loader=<_frozen_importlib_external.SourcelessFileLoader object at 0x109bc4950>, origin='/Users/x/code/musicdoubao/dist/吸气声弱化工具.app/Contents/Frameworks/PIL/Image.pyc').
# code object from '/Users/x/code/musicdoubao/dist/吸气声弱化工具.app/Contents/Frameworks/PIL/Image.pyc'
PyiFrozenFinder(/Users/x/code/musicdoubao/dist/吸气声弱化工具.app/Contents/Frameworks/PIL): find_spec: called with fullname='PIL.ExifTags', target='PIL.ExifTags'
PyiFrozenFinder(/Users/x/code/musicdoubao/dist/吸气声弱化工具.app/Contents/Frameworks/PIL): find_spec: 'PIL.ExifTags' not found in PYZ...
PyiFrozenFinder(/Users/x/code/musicdoubao/dist/吸气声弱化工具.app/Contents/Frameworks/PIL): find_spec: attempting resolve using fallback finder FileFinder('/Users/x/code/musicdoubao/dist/吸气声弱化工具.app/Contents/Frameworks/PIL').
PyiFrozenFinder(/Users/x/code/musicdoubao/dist/吸气声弱化工具.app/Contents/Frameworks/PIL): find_spec: fallback finder returned spec: ModuleSpec(name='PIL.ExifTags', loader=<_frozen_importlib_external.SourcelessFileLoader object at 0x109bc5a90>, origin='/Users/x/code/musicdoubao/dist/吸气声弱化工具.app/Contents/Frameworks/PIL/ExifTags.pyc').
# code object from '/Users/x/code/musicdoubao/dist/吸气声弱化工具.app/Contents/Frameworks/PIL/ExifTags.pyc'
import 'PIL.ExifTags' # <_frozen_importlib_external.SourcelessFileLoader object at 0x109bc5a90>
PyiFrozenFinder(/Users/x/code/musicdoubao/dist/吸气声弱化工具.app/Contents/Frameworks/PIL): find_spec: called with fullname='PIL.ImageMode', target='PIL.ImageMode'
PyiFrozenFinder(/Users/x/code/musicdoubao/dist/吸气声弱化工具.app/Contents/Frameworks/PIL): find_spec: 'PIL.ImageMode' not found in PYZ...
PyiFrozenFinder(/Users/x/code/musicdoubao/dist/吸气声弱化工具.app/Contents/Frameworks/PIL): find_spec: attempting resolve using fallback finder FileFinder('/Users/x/code/musicdoubao/dist/吸气声弱化工具.app/Contents/Frameworks/PIL').
PyiFrozenFinder(/Users/x/code/musicdoubao/dist/吸气声弱化工具.app/Contents/Frameworks/PIL): find_spec: fallback finder returned spec: ModuleSpec(name='PIL.ImageMode', loader=<_frozen_importlib_external.SourcelessFileLoader object at 0x109bc7530>, origin='/Users/x/code/musicdoubao/dist/吸气声弱化工具.app/Contents/Frameworks/PIL/ImageMode.pyc').
# code object from '/Users/x/code/musicdoubao/dist/吸气声弱化工具.app/Contents/Frameworks/PIL/ImageMode.pyc'
import 'PIL.ImageMode' # <_frozen_importlib_external.SourcelessFileLoader object at 0x109bc7530>
PyiFrozenFinder(/Users/x/code/musicdoubao/dist/吸气声弱化工具.app/Contents/Frameworks/PIL): find_spec: called with fullname='PIL.TiffTags', target='PIL.TiffTags'
PyiFrozenFinder(/Users/x/code/musicdoubao/dist/吸气声弱化工具.app/Contents/Frameworks/PIL): find_spec: 'PIL.TiffTags' not found in PYZ...
PyiFrozenFinder(/Users/x/code/musicdoubao/dist/吸气声弱化工具.app/Contents/Frameworks/PIL): find_spec: attempting resolve using fallback finder FileFinder('/Users/x/code/musicdoubao/dist/吸气声弱化工具.app/Contents/Frameworks/PIL').
PyiFrozenFinder(/Users/x/code/musicdoubao/dist/吸气声弱化工具.app/Contents/Frameworks/PIL): find_spec: fallback finder returned spec: ModuleSpec(name='PIL.TiffTags', loader=<_frozen_importlib_external.SourcelessFileLoader object at 0x109bc75f0>, origin='/Users/x/code/musicdoubao/dist/吸气声弱化工具.app/Contents/Frameworks/PIL/TiffTags.pyc').
# code object from '/Users/x/code/musicdoubao/dist/吸气声弱化工具.app/Contents/Frameworks/PIL/TiffTags.pyc'
import 'PIL.TiffTags' # <_frozen_importlib_external.SourcelessFileLoader object at 0x109bc75f0>
PyiFrozenFinder(/Users/x/code/musicdoubao/dist/吸气声弱化工具.app/Contents/Frameworks/PIL): find_spec: called with fullname='PIL._binary', target='PIL._binary'
PyiFrozenFinder(/Users/x/code/musicdoubao/dist/吸气声弱化工具.app/Contents/Frameworks/PIL): find_spec: 'PIL._binary' not found in PYZ...
PyiFrozenFinder(/Users/x/code/musicdoubao/dist/吸气声弱化工具.app/Contents/Frameworks/PIL): find_spec: attempting resolve using fallback finder FileFinder('/Users/x/code/musicdoubao/dist/吸气声弱化工具.app/Contents/Frameworks/PIL').
PyiFrozenFinder(/Users/x/code/musicdoubao/dist/吸气声弱化工具.app/Contents/Frameworks/PIL): find_spec: fallback finder returned spec: ModuleSpec(name='PIL._binary', loader=<_frozen_importlib_external.SourcelessFileLoader object at 0x109c54ef0>, origin='/Users/x/code/musicdoubao/dist/吸气声弱化工具.app/Contents/Frameworks/PIL/_binary.pyc').
# code object from '/Users/x/code/musicdoubao/dist/吸气声弱化工具.app/Contents/Frameworks/PIL/_binary.pyc'
import 'PIL._binary' # <_frozen_importlib_external.SourcelessFileLoader object at 0x109c54ef0>
PyiFrozenFinder(/Users/x/code/musicdoubao/dist/吸气声弱化工具.app/Contents/Frameworks/PIL): find_spec: called with fullname='PIL._deprecate', target='PIL._deprecate'
PyiFrozenFinder(/Users/x/code/musicdoubao/dist/吸气声弱化工具.app/Contents/Frameworks/PIL): find_spec: 'PIL._deprecate' not found in PYZ...
PyiFrozenFinder(/Users/x/code/musicdoubao/dist/吸气声弱化工具.app/Contents/Frameworks/PIL): find_spec: attempting resolve using fallback finder FileFinder('/Users/x/code/musicdoubao/dist/吸气声弱化工具.app/Contents/Frameworks/PIL').
PyiFrozenFinder(/Users/x/code/musicdoubao/dist/吸气声弱化工具.app/Contents/Frameworks/PIL): find_spec: fallback finder returned spec: ModuleSpec(name='PIL._deprecate', loader=<_frozen_importlib_external.SourcelessFileLoader object at 0x109c55310>, origin='/Users/x/code/musicdoubao/dist/吸气声弱化工具.app/Contents/Frameworks/PIL/_deprecate.pyc').
# code object from '/Users/x/code/musicdoubao/dist/吸气声弱化工具.app/Contents/Frameworks/PIL/_deprecate.pyc'
import 'PIL._deprecate' # <_frozen_importlib_external.SourcelessFileLoader object at 0x109c55310>
PyiFrozenFinder(/Users/x/code/musicdoubao/dist/吸气声弱化工具.app/Contents/Frameworks/PIL): find_spec: called with fullname='PIL._util', target='PIL._util'
PyiFrozenFinder(/Users/x/code/musicdoubao/dist/吸气声弱化工具.app/Contents/Frameworks/PIL): find_spec: 'PIL._util' not found in PYZ...
PyiFrozenFinder(/Users/x/code/musicdoubao/dist/吸气声弱化工具.app/Contents/Frameworks/PIL): find_spec: attempting resolve using fallback finder FileFinder('/Users/x/code/musicdoubao/dist/吸气声弱化工具.app/Contents/Frameworks/PIL').
PyiFrozenFinder(/Users/x/code/musicdoubao/dist/吸气声弱化工具.app/Contents/Frameworks/PIL): find_spec: fallback finder returned spec: ModuleSpec(name='PIL._util', loader=<_frozen_importlib_external.SourcelessFileLoader object at 0x109c55490>, origin='/Users/x/code/musicdoubao/dist/吸气声弱化工具.app/Contents/Frameworks/PIL/_util.pyc').
# code object from '/Users/x/code/musicdoubao/dist/吸气声弱化工具.app/Contents/Frameworks/PIL/_util.pyc'
import 'PIL._util' # <_frozen_importlib_external.SourcelessFileLoader object at 0x109c55490>
PyiFrozenFinder(/Users/x/code/musicdoubao/dist/吸气声弱化工具.app/Contents/Frameworks): find_spec: called with fullname='defusedxml', target='defusedxml'
PyiFrozenFinder(/Users/x/code/musicdoubao/dist/吸气声弱化工具.app/Contents/Frameworks): find_spec: 'defusedxml' not found in PYZ...
PyiFrozenFinder(/Users/x/code/musicdoubao/dist/吸气声弱化工具.app/Contents/Frameworks): find_spec: attempting resolve using fallback finder FileFinder('/Users/x/code/musicdoubao/dist/吸气声弱化工具.app/Contents/Frameworks').
PyiFrozenFinder(/Users/x/code/musicdoubao/dist/吸气声弱化工具.app/Contents/Frameworks): find_spec: fallback finder returned spec: None.
PyiFrozenFinder(/Users/x/code/musicdoubao/dist/吸气声弱化工具.app/Contents/Frameworks/setuptools/_vendor): find_spec: called with fullname='defusedxml', target='defusedxml'
PyiFrozenFinder(/Users/x/code/musicdoubao/dist/吸气声弱化工具.app/Contents/Frameworks/setuptools/_vendor): find_spec: 'defusedxml' not found in PYZ...
PyiFrozenFinder(/Users/x/code/musicdoubao/dist/吸气声弱化工具.app/Contents/Frameworks/setuptools/_vendor): find_spec: attempting resolve using fallback finder FileFinder('/Users/x/code/musicdoubao/dist/吸气声弱化工具.app/Contents/Frameworks/setuptools/_vendor').
PyiFrozenFinder(/Users/x/code/musicdoubao/dist/吸气声弱化工具.app/Contents/Frameworks/setuptools/_vendor): find_spec: fallback finder returned spec: None.
PyiFrozenFinder(/Users/x/code/musicdoubao/dist/吸气声弱化工具.app/Contents/Frameworks/PIL): find_spec: called with fullname='PIL._imaging', target='PIL._imaging'
PyiFrozenFinder(/Users/x/code/musicdoubao/dist/吸气声弱化工具.app/Contents/Frameworks/PIL): find_spec: 'PIL._imaging' not found in PYZ...
PyiFrozenFinder(/Users/x/code/musicdoubao/dist/吸气声弱化工具.app/Contents/Frameworks/PIL): find_spec: attempting resolve using fallback finder FileFinder('/Users/x/code/musicdoubao/dist/吸气声弱化工具.app/Contents/Frameworks/PIL').
PyiFrozenFinder(/Users/x/code/musicdoubao/dist/吸气声弱化工具.app/Contents/Frameworks/PIL): find_spec: fallback finder returned spec: ModuleSpec(name='PIL._imaging', loader=<_frozen_importlib_external.ExtensionFileLoader object at 0x109c55610>, origin='/Users/x/code/musicdoubao/dist/吸气声弱化工具.app/Contents/Frameworks/PIL/_imaging.cpython-314-darwin.so').
# extension module 'PIL._imaging' loaded from '/Users/x/code/musicdoubao/dist/吸气声弱化工具.app/Contents/Frameworks/PIL/_imaging.cpython-314-darwin.so'
# extension module 'PIL._imaging' executed from '/Users/x/code/musicdoubao/dist/吸气声弱化工具.app/Contents/Frameworks/PIL/_imaging.cpython-314-darwin.so'
import 'PIL._imaging' # <_frozen_importlib_external.ExtensionFileLoader object at 0x109c55610>
import 'PIL.Image' # <_frozen_importlib_external.SourcelessFileLoader object at 0x109bc4950>
PyiFrozenFinder(/Users/x/code/musicdoubao/dist/吸气声弱化工具.app/Contents/Frameworks/PIL): find_spec: called with fullname='PIL.PngImagePlugin', target='PIL.PngImagePlugin'
PyiFrozenFinder(/Users/x/code/musicdoubao/dist/吸气声弱化工具.app/Contents/Frameworks/PIL): find_spec: 'PIL.PngImagePlugin' not found in PYZ...
PyiFrozenFinder(/Users/x/code/musicdoubao/dist/吸气声弱化工具.app/Contents/Frameworks/PIL): find_spec: attempting resolve using fallback finder FileFinder('/Users/x/code/musicdoubao/dist/吸气声弱化工具.app/Contents/Frameworks/PIL').
PyiFrozenFinder(/Users/x/code/musicdoubao/dist/吸气声弱化工具.app/Contents/Frameworks/PIL): find_spec: fallback finder returned spec: ModuleSpec(name='PIL.PngImagePlugin', loader=<_frozen_importlib_external.SourcelessFileLoader object at 0x109c0d2b0>, origin='/Users/x/code/musicdoubao/dist/吸气声弱化工具.app/Contents/Frameworks/PIL/PngImagePlugin.pyc').
# code object from '/Users/x/code/musicdoubao/dist/吸气声弱化工具.app/Contents/Frameworks/PIL/PngImagePlugin.pyc'
PyiFrozenFinder(/Users/x/code/musicdoubao/dist/吸气声弱化工具.app/Contents/Frameworks): find_spec: called with fullname='fractions', target='fractions'
PyiFrozenFinder(/Users/x/code/musicdoubao/dist/吸气声弱化工具.app/Contents/Frameworks): find_spec: 'fractions' not found in PYZ...
PyiFrozenFinder(/Users/x/code/musicdoubao/dist/吸气声弱化工具.app/Contents/Frameworks): find_spec: attempting resolve using fallback finder FileFinder('/Users/x/code/musicdoubao/dist/吸气声弱化工具.app/Contents/Frameworks').
PyiFrozenFinder(/Users/x/code/musicdoubao/dist/吸气声弱化工具.app/Contents/Frameworks): find_spec: fallback finder returned spec: ModuleSpec(name='fractions', loader=<_frozen_importlib_external.SourcelessFileLoader object at 0x109c55f70>, origin='/Users/x/code/musicdoubao/dist/吸气声弱化工具.app/Contents/Frameworks/fractions.pyc').
# code object from '/Users/x/code/musicdoubao/dist/吸气声弱化工具.app/Contents/Frameworks/fractions.pyc'
import 'fractions' # <_frozen_importlib_external.SourcelessFileLoader object at 0x109c55f70>
PyiFrozenFinder(/Users/x/code/musicdoubao/dist/吸气声弱化工具.app/Contents/Frameworks/PIL): find_spec: called with fullname='PIL.ImageChops', target='PIL.ImageChops'
PyiFrozenFinder(/Users/x/code/musicdoubao/dist/吸气声弱化工具.app/Contents/Frameworks/PIL): find_spec: 'PIL.ImageChops' not found in PYZ...
PyiFrozenFinder(/Users/x/code/musicdoubao/dist/吸气声弱化工具.app/Contents/Frameworks/PIL): find_spec: attempting resolve using fallback finder FileFinder('/Users/x/code/musicdoubao/dist/吸气声弱化工具.app/Contents/Frameworks/PIL').
PyiFrozenFinder(/Users/x/code/musicdoubao/dist/吸气声弱化工具.app/Contents/Frameworks/PIL): find_spec: fallback finder returned spec: ModuleSpec(name='PIL.ImageChops', loader=<_frozen_importlib_external.SourcelessFileLoader object at 0x109c57a10>, origin='/Users/x/code/musicdoubao/dist/吸气声弱化工具.app/Contents/Frameworks/PIL/ImageChops.pyc').
# code object from '/Users/x/code/musicdoubao/dist/吸气声弱化工具.app/Contents/Frameworks/PIL/ImageChops.pyc'
import 'PIL.ImageChops' # <_frozen_importlib_external.SourcelessFileLoader object at 0x109c57a10>
PyiFrozenFinder(/Users/x/code/musicdoubao/dist/吸气声弱化工具.app/Contents/Frameworks/PIL): find_spec: called with fullname='PIL.ImageFile', target='PIL.ImageFile'
PyiFrozenFinder(/Users/x/code/musicdoubao/dist/吸气声弱化工具.app/Contents/Frameworks/PIL): find_spec: 'PIL.ImageFile' not found in PYZ...
PyiFrozenFinder(/Users/x/code/musicdoubao/dist/吸气声弱化工具.app/Contents/Frameworks/PIL): find_spec: attempting resolve using fallback finder FileFinder('/Users/x/code/musicdoubao/dist/吸气声弱化工具.app/Contents/Frameworks/PIL').
PyiFrozenFinder(/Users/x/code/musicdoubao/dist/吸气声弱化工具.app/Contents/Frameworks/PIL): find_spec: fallback finder returned spec: ModuleSpec(name='PIL.ImageFile', loader=<_frozen_importlib_external.SourcelessFileLoader object at 0x10f79cc50>, origin='/Users/x/code/musicdoubao/dist/吸气声弱化工具.app/Contents/Frameworks/PIL/ImageFile.pyc').
# code object from '/Users/x/code/musicdoubao/dist/吸气声弱化工具.app/Contents/Frameworks/PIL/ImageFile.pyc'
import 'PIL.ImageFile' # <_frozen_importlib_external.SourcelessFileLoader object at 0x10f79cc50>
PyiFrozenFinder(/Users/x/code/musicdoubao/dist/吸气声弱化工具.app/Contents/Frameworks/PIL): find_spec: called with fullname='PIL.ImagePalette', target='PIL.ImagePalette'
PyiFrozenFinder(/Users/x/code/musicdoubao/dist/吸气声弱化工具.app/Contents/Frameworks/PIL): find_spec: 'PIL.ImagePalette' not found in PYZ...
PyiFrozenFinder(/Users/x/code/musicdoubao/dist/吸气声弱化工具.app/Contents/Frameworks/PIL): find_spec: attempting resolve using fallback finder FileFinder('/Users/x/code/musicdoubao/dist/吸气声弱化工具.app/Contents/Frameworks/PIL').
PyiFrozenFinder(/Users/x/code/musicdoubao/dist/吸气声弱化工具.app/Contents/Frameworks/PIL): find_spec: fallback finder returned spec: ModuleSpec(name='PIL.ImagePalette', loader=<_frozen_importlib_external.SourcelessFileLoader object at 0x10f79dcd0>, origin='/Users/x/code/musicdoubao/dist/吸气声弱化工具.app/Contents/Frameworks/PIL/ImagePalette.pyc').
# code object from '/Users/x/code/musicdoubao/dist/吸气声弱化工具.app/Contents/Frameworks/PIL/ImagePalette.pyc'
PyiFrozenFinder(/Users/x/code/musicdoubao/dist/吸气声弱化工具.app/Contents/Frameworks/PIL): find_spec: called with fullname='PIL.GimpGradientFile', target='PIL.GimpGradientFile'
PyiFrozenFinder(/Users/x/code/musicdoubao/dist/吸气声弱化工具.app/Contents/Frameworks/PIL): find_spec: 'PIL.GimpGradientFile' not found in PYZ...
PyiFrozenFinder(/Users/x/code/musicdoubao/dist/吸气声弱化工具.app/Contents/Frameworks/PIL): find_spec: attempting resolve using fallback finder FileFinder('/Users/x/code/musicdoubao/dist/吸气声弱化工具.app/Contents/Frameworks/PIL').
PyiFrozenFinder(/Users/x/code/musicdoubao/dist/吸气声弱化工具.app/Contents/Frameworks/PIL): find_spec: fallback finder returned spec: ModuleSpec(name='PIL.GimpGradientFile', loader=<_frozen_importlib_external.SourcelessFileLoader object at 0x10f79e6f0>, origin='/Users/x/code/musicdoubao/dist/吸气声弱化工具.app/Contents/Frameworks/PIL/GimpGradientFile.pyc').
# code object from '/Users/x/code/musicdoubao/dist/吸气声弱化工具.app/Contents/Frameworks/PIL/GimpGradientFile.pyc'
import 'PIL.GimpGradientFile' # <_frozen_importlib_external.SourcelessFileLoader object at 0x10f79e6f0>
PyiFrozenFinder(/Users/x/code/musicdoubao/dist/吸气声弱化工具.app/Contents/Frameworks/PIL): find_spec: called with fullname='PIL.GimpPaletteFile', target='PIL.GimpPaletteFile'
PyiFrozenFinder(/Users/x/code/musicdoubao/dist/吸气声弱化工具.app/Contents/Frameworks/PIL): find_spec: 'PIL.GimpPaletteFile' not found in PYZ...
PyiFrozenFinder(/Users/x/code/musicdoubao/dist/吸气声弱化工具.app/Contents/Frameworks/PIL): find_spec: attempting resolve using fallback finder FileFinder('/Users/x/code/musicdoubao/dist/吸气声弱化工具.app/Contents/Frameworks/PIL').
PyiFrozenFinder(/Users/x/code/musicdoubao/dist/吸气声弱化工具.app/Contents/Frameworks/PIL): find_spec: fallback finder returned spec: ModuleSpec(name='PIL.GimpPaletteFile', loader=<_frozen_importlib_external.SourcelessFileLoader object at 0x10f79e930>, origin='/Users/x/code/musicdoubao/dist/吸气声弱化工具.app/Contents/Frameworks/PIL/GimpPaletteFile.pyc').
# code object from '/Users/x/code/musicdoubao/dist/吸气声弱化工具.app/Contents/Frameworks/PIL/GimpPaletteFile.pyc'
import 'PIL.GimpPaletteFile' # <_frozen_importlib_external.SourcelessFileLoader object at 0x10f79e930>
PyiFrozenFinder(/Users/x/code/musicdoubao/dist/吸气声弱化工具.app/Contents/Frameworks/PIL): find_spec: called with fullname='PIL.ImageColor', target='PIL.ImageColor'
PyiFrozenFinder(/Users/x/code/musicdoubao/dist/吸气声弱化工具.app/Contents/Frameworks/PIL): find_spec: 'PIL.ImageColor' not found in PYZ...
PyiFrozenFinder(/Users/x/code/musicdoubao/dist/吸气声弱化工具.app/Contents/Frameworks/PIL): find_spec: attempting resolve using fallback finder FileFinder('/Users/x/code/musicdoubao/dist/吸气声弱化工具.app/Contents/Frameworks/PIL').
PyiFrozenFinder(/Users/x/code/musicdoubao/dist/吸气声弱化工具.app/Contents/Frameworks/PIL): find_spec: fallback finder returned spec: ModuleSpec(name='PIL.ImageColor', loader=<_frozen_importlib_external.SourcelessFileLoader object at 0x10f79ec90>, origin='/Users/x/code/musicdoubao/dist/吸气声弱化工具.app/Contents/Frameworks/PIL/ImageColor.pyc').
# code object from '/Users/x/code/musicdoubao/dist/吸气声弱化工具.app/Contents/Frameworks/PIL/ImageColor.pyc'
import 'PIL.ImageColor' # <_frozen_importlib_external.SourcelessFileLoader object at 0x10f79ec90>
PyiFrozenFinder(/Users/x/code/musicdoubao/dist/吸气声弱化工具.app/Contents/Frameworks/PIL): find_spec: called with fullname='PIL.PaletteFile', target='PIL.PaletteFile'
PyiFrozenFinder(/Users/x/code/musicdoubao/dist/吸气声弱化工具.app/Contents/Frameworks/PIL): find_spec: 'PIL.PaletteFile' not found in PYZ...
PyiFrozenFinder(/Users/x/code/musicdoubao/dist/吸气声弱化工具.app/Contents/Frameworks/PIL): find_spec: attempting resolve using fallback finder FileFinder('/Users/x/code/musicdoubao/dist/吸气声弱化工具.app/Contents/Frameworks/PIL').
PyiFrozenFinder(/Users/x/code/musicdoubao/dist/吸气声弱化工具.app/Contents/Frameworks/PIL): find_spec: fallback finder returned spec: ModuleSpec(name='PIL.PaletteFile', loader=<_frozen_importlib_external.SourcelessFileLoader object at 0x10f79ee10>, origin='/Users/x/code/musicdoubao/dist/吸气声弱化工具.app/Contents/Frameworks/PIL/PaletteFile.pyc').
# code object from '/Users/x/code/musicdoubao/dist/吸气声弱化工具.app/Contents/Frameworks/PIL/PaletteFile.pyc'
import 'PIL.PaletteFile' # <_frozen_importlib_external.SourcelessFileLoader object at 0x10f79ee10>
import 'PIL.ImagePalette' # <_frozen_importlib_external.SourcelessFileLoader object at 0x10f79dcd0>
PyiFrozenFinder(/Users/x/code/musicdoubao/dist/吸气声弱化工具.app/Contents/Frameworks/PIL): find_spec: called with fullname='PIL.ImageSequence', target='PIL.ImageSequence'
PyiFrozenFinder(/Users/x/code/musicdoubao/dist/吸气声弱化工具.app/Contents/Frameworks/PIL): find_spec: 'PIL.ImageSequence' not found in PYZ...
PyiFrozenFinder(/Users/x/code/musicdoubao/dist/吸气声弱化工具.app/Contents/Frameworks/PIL): find_spec: attempting resolve using fallback finder FileFinder('/Users/x/code/musicdoubao/dist/吸气声弱化工具.app/Contents/Frameworks/PIL').
PyiFrozenFinder(/Users/x/code/musicdoubao/dist/吸气声弱化工具.app/Contents/Frameworks/PIL): find_spec: fallback finder returned spec: ModuleSpec(name='PIL.ImageSequence', loader=<_frozen_importlib_external.SourcelessFileLoader object at 0x10f79e690>, origin='/Users/x/code/musicdoubao/dist/吸气声弱化工具.app/Contents/Frameworks/PIL/ImageSequence.pyc').
# code object from '/Users/x/code/musicdoubao/dist/吸气声弱化工具.app/Contents/Frameworks/PIL/ImageSequence.pyc'
import 'PIL.ImageSequence' # <_frozen_importlib_external.SourcelessFileLoader object at 0x10f79e690>
import 'PIL.PngImagePlugin' # <_frozen_importlib_external.SourcelessFileLoader object at 0x109c0d2b0>
PyiFrozenFinder(/Users/x/code/musicdoubao/dist/吸气声弱化工具.app/Contents/Frameworks/matplotlib): find_spec: called with fullname='matplotlib._cm', target='matplotlib._cm'
PyiFrozenFinder(/Users/x/code/musicdoubao/dist/吸气声弱化工具.app/Contents/Frameworks/matplotlib): find_spec: 'matplotlib._cm' not found in PYZ...
PyiFrozenFinder(/Users/x/code/musicdoubao/dist/吸气声弱化工具.app/Contents/Frameworks/matplotlib): find_spec: attempting resolve using fallback finder FileFinder('/Users/x/code/musicdoubao/dist/吸气声弱化工具.app/Contents/Frameworks/matplotlib').
PyiFrozenFinder(/Users/x/code/musicdoubao/dist/吸气声弱化工具.app/Contents/Frameworks/matplotlib): find_spec: fallback finder returned spec: ModuleSpec(name='matplotlib._cm', loader=<_frozen_importlib_external.SourcelessFileLoader object at 0x109c55e50>, origin='/Users/x/code/musicdoubao/dist/吸气声弱化工具.app/Contents/Frameworks/matplotlib/_cm.pyc').
# code object from '/Users/x/code/musicdoubao/dist/吸气声弱化工具.app/Contents/Frameworks/matplotlib/_cm.pyc'
import 'matplotlib._cm' # <_frozen_importlib_external.SourcelessFileLoader object at 0x109c55e50>
PyiFrozenFinder(/Users/x/code/musicdoubao/dist/吸气声弱化工具.app/Contents/Frameworks/matplotlib): find_spec: called with fullname='matplotlib.scale', target='matplotlib.scale'
PyiFrozenFinder(/Users/x/code/musicdoubao/dist/吸气声弱化工具.app/Contents/Frameworks/matplotlib): find_spec: 'matplotlib.scale' not found in PYZ...
PyiFrozenFinder(/Users/x/code/musicdoubao/dist/吸气声弱化工具.app/Contents/Frameworks/matplotlib): find_spec: attempting resolve using fallback finder FileFinder('/Users/x/code/musicdoubao/dist/吸气声弱化工具.app/Contents/Frameworks/matplotlib').
PyiFrozenFinder(/Users/x/code/musicdoubao/dist/吸气声弱化工具.app/Contents/Frameworks/matplotlib): find_spec: fallback finder returned spec: ModuleSpec(name='matplotlib.scale', loader=<_frozen_importlib_external.SourcelessFileLoader object at 0x10f79f8f0>, origin='/Users/x/code/musicdoubao/dist/吸气声弱化工具.app/Contents/Frameworks/matplotlib/scale.pyc').
# code object from '/Users/x/code/musicdoubao/dist/吸气声弱化工具.app/Contents/Frameworks/matplotlib/scale.pyc'
PyiFrozenFinder(/Users/x/code/musicdoubao/dist/吸气声弱化工具.app/Contents/Frameworks/matplotlib): find_spec: called with fullname='matplotlib.ticker', target='matplotlib.ticker'
PyiFrozenFinder(/Users/x/code/musicdoubao/dist/吸气声弱化工具.app/Contents/Frameworks/matplotlib): find_spec: 'matplotlib.ticker' not found in PYZ...
PyiFrozenFinder(/Users/x/code/musicdoubao/dist/吸气声弱化工具.app/Contents/Frameworks/matplotlib): find_spec: attempting resolve using fallback finder FileFinder('/Users/x/code/musicdoubao/dist/吸气声弱化工具.app/Contents/Frameworks/matplotlib').
PyiFrozenFinder(/Users/x/code/musicdoubao/dist/吸气声弱化工具.app/Contents/Frameworks/matplotlib): find_spec: fallback finder returned spec: ModuleSpec(name='matplotlib.ticker', loader=<_frozen_importlib_external.SourcelessFileLoader object at 0x10f79fa10>, origin='/Users/x/code/musicdoubao/dist/吸气声弱化工具.app/Contents/Frameworks/matplotlib/ticker.pyc').
# code object from '/Users/x/code/musicdoubao/dist/吸气声弱化工具.app/Contents/Frameworks/matplotlib/ticker.pyc'
PyiFrozenFinder(/Users/x/code/musicdoubao/dist/吸气声弱化工具.app/Contents/Frameworks/matplotlib): find_spec: called with fullname='matplotlib.transforms', target='matplotlib.transforms'
PyiFrozenFinder(/Users/x/code/musicdoubao/dist/吸气声弱化工具.app/Contents/Frameworks/matplotlib): find_spec: 'matplotlib.transforms' not found in PYZ...
PyiFrozenFinder(/Users/x/code/musicdoubao/dist/吸气声弱化工具.app/Contents/Frameworks/matplotlib): find_spec: attempting resolve using fallback finder FileFinder('/Users/x/code/musicdoubao/dist/吸气声弱化工具.app/Contents/Frameworks/matplotlib').
PyiFrozenFinder(/Users/x/code/musicdoubao/dist/吸气声弱化工具.app/Contents/Frameworks/matplotlib): find_spec: fallback finder returned spec: ModuleSpec(name='matplotlib.transforms', loader=<_frozen_importlib_external.SourcelessFileLoader object at 0x10f810bf0>, origin='/Users/x/code/musicdoubao/dist/吸气声弱化工具.app/Contents/Frameworks/matplotlib/transforms.pyc').
# code object from '/Users/x/code/musicdoubao/dist/吸气声弱化工具.app/Contents/Frameworks/matplotlib/transforms.pyc'
PyiFrozenFinder(/Users/x/code/musicdoubao/dist/吸气声弱化工具.app/Contents/Frameworks/matplotlib): find_spec: called with fullname='matplotlib._path', target='matplotlib._path'
PyiFrozenFinder(/Users/x/code/musicdoubao/dist/吸气声弱化工具.app/Contents/Frameworks/matplotlib): find_spec: 'matplotlib._path' not found in PYZ...
PyiFrozenFinder(/Users/x/code/musicdoubao/dist/吸气声弱化工具.app/Contents/Frameworks/matplotlib): find_spec: attempting resolve using fallback finder FileFinder('/Users/x/code/musicdoubao/dist/吸气声弱化工具.app/Contents/Frameworks/matplotlib').
PyiFrozenFinder(/Users/x/code/musicdoubao/dist/吸气声弱化工具.app/Contents/Frameworks/matplotlib): find_spec: fallback finder returned spec: ModuleSpec(name='matplotlib._path', loader=<_frozen_importlib_external.ExtensionFileLoader object at 0x10f8132f0>, origin='/Users/x/code/musicdoubao/dist/吸气声弱化工具.app/Contents/Frameworks/matplotlib/_path.cpython-314-darwin.so').
# extension module 'matplotlib._path' loaded from '/Users/x/code/musicdoubao/dist/吸气声弱化工具.app/Contents/Frameworks/matplotlib/_path.cpython-314-darwin.so'
# extension module 'matplotlib._path' executed from '/Users/x/code/musicdoubao/dist/吸气声弱化工具.app/Contents/Frameworks/matplotlib/_path.cpython-314-darwin.so'
import 'matplotlib._path' # <_frozen_importlib_external.ExtensionFileLoader object at 0x10f8132f0>
PyiFrozenFinder(/Users/x/code/musicdoubao/dist/吸气声弱化工具.app/Contents/Frameworks/matplotlib): find_spec: called with fullname='matplotlib.path', target='matplotlib.path'
PyiFrozenFinder(/Users/x/code/musicdoubao/dist/吸气声弱化工具.app/Contents/Frameworks/matplotlib): find_spec: 'matplotlib.path' not found in PYZ...
PyiFrozenFinder(/Users/x/code/musicdoubao/dist/吸气声弱化工具.app/Contents/Frameworks/matplotlib): find_spec: attempting resolve using fallback finder FileFinder('/Users/x/code/musicdoubao/dist/吸气声弱化工具.app/Contents/Frameworks/matplotlib').
PyiFrozenFinder(/Users/x/code/musicdoubao/dist/吸气声弱化工具.app/Contents/Frameworks/matplotlib): find_spec: fallback finder returned spec: ModuleSpec(name='matplotlib.path', loader=<_frozen_importlib_external.SourcelessFileLoader object at 0x10f8135f0>, origin='/Users/x/code/musicdoubao/dist/吸气声弱化工具.app/Contents/Frameworks/matplotlib/path.pyc').
# code object from '/Users/x/code/musicdoubao/dist/吸气声弱化工具.app/Contents/Frameworks/matplotlib/path.pyc'
PyiFrozenFinder(/Users/x/code/musicdoubao/dist/吸气声弱化工具.app/Contents/Frameworks/matplotlib): find_spec: called with fullname='matplotlib.bezier', target='matplotlib.bezier'
PyiFrozenFinder(/Users/x/code/musicdoubao/dist/吸气声弱化工具.app/Contents/Frameworks/matplotlib): find_spec: 'matplotlib.bezier' not found in PYZ...
PyiFrozenFinder(/Users/x/code/musicdoubao/dist/吸气声弱化工具.app/Contents/Frameworks/matplotlib): find_spec: attempting resolve using fallback finder FileFinder('/Users/x/code/musicdoubao/dist/吸气声弱化工具.app/Contents/Frameworks/matplotlib').
PyiFrozenFinder(/Users/x/code/musicdoubao/dist/吸气声弱化工具.app/Contents/Frameworks/matplotlib): find_spec: fallback finder returned spec: ModuleSpec(name='matplotlib.bezier', loader=<_frozen_importlib_external.SourcelessFileLoader object at 0x10f85b4d0>, origin='/Users/x/code/musicdoubao/dist/吸气声弱化工具.app/Contents/Frameworks/matplotlib/bezier.pyc').
# code object from '/Users/x/code/musicdoubao/dist/吸气声弱化工具.app/Contents/Frameworks/matplotlib/bezier.pyc'
import 'matplotlib.bezier' # <_frozen_importlib_external.SourcelessFileLoader object at 0x10f85b4d0>
import 'matplotlib.path' # <_frozen_importlib_external.SourcelessFileLoader object at 0x10f8135f0>
import 'matplotlib.transforms' # <_frozen_importlib_external.SourcelessFileLoader object at 0x10f810bf0>
import 'matplotlib.ticker' # <_frozen_importlib_external.SourcelessFileLoader object at 0x10f79fa10>
import 'matplotlib.scale' # <_frozen_importlib_external.SourcelessFileLoader object at 0x10f79f8f0>
PyiFrozenFinder(/Users/x/code/musicdoubao/dist/吸气声弱化工具.app/Contents/Frameworks/matplotlib): find_spec: called with fullname='matplotlib._image', target='matplotlib._image'
PyiFrozenFinder(/Users/x/code/musicdoubao/dist/吸气声弱化工具.app/Contents/Frameworks/matplotlib): find_spec: 'matplotlib._image' not found in PYZ...
PyiFrozenFinder(/Users/x/code/musicdoubao/dist/吸气声弱化工具.app/Contents/Frameworks/matplotlib): find_spec: attempting resolve using fallback finder FileFinder('/Users/x/code/musicdoubao/dist/吸气声弱化工具.app/Contents/Frameworks/matplotlib').
PyiFrozenFinder(/Users/x/code/musicdoubao/dist/吸气声弱化工具.app/Contents/Frameworks/matplotlib): find_spec: fallback finder returned spec: ModuleSpec(name='matplotlib._image', loader=<_frozen_importlib_external.ExtensionFileLoader object at 0x10f79fcb0>, origin='/Users/x/code/musicdoubao/dist/吸气声弱化工具.app/Contents/Frameworks/matplotlib/_image.cpython-314-darwin.so').
# extension module 'matplotlib._image' loaded from '/Users/x/code/musicdoubao/dist/吸气声弱化工具.app/Contents/Frameworks/matplotlib/_image.cpython-314-darwin.so'
# extension module 'matplotlib._image' executed from '/Users/x/code/musicdoubao/dist/吸气声弱化工具.app/Contents/Frameworks/matplotlib/_image.cpython-314-darwin.so'
import 'matplotlib._image' # <_frozen_importlib_external.ExtensionFileLoader object at 0x10f79fcb0>
PyiFrozenFinder(/Users/x/code/musicdoubao/dist/吸气声弱化工具.app/Contents/Frameworks/matplotlib): find_spec: called with fullname='matplotlib._color_data', target='matplotlib._color_data'
PyiFrozenFinder(/Users/x/code/musicdoubao/dist/吸气声弱化工具.app/Contents/Frameworks/matplotlib): find_spec: 'matplotlib._color_data' not found in PYZ...
PyiFrozenFinder(/Users/x/code/musicdoubao/dist/吸气声弱化工具.app/Contents/Frameworks/matplotlib): find_spec: attempting resolve using fallback finder FileFinder('/Users/x/code/musicdoubao/dist/吸气声弱化工具.app/Contents/Frameworks/matplotlib').
PyiFrozenFinder(/Users/x/code/musicdoubao/dist/吸气声弱化工具.app/Contents/Frameworks/matplotlib): find_spec: fallback finder returned spec: ModuleSpec(name='matplotlib._color_data', loader=<_frozen_importlib_external.SourcelessFileLoader object at 0x10f810d70>, origin='/Users/x/code/musicdoubao/dist/吸气声弱化工具.app/Contents/Frameworks/matplotlib/_color_data.pyc').
# code object from '/Users/x/code/musicdoubao/dist/吸气声弱化工具.app/Contents/Frameworks/matplotlib/_color_data.pyc'
import 'matplotlib._color_data' # <_frozen_importlib_external.SourcelessFileLoader object at 0x10f810d70>
import 'matplotlib.colors' # <_frozen_importlib_external.SourcelessFileLoader object at 0x109b3fc50>
PyiFrozenFinder(/Users/x/code/musicdoubao/dist/吸气声弱化工具.app/Contents/Frameworks/matplotlib): find_spec: called with fullname='matplotlib._fontconfig_pattern', target='matplotlib._fontconfig_pattern'
PyiFrozenFinder(/Users/x/code/musicdoubao/dist/吸气声弱化工具.app/Contents/Frameworks/matplotlib): find_spec: 'matplotlib._fontconfig_pattern' not found in PYZ...
PyiFrozenFinder(/Users/x/code/musicdoubao/dist/吸气声弱化工具.app/Contents/Frameworks/matplotlib): find_spec: attempting resolve using fallback finder FileFinder('/Users/x/code/musicdoubao/dist/吸气声弱化工具.app/Contents/Frameworks/matplotlib').
PyiFrozenFinder(/Users/x/code/musicdoubao/dist/吸气声弱化工具.app/Contents/Frameworks/matplotlib): find_spec: fallback finder returned spec: ModuleSpec(name='matplotlib._fontconfig_pattern', loader=<_frozen_importlib_external.SourcelessFileLoader object at 0x109b85cd0>, origin='/Users/x/code/musicdoubao/dist/吸气声弱化工具.app/Contents/Frameworks/matplotlib/_fontconfig_pattern.pyc').
# code object from '/Users/x/code/musicdoubao/dist/吸气声弱化工具.app/Contents/Frameworks/matplotlib/_fontconfig_pattern.pyc'
PyiFrozenFinder(/Users/x/code/musicdoubao/dist/吸气声弱化工具.app/Contents/Frameworks): find_spec: called with fullname='pyparsing', target='pyparsing'
PyiFrozenFinder(/Users/x/code/musicdoubao/dist/吸气声弱化工具.app/Contents/Frameworks): find_spec: 'pyparsing' not found in PYZ...
PyiFrozenFinder(/Users/x/code/musicdoubao/dist/吸气声弱化工具.app/Contents/Frameworks): find_spec: attempting resolve using fallback finder FileFinder('/Users/x/code/musicdoubao/dist/吸气声弱化工具.app/Contents/Frameworks').
PyiFrozenFinder(/Users/x/code/musicdoubao/dist/吸气声弱化工具.app/Contents/Frameworks): find_spec: fallback finder returned spec: ModuleSpec(name='pyparsing', loader=<_frozen_importlib_external.SourcelessFileLoader object at 0x10f8b4a10>, origin='/Users/x/code/musicdoubao/dist/吸气声弱化工具.app/Contents/Frameworks/pyparsing/__init__.pyc', submodule_search_locations=['/Users/x/code/musicdoubao/dist/吸气声弱化工具.app/Contents/Frameworks/pyparsing']).
# code object from '/Users/x/code/musicdoubao/dist/吸气声弱化工具.app/Contents/Frameworks/pyparsing/__init__.pyc'
PyInstaller: running path finder hook for path: '/Users/x/code/musicdoubao/dist/吸气声弱化工具.app/Contents/Frameworks/pyparsing'
PyInstaller: hook succeeded
PyiFrozenFinder(/Users/x/code/musicdoubao/dist/吸气声弱化工具.app/Contents/Frameworks/pyparsing): find_spec: called with fullname='pyparsing.warnings', target='pyparsing.warnings'
PyiFrozenFinder(/Users/x/code/musicdoubao/dist/吸气声弱化工具.app/Contents/Frameworks/pyparsing): find_spec: 'pyparsing.warnings' not found in PYZ...
PyiFrozenFinder(/Users/x/code/musicdoubao/dist/吸气声弱化工具.app/Contents/Frameworks/pyparsing): find_spec: attempting resolve using fallback finder FileFinder('/Users/x/code/musicdoubao/dist/吸气声弱化工具.app/Contents/Frameworks/pyparsing').
PyiFrozenFinder(/Users/x/code/musicdoubao/dist/吸气声弱化工具.app/Contents/Frameworks/pyparsing): find_spec: fallback finder returned spec: ModuleSpec(name='pyparsing.warnings', loader=<_frozen_importlib_external.SourcelessFileLoader object at 0x10f8b4dd0>, origin='/Users/x/code/musicdoubao/dist/吸气声弱化工具.app/Contents/Frameworks/pyparsing/warnings.pyc').
# code object from '/Users/x/code/musicdoubao/dist/吸气声弱化工具.app/Contents/Frameworks/pyparsing/warnings.pyc'
import 'pyparsing.warnings' # <_frozen_importlib_external.SourcelessFileLoader object at 0x10f8b4dd0>
PyiFrozenFinder(/Users/x/code/musicdoubao/dist/吸气声弱化工具.app/Contents/Frameworks/pyparsing): find_spec: called with fullname='pyparsing.util', target='pyparsing.util'
PyiFrozenFinder(/Users/x/code/musicdoubao/dist/吸气声弱化工具.app/Contents/Frameworks/pyparsing): find_spec: 'pyparsing.util' not found in PYZ...
PyiFrozenFinder(/Users/x/code/musicdoubao/dist/吸气声弱化工具.app/Contents/Frameworks/pyparsing): find_spec: attempting resolve using fallback finder FileFinder('/Users/x/code/musicdoubao/dist/吸气声弱化工具.app/Contents/Frameworks/pyparsing').
PyiFrozenFinder(/Users/x/code/musicdoubao/dist/吸气声弱化工具.app/Contents/Frameworks/pyparsing): find_spec: fallback finder returned spec: ModuleSpec(name='pyparsing.util', loader=<_frozen_importlib_external.SourcelessFileLoader object at 0x10f8b4e30>, origin='/Users/x/code/musicdoubao/dist/吸气声弱化工具.app/Contents/Frameworks/pyparsing/util.pyc').
# code object from '/Users/x/code/musicdoubao/dist/吸气声弱化工具.app/Contents/Frameworks/pyparsing/util.pyc'
import 'pyparsing.util' # <_frozen_importlib_external.SourcelessFileLoader object at 0x10f8b4e30>
PyiFrozenFinder(/Users/x/code/musicdoubao/dist/吸气声弱化工具.app/Contents/Frameworks/pyparsing): find_spec: called with fullname='pyparsing.exceptions', target='pyparsing.exceptions'
PyiFrozenFinder(/Users/x/code/musicdoubao/dist/吸气声弱化工具.app/Contents/Frameworks/pyparsing): find_spec: 'pyparsing.exceptions' not found in PYZ...
PyiFrozenFinder(/Users/x/code/musicdoubao/dist/吸气声弱化工具.app/Contents/Frameworks/pyparsing): find_spec: attempting resolve using fallback finder FileFinder('/Users/x/code/musicdoubao/dist/吸气声弱化工具.app/Contents/Frameworks/pyparsing').
PyiFrozenFinder(/Users/x/code/musicdoubao/dist/吸气声弱化工具.app/Contents/Frameworks/pyparsing): find_spec: fallback finder returned spec: ModuleSpec(name='pyparsing.exceptions', loader=<_frozen_importlib_external.SourcelessFileLoader object at 0x10f8b4ef0>, origin='/Users/x/code/musicdoubao/dist/吸气声弱化工具.app/Contents/Frameworks/pyparsing/exceptions.pyc').
# code object from '/Users/x/code/musicdoubao/dist/吸气声弱化工具.app/Contents/Frameworks/pyparsing/exceptions.pyc'
PyiFrozenFinder(/Users/x/code/musicdoubao/dist/吸气声弱化工具.app/Contents/Frameworks/pyparsing): find_spec: called with fullname='pyparsing.unicode', target='pyparsing.unicode'
PyiFrozenFinder(/Users/x/code/musicdoubao/dist/吸气声弱化工具.app/Contents/Frameworks/pyparsing): find_spec: 'pyparsing.unicode' not found in PYZ...
PyiFrozenFinder(/Users/x/code/musicdoubao/dist/吸气声弱化工具.app/Contents/Frameworks/pyparsing): find_spec: attempting resolve using fallback finder FileFinder('/Users/x/code/musicdoubao/dist/吸气声弱化工具.app/Contents/Frameworks/pyparsing').
PyiFrozenFinder(/Users/x/code/musicdoubao/dist/吸气声弱化工具.app/Contents/Frameworks/pyparsing): find_spec: fallback finder returned spec: ModuleSpec(name='pyparsing.unicode', loader=<_frozen_importlib_external.SourcelessFileLoader object at 0x10f8b5d30>, origin='/Users/x/code/musicdoubao/dist/吸气声弱化工具.app/Contents/Frameworks/pyparsing/unicode.pyc').
# code object from '/Users/x/code/musicdoubao/dist/吸气声弱化工具.app/Contents/Frameworks/pyparsing/unicode.pyc'
import 'pyparsing.unicode' # <_frozen_importlib_external.SourcelessFileLoader object at 0x10f8b5d30>
import 'pyparsing.exceptions' # <_frozen_importlib_external.SourcelessFileLoader object at 0x10f8b4ef0>
PyiFrozenFinder(/Users/x/code/musicdoubao/dist/吸气声弱化工具.app/Contents/Frameworks/pyparsing): find_spec: called with fullname='pyparsing.actions', target='pyparsing.actions'
PyiFrozenFinder(/Users/x/code/musicdoubao/dist/吸气声弱化工具.app/Contents/Frameworks/pyparsing): find_spec: 'pyparsing.actions' not found in PYZ...
PyiFrozenFinder(/Users/x/code/musicdoubao/dist/吸气声弱化工具.app/Contents/Frameworks/pyparsing): find_spec: attempting resolve using fallback finder FileFinder('/Users/x/code/musicdoubao/dist/吸气声弱化工具.app/Contents/Frameworks/pyparsing').
PyiFrozenFinder(/Users/x/code/musicdoubao/dist/吸气声弱化工具.app/Contents/Frameworks/pyparsing): find_spec: fallback finder returned spec: ModuleSpec(name='pyparsing.actions', loader=<_frozen_importlib_external.SourcelessFileLoader object at 0x10f8b61b0>, origin='/Users/x/code/musicdoubao/dist/吸气声弱化工具.app/Contents/Frameworks/pyparsing/actions.pyc').
# code object from '/Users/x/code/musicdoubao/dist/吸气声弱化工具.app/Contents/Frameworks/pyparsing/actions.pyc'
PyiFrozenFinder(/Users/x/code/musicdoubao/dist/吸气声弱化工具.app/Contents/Frameworks/pyparsing): find_spec: called with fullname='pyparsing.results', target='pyparsing.results'
PyiFrozenFinder(/Users/x/code/musicdoubao/dist/吸气声弱化工具.app/Contents/Frameworks/pyparsing): find_spec: 'pyparsing.results' not found in PYZ...
PyiFrozenFinder(/Users/x/code/musicdoubao/dist/吸气声弱化工具.app/Contents/Frameworks/pyparsing): find_spec: attempting resolve using fallback finder FileFinder('/Users/x/code/musicdoubao/dist/吸气声弱化工具.app/Contents/Frameworks/pyparsing').
PyiFrozenFinder(/Users/x/code/musicdoubao/dist/吸气声弱化工具.app/Contents/Frameworks/pyparsing): find_spec: fallback finder returned spec: ModuleSpec(name='pyparsing.results', loader=<_frozen_importlib_external.SourcelessFileLoader object at 0x10f8b6330>, origin='/Users/x/code/musicdoubao/dist/吸气声弱化工具.app/Contents/Frameworks/pyparsing/results.pyc').
# code object from '/Users/x/code/musicdoubao/dist/吸气声弱化工具.app/Contents/Frameworks/pyparsing/results.pyc'
import 'pyparsing.results' # <_frozen_importlib_external.SourcelessFileLoader object at 0x10f8b6330>
import 'pyparsing.actions' # <_frozen_importlib_external.SourcelessFileLoader object at 0x10f8b61b0>
PyiFrozenFinder(/Users/x/code/musicdoubao/dist/吸气声弱化工具.app/Contents/Frameworks/pyparsing): find_spec: called with fullname='pyparsing.core', target='pyparsing.core'
PyiFrozenFinder(/Users/x/code/musicdoubao/dist/吸气声弱化工具.app/Contents/Frameworks/pyparsing): find_spec: 'pyparsing.core' not found in PYZ...
PyiFrozenFinder(/Users/x/code/musicdoubao/dist/吸气声弱化工具.app/Contents/Frameworks/pyparsing): find_spec: attempting resolve using fallback finder FileFinder('/Users/x/code/musicdoubao/dist/吸气声弱化工具.app/Contents/Frameworks/pyparsing').
PyiFrozenFinder(/Users/x/code/musicdoubao/dist/吸气声弱化工具.app/Contents/Frameworks/pyparsing): find_spec: fallback finder returned spec: ModuleSpec(name='pyparsing.core', loader=<_frozen_importlib_external.SourcelessFileLoader object at 0x10f8b6510>, origin='/Users/x/code/musicdoubao/dist/吸气声弱化工具.app/Contents/Frameworks/pyparsing/core.pyc').
# code object from '/Users/x/code/musicdoubao/dist/吸气声弱化工具.app/Contents/Frameworks/pyparsing/core.pyc'
import 'pyparsing.core' # <_frozen_importlib_external.SourcelessFileLoader object at 0x10f8b6510>
PyiFrozenFinder(/Users/x/code/musicdoubao/dist/吸气声弱化工具.app/Contents/Frameworks/pyparsing): find_spec: called with fullname='pyparsing.helpers', target='pyparsing.helpers'
PyiFrozenFinder(/Users/x/code/musicdoubao/dist/吸气声弱化工具.app/Contents/Frameworks/pyparsing): find_spec: 'pyparsing.helpers' not found in PYZ...
PyiFrozenFinder(/Users/x/code/musicdoubao/dist/吸气声弱化工具.app/Contents/Frameworks/pyparsing): find_spec: attempting resolve using fallback finder FileFinder('/Users/x/code/musicdoubao/dist/吸气声弱化工具.app/Contents/Frameworks/pyparsing').
PyiFrozenFinder(/Users/x/code/musicdoubao/dist/吸气声弱化工具.app/Contents/Frameworks/pyparsing): find_spec: fallback finder returned spec: ModuleSpec(name='pyparsing.helpers', loader=<_frozen_importlib_external.SourcelessFileLoader object at 0x10f8b7410>, origin='/Users/x/code/musicdoubao/dist/吸气声弱化工具.app/Contents/Frameworks/pyparsing/helpers.pyc').
# code object from '/Users/x/code/musicdoubao/dist/吸气声弱化工具.app/Contents/Frameworks/pyparsing/helpers.pyc'
PyiFrozenFinder(/Users/x/code/musicdoubao/dist/吸气声弱化工具.app/Contents/Frameworks): find_spec: called with fullname='html', target='html'
PyiFrozenFinder(/Users/x/code/musicdoubao/dist/吸气声弱化工具.app/Contents/Frameworks): find_spec: 'html' not found in PYZ...
PyiFrozenFinder(/Users/x/code/musicdoubao/dist/吸气声弱化工具.app/Contents/Frameworks): find_spec: attempting resolve using fallback finder FileFinder('/Users/x/code/musicdoubao/dist/吸气声弱化工具.app/Contents/Frameworks').
PyiFrozenFinder(/Users/x/code/musicdoubao/dist/吸气声弱化工具.app/Contents/Frameworks): find_spec: fallback finder returned spec: ModuleSpec(name='html', loader=<_frozen_importlib_external.SourcelessFileLoader object at 0x10fa0a210>, origin='/Users/x/code/musicdoubao/dist/吸气声弱化工具.app/Contents/Frameworks/html/__init__.pyc', submodule_search_locations=['/Users/x/code/musicdoubao/dist/吸气声弱化工具.app/Contents/Frameworks/html']).
# code object from '/Users/x/code/musicdoubao/dist/吸气声弱化工具.app/Contents/Frameworks/html/__init__.pyc'
PyInstaller: running path finder hook for path: '/Users/x/code/musicdoubao/dist/吸气声弱化工具.app/Contents/Frameworks/html'
PyInstaller: hook succeeded
PyiFrozenFinder(/Users/x/code/musicdoubao/dist/吸气声弱化工具.app/Contents/Frameworks/html): find_spec: called with fullname='html.entities', target='html.entities'
PyiFrozenFinder(/Users/x/code/musicdoubao/dist/吸气声弱化工具.app/Contents/Frameworks/html): find_spec: 'html.entities' not found in PYZ...
PyiFrozenFinder(/Users/x/code/musicdoubao/dist/吸气声弱化工具.app/Contents/Frameworks/html): find_spec: attempting resolve using fallback finder FileFinder('/Users/x/code/musicdoubao/dist/吸气声弱化工具.app/Contents/Frameworks/html').
PyiFrozenFinder(/Users/x/code/musicdoubao/dist/吸气声弱化工具.app/Contents/Frameworks/html): find_spec: fallback finder returned spec: ModuleSpec(name='html.entities', loader=<_frozen_importlib_external.SourcelessFileLoader object at 0x10facc050>, origin='/Users/x/code/musicdoubao/dist/吸气声弱化工具.app/Contents/Frameworks/html/entities.pyc').
# code object from '/Users/x/code/musicdoubao/dist/吸气声弱化工具.app/Contents/Frameworks/html/entities.pyc'
import 'html.entities' # <_frozen_importlib_external.SourcelessFileLoader object at 0x10facc050>
import 'html' # <_frozen_importlib_external.SourcelessFileLoader object at 0x10fa0a210>
import 'pyparsing.helpers' # <_frozen_importlib_external.SourcelessFileLoader object at 0x10f8b7410>
PyiFrozenFinder(/Users/x/code/musicdoubao/dist/吸气声弱化工具.app/Contents/Frameworks/pyparsing): find_spec: called with fullname='pyparsing.testing', target='pyparsing.testing'
PyiFrozenFinder(/Users/x/code/musicdoubao/dist/吸气声弱化工具.app/Contents/Frameworks/pyparsing): find_spec: 'pyparsing.testing' not found in PYZ...
PyiFrozenFinder(/Users/x/code/musicdoubao/dist/吸气声弱化工具.app/Contents/Frameworks/pyparsing): find_spec: attempting resolve using fallback finder FileFinder('/Users/x/code/musicdoubao/dist/吸气声弱化工具.app/Contents/Frameworks/pyparsing').
PyiFrozenFinder(/Users/x/code/musicdoubao/dist/吸气声弱化工具.app/Contents/Frameworks/pyparsing): find_spec: fallback finder returned spec: ModuleSpec(name='pyparsing.testing', loader=<_frozen_importlib_external.SourcelessFileLoader object at 0x10facc5f0>, origin='/Users/x/code/musicdoubao/dist/吸气声弱化工具.app/Contents/Frameworks/pyparsing/testing.pyc').
# code object from '/Users/x/code/musicdoubao/dist/吸气声弱化工具.app/Contents/Frameworks/pyparsing/testing.pyc'
PyiFrozenFinder(/Users/x/code/musicdoubao/dist/吸气声弱化工具.app/Contents/Frameworks): find_spec: called with fullname='unittest', target='unittest'
PyiFrozenFinder(/Users/x/code/musicdoubao/dist/吸气声弱化工具.app/Contents/Frameworks): find_spec: 'unittest' not found in PYZ...
PyiFrozenFinder(/Users/x/code/musicdoubao/dist/吸气声弱化工具.app/Contents/Frameworks): find_spec: attempting resolve using fallback finder FileFinder('/Users/x/code/musicdoubao/dist/吸气声弱化工具.app/Contents/Frameworks').
PyiFrozenFinder(/Users/x/code/musicdoubao/dist/吸气声弱化工具.app/Contents/Frameworks): find_spec: fallback finder returned spec: ModuleSpec(name='unittest', loader=<_frozen_importlib_external.SourcelessFileLoader object at 0x10facd0d0>, origin='/Users/x/code/musicdoubao/dist/吸气声弱化工具.app/Contents/Frameworks/unittest/__init__.pyc', submodule_search_locations=['/Users/x/code/musicdoubao/dist/吸气声弱化工具.app/Contents/Frameworks/unittest']).
# code object from '/Users/x/code/musicdoubao/dist/吸气声弱化工具.app/Contents/Frameworks/unittest/__init__.pyc'
PyInstaller: running path finder hook for path: '/Users/x/code/musicdoubao/dist/吸气声弱化工具.app/Contents/Frameworks/unittest'
PyInstaller: hook succeeded
PyiFrozenFinder(/Users/x/code/musicdoubao/dist/吸气声弱化工具.app/Contents/Frameworks/unittest): find_spec: called with fullname='unittest.result', target='unittest.result'
PyiFrozenFinder(/Users/x/code/musicdoubao/dist/吸气声弱化工具.app/Contents/Frameworks/unittest): find_spec: 'unittest.result' not found in PYZ...
PyiFrozenFinder(/Users/x/code/musicdoubao/dist/吸气声弱化工具.app/Contents/Frameworks/unittest): find_spec: attempting resolve using fallback finder FileFinder('/Users/x/code/musicdoubao/dist/吸气声弱化工具.app/Contents/Frameworks/unittest').
PyiFrozenFinder(/Users/x/code/musicdoubao/dist/吸气声弱化工具.app/Contents/Frameworks/unittest): find_spec: fallback finder returned spec: ModuleSpec(name='unittest.result', loader=<_frozen_importlib_external.SourcelessFileLoader object at 0x10facd130>, origin='/Users/x/code/musicdoubao/dist/吸气声弱化工具.app/Contents/Frameworks/unittest/result.pyc').
# code object from '/Users/x/code/musicdoubao/dist/吸气声弱化工具.app/Contents/Frameworks/unittest/result.pyc'
PyiFrozenFinder(/Users/x/code/musicdoubao/dist/吸气声弱化工具.app/Contents/Frameworks/unittest): find_spec: called with fullname='unittest.util', target='unittest.util'
PyiFrozenFinder(/Users/x/code/musicdoubao/dist/吸气声弱化工具.app/Contents/Frameworks/unittest): find_spec: 'unittest.util' not found in PYZ...
PyiFrozenFinder(/Users/x/code/musicdoubao/dist/吸气声弱化工具.app/Contents/Frameworks/unittest): find_spec: attempting resolve using fallback finder FileFinder('/Users/x/code/musicdoubao/dist/吸气声弱化工具.app/Contents/Frameworks/unittest').
PyiFrozenFinder(/Users/x/code/musicdoubao/dist/吸气声弱化工具.app/Contents/Frameworks/unittest): find_spec: fallback finder returned spec: ModuleSpec(name='unittest.util', loader=<_frozen_importlib_external.SourcelessFileLoader object at 0x10facd310>, origin='/Users/x/code/musicdoubao/dist/吸气声弱化工具.app/Contents/Frameworks/unittest/util.pyc').
# code object from '/Users/x/code/musicdoubao/dist/吸气声弱化工具.app/Contents/Frameworks/unittest/util.pyc'
import 'unittest.util' # <_frozen_importlib_external.SourcelessFileLoader object at 0x10facd310>
import 'unittest.result' # <_frozen_importlib_external.SourcelessFileLoader object at 0x10facd130>
PyiFrozenFinder(/Users/x/code/musicdoubao/dist/吸气声弱化工具.app/Contents/Frameworks/unittest): find_spec: called with fullname='unittest.case', target='unittest.case'
PyiFrozenFinder(/Users/x/code/musicdoubao/dist/吸气声弱化工具.app/Contents/Frameworks/unittest): find_spec: 'unittest.case' not found in PYZ...
PyiFrozenFinder(/Users/x/code/musicdoubao/dist/吸气声弱化工具.app/Contents/Frameworks/unittest): find_spec: attempting resolve using fallback finder FileFinder('/Users/x/code/musicdoubao/dist/吸气声弱化工具.app/Contents/Frameworks/unittest').
PyiFrozenFinder(/Users/x/code/musicdoubao/dist/吸气声弱化工具.app/Contents/Frameworks/unittest): find_spec: fallback finder returned spec: ModuleSpec(name='unittest.case', loader=<_frozen_importlib_external.SourcelessFileLoader object at 0x10facd850>, origin='/Users/x/code/musicdoubao/dist/吸气声弱化工具.app/Contents/Frameworks/unittest/case.pyc').
# code object from '/Users/x/code/musicdoubao/dist/吸气声弱化工具.app/Contents/Frameworks/unittest/case.pyc'
PyiFrozenFinder(/Users/x/code/musicdoubao/dist/吸气声弱化工具.app/Contents/Frameworks): find_spec: called with fullname='difflib', target='difflib'
PyiFrozenFinder(/Users/x/code/musicdoubao/dist/吸气声弱化工具.app/Contents/Frameworks): find_spec: 'difflib' not found in PYZ...
PyiFrozenFinder(/Users/x/code/musicdoubao/dist/吸气声弱化工具.app/Contents/Frameworks): find_spec: attempting resolve using fallback finder FileFinder('/Users/x/code/musicdoubao/dist/吸气声弱化工具.app/Contents/Frameworks').
PyiFrozenFinder(/Users/x/code/musicdoubao/dist/吸气声弱化工具.app/Contents/Frameworks): find_spec: fallback finder returned spec: ModuleSpec(name='difflib', loader=<_frozen_importlib_external.SourcelessFileLoader object at 0x10facdf10>, origin='/Users/x/code/musicdoubao/dist/吸气声弱化工具.app/Contents/Frameworks/difflib.pyc').
# code object from '/Users/x/code/musicdoubao/dist/吸气声弱化工具.app/Contents/Frameworks/difflib.pyc'
import 'difflib' # <_frozen_importlib_external.SourcelessFileLoader object at 0x10facdf10>
import 'unittest.case' # <_frozen_importlib_external.SourcelessFileLoader object at 0x10facd850>
PyiFrozenFinder(/Users/x/code/musicdoubao/dist/吸气声弱化工具.app/Contents/Frameworks/unittest): find_spec: called with fullname='unittest.suite', target='unittest.suite'
PyiFrozenFinder(/Users/x/code/musicdoubao/dist/吸气声弱化工具.app/Contents/Frameworks/unittest): find_spec: 'unittest.suite' not found in PYZ...
PyiFrozenFinder(/Users/x/code/musicdoubao/dist/吸气声弱化工具.app/Contents/Frameworks/unittest): find_spec: attempting resolve using fallback finder FileFinder('/Users/x/code/musicdoubao/dist/吸气声弱化工具.app/Contents/Frameworks/unittest').
PyiFrozenFinder(/Users/x/code/musicdoubao/dist/吸气声弱化工具.app/Contents/Frameworks/unittest): find_spec: fallback finder returned spec: ModuleSpec(name='unittest.suite', loader=<_frozen_importlib_external.SourcelessFileLoader object at 0x10facdd30>, origin='/Users/x/code/musicdoubao/dist/吸气声弱化工具.app/Contents/Frameworks/unittest/suite.pyc').
# code object from '/Users/x/code/musicdoubao/dist/吸气声弱化工具.app/Contents/Frameworks/unittest/suite.pyc'
import 'unittest.suite' # <_frozen_importlib_external.SourcelessFileLoader object at 0x10facdd30>
PyiFrozenFinder(/Users/x/code/musicdoubao/dist/吸气声弱化工具.app/Contents/Frameworks/unittest): find_spec: called with fullname='unittest.loader', target='unittest.loader'
PyiFrozenFinder(/Users/x/code/musicdoubao/dist/吸气声弱化工具.app/Contents/Frameworks/unittest): find_spec: 'unittest.loader' not found in PYZ...
PyiFrozenFinder(/Users/x/code/musicdoubao/dist/吸气声弱化工具.app/Contents/Frameworks/unittest): find_spec: attempting resolve using fallback finder FileFinder('/Users/x/code/musicdoubao/dist/吸气声弱化工具.app/Contents/Frameworks/unittest').
PyiFrozenFinder(/Users/x/code/musicdoubao/dist/吸气声弱化工具.app/Contents/Frameworks/unittest): find_spec: fallback finder returned spec: ModuleSpec(name='unittest.loader', loader=<_frozen_importlib_external.SourcelessFileLoader object at 0x10fb5db50>, origin='/Users/x/code/musicdoubao/dist/吸气声弱化工具.app/Contents/Frameworks/unittest/loader.pyc').
# code object from '/Users/x/code/musicdoubao/dist/吸气声弱化工具.app/Contents/Frameworks/unittest/loader.pyc'
import 'unittest.loader' # <_frozen_importlib_external.SourcelessFileLoader object at 0x10fb5db50>
PyiFrozenFinder(/Users/x/code/musicdoubao/dist/吸气声弱化工具.app/Contents/Frameworks/unittest): find_spec: called with fullname='unittest.main', target='unittest.main'
PyiFrozenFinder(/Users/x/code/musicdoubao/dist/吸气声弱化工具.app/Contents/Frameworks/unittest): find_spec: 'unittest.main' not found in PYZ...
PyiFrozenFinder(/Users/x/code/musicdoubao/dist/吸气声弱化工具.app/Contents/Frameworks/unittest): find_spec: attempting resolve using fallback finder FileFinder('/Users/x/code/musicdoubao/dist/吸气声弱化工具.app/Contents/Frameworks/unittest').
PyiFrozenFinder(/Users/x/code/musicdoubao/dist/吸气声弱化工具.app/Contents/Frameworks/unittest): find_spec: fallback finder returned spec: ModuleSpec(name='unittest.main', loader=<_frozen_importlib_external.SourcelessFileLoader object at 0x10fb5dc70>, origin='/Users/x/code/musicdoubao/dist/吸气声弱化工具.app/Contents/Frameworks/unittest/main.pyc').
# code object from '/Users/x/code/musicdoubao/dist/吸气声弱化工具.app/Contents/Frameworks/unittest/main.pyc'
PyiFrozenFinder(/Users/x/code/musicdoubao/dist/吸气声弱化工具.app/Contents/Frameworks): find_spec: called with fullname='argparse', target='argparse'
PyiFrozenFinder(/Users/x/code/musicdoubao/dist/吸气声弱化工具.app/Contents/Frameworks): find_spec: 'argparse' not found in PYZ...
PyiFrozenFinder(/Users/x/code/musicdoubao/dist/吸气声弱化工具.app/Contents/Frameworks): find_spec: attempting resolve using fallback finder FileFinder('/Users/x/code/musicdoubao/dist/吸气声弱化工具.app/Contents/Frameworks').
PyiFrozenFinder(/Users/x/code/musicdoubao/dist/吸气声弱化工具.app/Contents/Frameworks): find_spec: fallback finder returned spec: ModuleSpec(name='argparse', loader=<_frozen_importlib_external.SourcelessFileLoader object at 0x10fb5e6f0>, origin='/Users/x/code/musicdoubao/dist/吸气声弱化工具.app/Contents/Frameworks/argparse.pyc').
# code object from '/Users/x/code/musicdoubao/dist/吸气声弱化工具.app/Contents/Frameworks/argparse.pyc'
import 'argparse' # <_frozen_importlib_external.SourcelessFileLoader object at 0x10fb5e6f0>
PyiFrozenFinder(/Users/x/code/musicdoubao/dist/吸气声弱化工具.app/Contents/Frameworks/unittest): find_spec: called with fullname='unittest.runner', target='unittest.runner'
PyiFrozenFinder(/Users/x/code/musicdoubao/dist/吸气声弱化工具.app/Contents/Frameworks/unittest): find_spec: 'unittest.runner' not found in PYZ...
PyiFrozenFinder(/Users/x/code/musicdoubao/dist/吸气声弱化工具.app/Contents/Frameworks/unittest): find_spec: attempting resolve using fallback finder FileFinder('/Users/x/code/musicdoubao/dist/吸气声弱化工具.app/Contents/Frameworks/unittest').
PyiFrozenFinder(/Users/x/code/musicdoubao/dist/吸气声弱化工具.app/Contents/Frameworks/unittest): find_spec: fallback finder returned spec: ModuleSpec(name='unittest.runner', loader=<_frozen_importlib_external.SourcelessFileLoader object at 0x10fb5f2f0>, origin='/Users/x/code/musicdoubao/dist/吸气声弱化工具.app/Contents/Frameworks/unittest/runner.pyc').
# code object from '/Users/x/code/musicdoubao/dist/吸气声弱化工具.app/Contents/Frameworks/unittest/runner.pyc'
PyiFrozenFinder(/Users/x/code/musicdoubao/dist/吸气声弱化工具.app/Contents/Frameworks/unittest): find_spec: called with fullname='unittest.signals', target='unittest.signals'
PyiFrozenFinder(/Users/x/code/musicdoubao/dist/吸气声弱化工具.app/Contents/Frameworks/unittest): find_spec: 'unittest.signals' not found in PYZ...
PyiFrozenFinder(/Users/x/code/musicdoubao/dist/吸气声弱化工具.app/Contents/Frameworks/unittest): find_spec: attempting resolve using fallback finder FileFinder('/Users/x/code/musicdoubao/dist/吸气声弱化工具.app/Contents/Frameworks/unittest').
PyiFrozenFinder(/Users/x/code/musicdoubao/dist/吸气声弱化工具.app/Contents/Frameworks/unittest): find_spec: fallback finder returned spec: ModuleSpec(name='unittest.signals', loader=<_frozen_importlib_external.SourcelessFileLoader object at 0x10fb5fb90>, origin='/Users/x/code/musicdoubao/dist/吸气声弱化工具.app/Contents/Frameworks/unittest/signals.pyc').
# code object from '/Users/x/code/musicdoubao/dist/吸气声弱化工具.app/Contents/Frameworks/unittest/signals.pyc'
import 'unittest.signals' # <_frozen_importlib_external.SourcelessFileLoader object at 0x10fb5fb90>
import 'unittest.runner' # <_frozen_importlib_external.SourcelessFileLoader object at 0x10fb5f2f0>
import 'unittest.main' # <_frozen_importlib_external.SourcelessFileLoader object at 0x10fb5dc70>
import 'unittest' # <_frozen_importlib_external.SourcelessFileLoader object at 0x10facd0d0>
import 'pyparsing.testing' # <_frozen_importlib_external.SourcelessFileLoader object at 0x10facc5f0>
PyiFrozenFinder(/Users/x/code/musicdoubao/dist/吸气声弱化工具.app/Contents/Frameworks/pyparsing): find_spec: called with fullname='pyparsing.common', target='pyparsing.common'
PyiFrozenFinder(/Users/x/code/musicdoubao/dist/吸气声弱化工具.app/Contents/Frameworks/pyparsing): find_spec: 'pyparsing.common' not found in PYZ...
PyiFrozenFinder(/Users/x/code/musicdoubao/dist/吸气声弱化工具.app/Contents/Frameworks/pyparsing): find_spec: attempting resolve using fallback finder FileFinder('/Users/x/code/musicdoubao/dist/吸气声弱化工具.app/Contents/Frameworks/pyparsing').
PyiFrozenFinder(/Users/x/code/musicdoubao/dist/吸气声弱化工具.app/Contents/Frameworks/pyparsing): find_spec: fallback finder returned spec: ModuleSpec(name='pyparsing.common', loader=<_frozen_importlib_external.SourcelessFileLoader object at 0x10faccb90>, origin='/Users/x/code/musicdoubao/dist/吸气声弱化工具.app/Contents/Frameworks/pyparsing/common.pyc').
# code object from '/Users/x/code/musicdoubao/dist/吸气声弱化工具.app/Contents/Frameworks/pyparsing/common.pyc'
import 'pyparsing.common' # <_frozen_importlib_external.SourcelessFileLoader object at 0x10faccb90>
import 'pyparsing' # <_frozen_importlib_external.SourcelessFileLoader object at 0x10f8b4a10>
import 'matplotlib._fontconfig_pattern' # <_frozen_importlib_external.SourcelessFileLoader object at 0x109b85cd0>
PyiFrozenFinder(/Users/x/code/musicdoubao/dist/吸气声弱化工具.app/Contents/Frameworks/matplotlib): find_spec: called with fullname='matplotlib._enums', target='matplotlib._enums'
PyiFrozenFinder(/Users/x/code/musicdoubao/dist/吸气声弱化工具.app/Contents/Frameworks/matplotlib): find_spec: 'matplotlib._enums' not found in PYZ...
PyiFrozenFinder(/Users/x/code/musicdoubao/dist/吸气声弱化工具.app/Contents/Frameworks/matplotlib): find_spec: attempting resolve using fallback finder FileFinder('/Users/x/code/musicdoubao/dist/吸气声弱化工具.app/Contents/Frameworks/matplotlib').
PyiFrozenFinder(/Users/x/code/musicdoubao/dist/吸气声弱化工具.app/Contents/Frameworks/matplotlib): find_spec: fallback finder returned spec: ModuleSpec(name='matplotlib._enums', loader=<_frozen_importlib_external.SourcelessFileLoader object at 0x10fbae510>, origin='/Users/x/code/musicdoubao/dist/吸气声弱化工具.app/Contents/Frameworks/matplotlib/_enums.pyc').
# code object from '/Users/x/code/musicdoubao/dist/吸气声弱化工具.app/Contents/Frameworks/matplotlib/_enums.pyc'
import 'matplotlib._enums' # <_frozen_importlib_external.SourcelessFileLoader object at 0x10fbae510>
PyiFrozenFinder(/Users/x/code/musicdoubao/dist/吸气声弱化工具.app/Contents/Frameworks): find_spec: called with fullname='cycler', target='cycler'
PyiFrozenFinder(/Users/x/code/musicdoubao/dist/吸气声弱化工具.app/Contents/Frameworks): find_spec: 'cycler' not found in PYZ...
PyiFrozenFinder(/Users/x/code/musicdoubao/dist/吸气声弱化工具.app/Contents/Frameworks): find_spec: attempting resolve using fallback finder FileFinder('/Users/x/code/musicdoubao/dist/吸气声弱化工具.app/Contents/Frameworks').
PyiFrozenFinder(/Users/x/code/musicdoubao/dist/吸气声弱化工具.app/Contents/Frameworks): find_spec: fallback finder returned spec: ModuleSpec(name='cycler', loader=<_frozen_importlib_external.SourcelessFileLoader object at 0x10fbae690>, origin='/Users/x/code/musicdoubao/dist/吸气声弱化工具.app/Contents/Frameworks/cycler/__init__.pyc', submodule_search_locations=['/Users/x/code/musicdoubao/dist/吸气声弱化工具.app/Contents/Frameworks/cycler']).
# code object from '/Users/x/code/musicdoubao/dist/吸气声弱化工具.app/Contents/Frameworks/cycler/__init__.pyc'
import 'cycler' # <_frozen_importlib_external.SourcelessFileLoader object at 0x10fbae690>
import 'matplotlib.rcsetup' # <_frozen_importlib_external.SourcelessFileLoader object at 0x109b3f950>
PyiFrozenFinder(/Users/x/code/musicdoubao/dist/吸气声弱化工具.app/Contents/Frameworks/matplotlib): find_spec: called with fullname='matplotlib.ft2font', target='matplotlib.ft2font'
PyiFrozenFinder(/Users/x/code/musicdoubao/dist/吸气声弱化工具.app/Contents/Frameworks/matplotlib): find_spec: 'matplotlib.ft2font' not found in PYZ...
PyiFrozenFinder(/Users/x/code/musicdoubao/dist/吸气声弱化工具.app/Contents/Frameworks/matplotlib): find_spec: attempting resolve using fallback finder FileFinder('/Users/x/code/musicdoubao/dist/吸气声弱化工具.app/Contents/Frameworks/matplotlib').
PyiFrozenFinder(/Users/x/code/musicdoubao/dist/吸气声弱化工具.app/Contents/Frameworks/matplotlib): find_spec: fallback finder returned spec: ModuleSpec(name='matplotlib.ft2font', loader=<_frozen_importlib_external.ExtensionFileLoader object at 0x10fbaf830>, origin='/Users/x/code/musicdoubao/dist/吸气声弱化工具.app/Contents/Frameworks/matplotlib/ft2font.cpython-314-darwin.so').
# extension module 'matplotlib.ft2font' loaded from '/Users/x/code/musicdoubao/dist/吸气声弱化工具.app/Contents/Frameworks/matplotlib/ft2font.cpython-314-darwin.so'
# extension module 'matplotlib.ft2font' executed from '/Users/x/code/musicdoubao/dist/吸气声弱化工具.app/Contents/Frameworks/matplotlib/ft2font.cpython-314-darwin.so'
import 'matplotlib.ft2font' # <_frozen_importlib_external.ExtensionFileLoader object at 0x10fbaf830>
PyiFrozenFinder(/Users/x/code/musicdoubao/dist/吸气声弱化工具.app/Contents/Frameworks): find_spec: called with fullname='dateutil', target='dateutil'
PyiFrozenFinder(/Users/x/code/musicdoubao/dist/吸气声弱化工具.app/Contents/Frameworks): find_spec: 'dateutil' not found in PYZ...
PyiFrozenFinder(/Users/x/code/musicdoubao/dist/吸气声弱化工具.app/Contents/Frameworks): find_spec: attempting resolve using fallback finder FileFinder('/Users/x/code/musicdoubao/dist/吸气声弱化工具.app/Contents/Frameworks').
PyiFrozenFinder(/Users/x/code/musicdoubao/dist/吸气声弱化工具.app/Contents/Frameworks): find_spec: fallback finder returned spec: ModuleSpec(name='dateutil', loader=<_frozen_importlib_external.SourcelessFileLoader object at 0x10fbafb30>, origin='/Users/x/code/musicdoubao/dist/吸气声弱化工具.app/Contents/Frameworks/dateutil/__init__.pyc', submodule_search_locations=['/Users/x/code/musicdoubao/dist/吸气声弱化工具.app/Contents/Frameworks/dateutil']).
# code object from '/Users/x/code/musicdoubao/dist/吸气声弱化工具.app/Contents/Frameworks/dateutil/__init__.pyc'
PyInstaller: running path finder hook for path: '/Users/x/code/musicdoubao/dist/吸气声弱化工具.app/Contents/Frameworks/dateutil'
PyInstaller: hook succeeded
PyiFrozenFinder(/Users/x/code/musicdoubao/dist/吸气声弱化工具.app/Contents/Frameworks/dateutil): find_spec: called with fullname='dateutil._version', target='dateutil._version'
PyiFrozenFinder(/Users/x/code/musicdoubao/dist/吸气声弱化工具.app/Contents/Frameworks/dateutil): find_spec: 'dateutil._version' not found in PYZ...
PyiFrozenFinder(/Users/x/code/musicdoubao/dist/吸气声弱化工具.app/Contents/Frameworks/dateutil): find_spec: attempting resolve using fallback finder FileFinder('/Users/x/code/musicdoubao/dist/吸气声弱化工具.app/Contents/Frameworks/dateutil').
PyiFrozenFinder(/Users/x/code/musicdoubao/dist/吸气声弱化工具.app/Contents/Frameworks/dateutil): find_spec: fallback finder returned spec: ModuleSpec(name='dateutil._version', loader=<_frozen_importlib_external.SourcelessFileLoader object at 0x10fbafc50>, origin='/Users/x/code/musicdoubao/dist/吸气声弱化工具.app/Contents/Frameworks/dateutil/_version.pyc').
# code object from '/Users/x/code/musicdoubao/dist/吸气声弱化工具.app/Contents/Frameworks/dateutil/_version.pyc'
import 'dateutil._version' # <_frozen_importlib_external.SourcelessFileLoader object at 0x10fbafc50>
import 'dateutil' # <_frozen_importlib_external.SourcelessFileLoader object at 0x10fbafb30>
PyiFrozenFinder(/Users/x/code/musicdoubao/dist/吸气声弱化工具.app/Contents/Frameworks): find_spec: called with fullname='kiwisolver', target='kiwisolver'
PyiFrozenFinder(/Users/x/code/musicdoubao/dist/吸气声弱化工具.app/Contents/Frameworks): find_spec: 'kiwisolver' not found in PYZ...
PyiFrozenFinder(/Users/x/code/musicdoubao/dist/吸气声弱化工具.app/Contents/Frameworks): find_spec: attempting resolve using fallback finder FileFinder('/Users/x/code/musicdoubao/dist/吸气声弱化工具.app/Contents/Frameworks').
PyiFrozenFinder(/Users/x/code/musicdoubao/dist/吸气声弱化工具.app/Contents/Frameworks): find_spec: fallback finder returned spec: ModuleSpec(name='kiwisolver', loader=<_frozen_importlib_external.SourcelessFileLoader object at 0x10fbafbf0>, origin='/Users/x/code/musicdoubao/dist/吸气声弱化工具.app/Contents/Frameworks/kiwisolver/__init__.pyc', submodule_search_locations=['/Users/x/code/musicdoubao/dist/吸气声弱化工具.app/Contents/Frameworks/kiwisolver']).
# code object from '/Users/x/code/musicdoubao/dist/吸气声弱化工具.app/Contents/Frameworks/kiwisolver/__init__.pyc'
PyInstaller: running path finder hook for path: '/Users/x/code/musicdoubao/dist/吸气声弱化工具.app/Contents/Frameworks/kiwisolver'
PyInstaller: hook succeeded
PyiFrozenFinder(/Users/x/code/musicdoubao/dist/吸气声弱化工具.app/Contents/Frameworks/kiwisolver): find_spec: called with fullname='kiwisolver._cext', target='kiwisolver._cext'
PyiFrozenFinder(/Users/x/code/musicdoubao/dist/吸气声弱化工具.app/Contents/Frameworks/kiwisolver): find_spec: 'kiwisolver._cext' not found in PYZ...
PyiFrozenFinder(/Users/x/code/musicdoubao/dist/吸气声弱化工具.app/Contents/Frameworks/kiwisolver): find_spec: attempting resolve using fallback finder FileFinder('/Users/x/code/musicdoubao/dist/吸气声弱化工具.app/Contents/Frameworks/kiwisolver').
PyiFrozenFinder(/Users/x/code/musicdoubao/dist/吸气声弱化工具.app/Contents/Frameworks/kiwisolver): find_spec: fallback finder returned spec: ModuleSpec(name='kiwisolver._cext', loader=<_frozen_importlib_external.ExtensionFileLoader object at 0x10fbafd10>, origin='/Users/x/code/musicdoubao/dist/吸气声弱化工具.app/Contents/Frameworks/kiwisolver/_cext.cpython-314-darwin.so').
# extension module 'kiwisolver._cext' loaded from '/Users/x/code/musicdoubao/dist/吸气声弱化工具.app/Contents/Frameworks/kiwisolver/_cext.cpython-314-darwin.so'
PyiFrozenFinder(/Users/x/code/musicdoubao/dist/吸气声弱化工具.app/Contents/Frameworks/kiwisolver): find_spec: called with fullname='kiwisolver.exceptions', target='kiwisolver.exceptions'
PyiFrozenFinder(/Users/x/code/musicdoubao/dist/吸气声弱化工具.app/Contents/Frameworks/kiwisolver): find_spec: 'kiwisolver.exceptions' not found in PYZ...
PyiFrozenFinder(/Users/x/code/musicdoubao/dist/吸气声弱化工具.app/Contents/Frameworks/kiwisolver): find_spec: attempting resolve using fallback finder FileFinder('/Users/x/code/musicdoubao/dist/吸气声弱化工具.app/Contents/Frameworks/kiwisolver').
PyiFrozenFinder(/Users/x/code/musicdoubao/dist/吸气声弱化工具.app/Contents/Frameworks/kiwisolver): find_spec: fallback finder returned spec: ModuleSpec(name='kiwisolver.exceptions', loader=<_frozen_importlib_external.SourcelessFileLoader object at 0x10fbafdd0>, origin='/Users/x/code/musicdoubao/dist/吸气声弱化工具.app/Contents/Frameworks/kiwisolver/exceptions.pyc').
# code object from '/Users/x/code/musicdoubao/dist/吸气声弱化工具.app/Contents/Frameworks/kiwisolver/exceptions.pyc'
import 'kiwisolver.exceptions' # <_frozen_importlib_external.SourcelessFileLoader object at 0x10fbafdd0>
# extension module 'kiwisolver._cext' executed from '/Users/x/code/musicdoubao/dist/吸气声弱化工具.app/Contents/Frameworks/kiwisolver/_cext.cpython-314-darwin.so'
import 'kiwisolver._cext' # <_frozen_importlib_external.ExtensionFileLoader object at 0x10fbafd10>
import 'kiwisolver' # <_frozen_importlib_external.SourcelessFileLoader object at 0x10fbafbf0>
PyiFrozenFinder(/Users/x/code/musicdoubao/dist/吸气声弱化工具.app/Contents/Frameworks/numpy): find_spec: called with fullname='numpy.ma', target='numpy.ma'
PyiFrozenFinder(/Users/x/code/musicdoubao/dist/吸气声弱化工具.app/Contents/Frameworks/numpy): find_spec: 'numpy.ma' not found in PYZ...
PyiFrozenFinder(/Users/x/code/musicdoubao/dist/吸气声弱化工具.app/Contents/Frameworks/numpy): find_spec: attempting resolve using fallback finder FileFinder('/Users/x/code/musicdoubao/dist/吸气声弱化工具.app/Contents/Frameworks/numpy').
PyiFrozenFinder(/Users/x/code/musicdoubao/dist/吸气声弱化工具.app/Contents/Frameworks/numpy): find_spec: fallback finder returned spec: ModuleSpec(name='numpy.ma', loader=<_frozen_importlib_external.SourcelessFileLoader object at 0x10fc41190>, origin='/Users/x/code/musicdoubao/dist/吸气声弱化工具.app/Contents/Frameworks/numpy/ma/__init__.pyc', submodule_search_locations=['/Users/x/code/musicdoubao/dist/吸气声弱化工具.app/Contents/Frameworks/numpy/ma']).
# code object from '/Users/x/code/musicdoubao/dist/吸气声弱化工具.app/Contents/Frameworks/numpy/ma/__init__.pyc'
PyInstaller: running path finder hook for path: '/Users/x/code/musicdoubao/dist/吸气声弱化工具.app/Contents/Frameworks/numpy/ma'
PyInstaller: hook succeeded
PyiFrozenFinder(/Users/x/code/musicdoubao/dist/吸气声弱化工具.app/Contents/Frameworks/numpy/ma): find_spec: called with fullname='numpy.ma.core', target='numpy.ma.core'
PyiFrozenFinder(/Users/x/code/musicdoubao/dist/吸气声弱化工具.app/Contents/Frameworks/numpy/ma): find_spec: 'numpy.ma.core' not found in PYZ...
PyiFrozenFinder(/Users/x/code/musicdoubao/dist/吸气声弱化工具.app/Contents/Frameworks/numpy/ma): find_spec: attempting resolve using fallback finder FileFinder('/Users/x/code/musicdoubao/dist/吸气声弱化工具.app/Contents/Frameworks/numpy/ma').
PyiFrozenFinder(/Users/x/code/musicdoubao/dist/吸气声弱化工具.app/Contents/Frameworks/numpy/ma): find_spec: fallback finder returned spec: ModuleSpec(name='numpy.ma.core', loader=<_frozen_importlib_external.SourcelessFileLoader object at 0x10fc411f0>, origin='/Users/x/code/musicdoubao/dist/吸气声弱化工具.app/Contents/Frameworks/numpy/ma/core.pyc').
# code object from '/Users/x/code/musicdoubao/dist/吸气声弱化工具.app/Contents/Frameworks/numpy/ma/core.pyc'
import 'numpy.ma.core' # <_frozen_importlib_external.SourcelessFileLoader object at 0x10fc411f0>
PyiFrozenFinder(/Users/x/code/musicdoubao/dist/吸气声弱化工具.app/Contents/Frameworks/numpy/ma): find_spec: called with fullname='numpy.ma.extras', target='numpy.ma.extras'
PyiFrozenFinder(/Users/x/code/musicdoubao/dist/吸气声弱化工具.app/Contents/Frameworks/numpy/ma): find_spec: 'numpy.ma.extras' not found in PYZ...
PyiFrozenFinder(/Users/x/code/musicdoubao/dist/吸气声弱化工具.app/Contents/Frameworks/numpy/ma): find_spec: attempting resolve using fallback finder FileFinder('/Users/x/code/musicdoubao/dist/吸气声弱化工具.app/Contents/Frameworks/numpy/ma').
PyiFrozenFinder(/Users/x/code/musicdoubao/dist/吸气声弱化工具.app/Contents/Frameworks/numpy/ma): find_spec: fallback finder returned spec: ModuleSpec(name='numpy.ma.extras', loader=<_frozen_importlib_external.SourcelessFileLoader object at 0x10fc43b30>, origin='/Users/x/code/musicdoubao/dist/吸气声弱化工具.app/Contents/Frameworks/numpy/ma/extras.pyc').
# code object from '/Users/x/code/musicdoubao/dist/吸气声弱化工具.app/Contents/Frameworks/numpy/ma/extras.pyc'
import 'numpy.ma.extras' # <_frozen_importlib_external.SourcelessFileLoader object at 0x10fc43b30>
import 'numpy.ma' # <_frozen_importlib_external.SourcelessFileLoader object at 0x10fc41190>
PyiFrozenFinder(/Users/x/code/musicdoubao/dist/吸气声弱化工具.app/Contents/Frameworks/matplotlib): find_spec: called with fullname='matplotlib.cm', target='matplotlib.cm'
PyiFrozenFinder(/Users/x/code/musicdoubao/dist/吸气声弱化工具.app/Contents/Frameworks/matplotlib): find_spec: 'matplotlib.cm' not found in PYZ...
PyiFrozenFinder(/Users/x/code/musicdoubao/dist/吸气声弱化工具.app/Contents/Frameworks/matplotlib): find_spec: attempting resolve using fallback finder FileFinder('/Users/x/code/musicdoubao/dist/吸气声弱化工具.app/Contents/Frameworks/matplotlib').
PyiFrozenFinder(/Users/x/code/musicdoubao/dist/吸气声弱化工具.app/Contents/Frameworks/matplotlib): find_spec: fallback finder returned spec: ModuleSpec(name='matplotlib.cm', loader=<_frozen_importlib_external.SourcelessFileLoader object at 0x10fc7b7d0>, origin='/Users/x/code/musicdoubao/dist/吸气声弱化工具.app/Contents/Frameworks/matplotlib/cm.pyc').
# code object from '/Users/x/code/musicdoubao/dist/吸气声弱化工具.app/Contents/Frameworks/matplotlib/cm.pyc'
PyiFrozenFinder(/Users/x/code/musicdoubao/dist/吸气声弱化工具.app/Contents/Frameworks/matplotlib): find_spec: called with fullname='matplotlib.colorizer', target='matplotlib.colorizer'
PyiFrozenFinder(/Users/x/code/musicdoubao/dist/吸气声弱化工具.app/Contents/Frameworks/matplotlib): find_spec: 'matplotlib.colorizer' not found in PYZ...
PyiFrozenFinder(/Users/x/code/musicdoubao/dist/吸气声弱化工具.app/Contents/Frameworks/matplotlib): find_spec: attempting resolve using fallback finder FileFinder('/Users/x/code/musicdoubao/dist/吸气声弱化工具.app/Contents/Frameworks/matplotlib').
PyiFrozenFinder(/Users/x/code/musicdoubao/dist/吸气声弱化工具.app/Contents/Frameworks/matplotlib): find_spec: fallback finder returned spec: ModuleSpec(name='matplotlib.colorizer', loader=<_frozen_importlib_external.SourcelessFileLoader object at 0x10fc7b890>, origin='/Users/x/code/musicdoubao/dist/吸气声弱化工具.app/Contents/Frameworks/matplotlib/colorizer.pyc').
# code object from '/Users/x/code/musicdoubao/dist/吸气声弱化工具.app/Contents/Frameworks/matplotlib/colorizer.pyc'
PyiFrozenFinder(/Users/x/code/musicdoubao/dist/吸气声弱化工具.app/Contents/Frameworks/matplotlib): find_spec: called with fullname='matplotlib.artist', target='matplotlib.artist'
PyiFrozenFinder(/Users/x/code/musicdoubao/dist/吸气声弱化工具.app/Contents/Frameworks/matplotlib): find_spec: 'matplotlib.artist' not found in PYZ...
PyiFrozenFinder(/Users/x/code/musicdoubao/dist/吸气声弱化工具.app/Contents/Frameworks/matplotlib): find_spec: attempting resolve using fallback finder FileFinder('/Users/x/code/musicdoubao/dist/吸气声弱化工具.app/Contents/Frameworks/matplotlib').
PyiFrozenFinder(/Users/x/code/musicdoubao/dist/吸气声弱化工具.app/Contents/Frameworks/matplotlib): find_spec: fallback finder returned spec: ModuleSpec(name='matplotlib.artist', loader=<_frozen_importlib_external.SourcelessFileLoader object at 0x10fc7bb30>, origin='/Users/x/code/musicdoubao/dist/吸气声弱化工具.app/Contents/Frameworks/matplotlib/artist.pyc').
# code object from '/Users/x/code/musicdoubao/dist/吸气声弱化工具.app/Contents/Frameworks/matplotlib/artist.pyc'
import 'matplotlib.artist' # <_frozen_importlib_external.SourcelessFileLoader object at 0x10fc7bb30>
import 'matplotlib.colorizer' # <_frozen_importlib_external.SourcelessFileLoader object at 0x10fc7b890>
PyiFrozenFinder(/Users/x/code/musicdoubao/dist/吸气声弱化工具.app/Contents/Frameworks/matplotlib): find_spec: called with fullname='matplotlib._cm_listed', target='matplotlib._cm_listed'
PyiFrozenFinder(/Users/x/code/musicdoubao/dist/吸气声弱化工具.app/Contents/Frameworks/matplotlib): find_spec: 'matplotlib._cm_listed' not found in PYZ...
PyiFrozenFinder(/Users/x/code/musicdoubao/dist/吸气声弱化工具.app/Contents/Frameworks/matplotlib): find_spec: attempting resolve using fallback finder FileFinder('/Users/x/code/musicdoubao/dist/吸气声弱化工具.app/Contents/Frameworks/matplotlib').
PyiFrozenFinder(/Users/x/code/musicdoubao/dist/吸气声弱化工具.app/Contents/Frameworks/matplotlib): find_spec: fallback finder returned spec: ModuleSpec(name='matplotlib._cm_listed', loader=<_frozen_importlib_external.SourcelessFileLoader object at 0x10fc41130>, origin='/Users/x/code/musicdoubao/dist/吸气声弱化工具.app/Contents/Frameworks/matplotlib/_cm_listed.pyc').
# code object from '/Users/x/code/musicdoubao/dist/吸气声弱化工具.app/Contents/Frameworks/matplotlib/_cm_listed.pyc'
import 'matplotlib._cm_listed' # <_frozen_importlib_external.SourcelessFileLoader object at 0x10fc41130>
PyiFrozenFinder(/Users/x/code/musicdoubao/dist/吸气声弱化工具.app/Contents/Frameworks/matplotlib): find_spec: called with fullname='matplotlib._cm_multivar', target='matplotlib._cm_multivar'
PyiFrozenFinder(/Users/x/code/musicdoubao/dist/吸气声弱化工具.app/Contents/Frameworks/matplotlib): find_spec: 'matplotlib._cm_multivar' not found in PYZ...
PyiFrozenFinder(/Users/x/code/musicdoubao/dist/吸气声弱化工具.app/Contents/Frameworks/matplotlib): find_spec: attempting resolve using fallback finder FileFinder('/Users/x/code/musicdoubao/dist/吸气声弱化工具.app/Contents/Frameworks/matplotlib').
PyiFrozenFinder(/Users/x/code/musicdoubao/dist/吸气声弱化工具.app/Contents/Frameworks/matplotlib): find_spec: fallback finder returned spec: ModuleSpec(name='matplotlib._cm_multivar', loader=<_frozen_importlib_external.SourcelessFileLoader object at 0x10fc40f50>, origin='/Users/x/code/musicdoubao/dist/吸气声弱化工具.app/Contents/Frameworks/matplotlib/_cm_multivar.pyc').
# code object from '/Users/x/code/musicdoubao/dist/吸气声弱化工具.app/Contents/Frameworks/matplotlib/_cm_multivar.pyc'
import 'matplotlib._cm_multivar' # <_frozen_importlib_external.SourcelessFileLoader object at 0x10fc40f50>
PyiFrozenFinder(/Users/x/code/musicdoubao/dist/吸气声弱化工具.app/Contents/Frameworks/matplotlib): find_spec: called with fullname='matplotlib._cm_bivar', target='matplotlib._cm_bivar'
PyiFrozenFinder(/Users/x/code/musicdoubao/dist/吸气声弱化工具.app/Contents/Frameworks/matplotlib): find_spec: 'matplotlib._cm_bivar' not found in PYZ...
PyiFrozenFinder(/Users/x/code/musicdoubao/dist/吸气声弱化工具.app/Contents/Frameworks/matplotlib): find_spec: attempting resolve using fallback finder FileFinder('/Users/x/code/musicdoubao/dist/吸气声弱化工具.app/Contents/Frameworks/matplotlib').
PyiFrozenFinder(/Users/x/code/musicdoubao/dist/吸气声弱化工具.app/Contents/Frameworks/matplotlib): find_spec: fallback finder returned spec: ModuleSpec(name='matplotlib._cm_bivar', loader=<_frozen_importlib_external.SourcelessFileLoader object at 0x10fc41070>, origin='/Users/x/code/musicdoubao/dist/吸气声弱化工具.app/Contents/Frameworks/matplotlib/_cm_bivar.pyc').
# code object from '/Users/x/code/musicdoubao/dist/吸气声弱化工具.app/Contents/Frameworks/matplotlib/_cm_bivar.pyc'
import 'matplotlib._cm_bivar' # <_frozen_importlib_external.SourcelessFileLoader object at 0x10fc41070>
import 'matplotlib.cm' # <_frozen_importlib_external.SourcelessFileLoader object at 0x10fc7b7d0>
import 'matplotlib' # <_frozen_importlib_external.SourcelessFileLoader object at 0x109afa330>
PyiFrozenFinder(/Users/x/code/musicdoubao/dist/吸气声弱化工具.app/Contents/Frameworks/matplotlib/backends): find_spec: called with fullname='matplotlib.backends.backend_tkagg', target='matplotlib.backends.backend_tkagg'
PyiFrozenFinder(/Users/x/code/musicdoubao/dist/吸气声弱化工具.app/Contents/Frameworks/matplotlib/backends): find_spec: 'matplotlib.backends.backend_tkagg' not found in PYZ...
PyiFrozenFinder(/Users/x/code/musicdoubao/dist/吸气声弱化工具.app/Contents/Frameworks/matplotlib/backends): find_spec: attempting resolve using fallback finder FileFinder('/Users/x/code/musicdoubao/dist/吸气声弱化工具.app/Contents/Frameworks/matplotlib/backends').
PyiFrozenFinder(/Users/x/code/musicdoubao/dist/吸气声弱化工具.app/Contents/Frameworks/matplotlib/backends): find_spec: fallback finder returned spec: ModuleSpec(name='matplotlib.backends.backend_tkagg', loader=<_frozen_importlib_external.SourcelessFileLoader object at 0x109afa210>, origin='/Users/x/code/musicdoubao/dist/吸气声弱化工具.app/Contents/Frameworks/matplotlib/backends/backend_tkagg.pyc').
# code object from '/Users/x/code/musicdoubao/dist/吸气声弱化工具.app/Contents/Frameworks/matplotlib/backends/backend_tkagg.pyc'
PyiFrozenFinder(/Users/x/code/musicdoubao/dist/吸气声弱化工具.app/Contents/Frameworks/matplotlib/backends): find_spec: called with fullname='matplotlib.backends._backend_tk', target='matplotlib.backends._backend_tk'
PyiFrozenFinder(/Users/x/code/musicdoubao/dist/吸气声弱化工具.app/Contents/Frameworks/matplotlib/backends): find_spec: 'matplotlib.backends._backend_tk' not found in PYZ...
PyiFrozenFinder(/Users/x/code/musicdoubao/dist/吸气声弱化工具.app/Contents/Frameworks/matplotlib/backends): find_spec: attempting resolve using fallback finder FileFinder('/Users/x/code/musicdoubao/dist/吸气声弱化工具.app/Contents/Frameworks/matplotlib/backends').
PyiFrozenFinder(/Users/x/code/musicdoubao/dist/吸气声弱化工具.app/Contents/Frameworks/matplotlib/backends): find_spec: fallback finder returned spec: ModuleSpec(name='matplotlib.backends._backend_tk', loader=<_frozen_importlib_external.SourcelessFileLoader object at 0x109af9f10>, origin='/Users/x/code/musicdoubao/dist/吸气声弱化工具.app/Contents/Frameworks/matplotlib/backends/_backend_tk.pyc').
# code object from '/Users/x/code/musicdoubao/dist/吸气声弱化工具.app/Contents/Frameworks/matplotlib/backends/_backend_tk.pyc'
PyiFrozenFinder(/Users/x/code/musicdoubao/dist/吸气声弱化工具.app/Contents/Frameworks): find_spec: called with fullname='uuid', target='uuid'
PyiFrozenFinder(/Users/x/code/musicdoubao/dist/吸气声弱化工具.app/Contents/Frameworks): find_spec: 'uuid' not found in PYZ...
PyiFrozenFinder(/Users/x/code/musicdoubao/dist/吸气声弱化工具.app/Contents/Frameworks): find_spec: attempting resolve using fallback finder FileFinder('/Users/x/code/musicdoubao/dist/吸气声弱化工具.app/Contents/Frameworks').
PyiFrozenFinder(/Users/x/code/musicdoubao/dist/吸气声弱化工具.app/Contents/Frameworks): find_spec: fallback finder returned spec: ModuleSpec(name='uuid', loader=<_frozen_importlib_external.SourcelessFileLoader object at 0x10fef5c10>, origin='/Users/x/code/musicdoubao/dist/吸气声弱化工具.app/Contents/Frameworks/uuid.pyc').
# code object from '/Users/x/code/musicdoubao/dist/吸气声弱化工具.app/Contents/Frameworks/uuid.pyc'
# extension module '_uuid' loaded from '/Users/x/code/musicdoubao/dist/吸气声弱化工具.app/Contents/Frameworks/python3.14/lib-dynload/_uuid.cpython-314-darwin.so'
# extension module '_uuid' executed from '/Users/x/code/musicdoubao/dist/吸气声弱化工具.app/Contents/Frameworks/python3.14/lib-dynload/_uuid.cpython-314-darwin.so'
import '_uuid' # <_frozen_importlib_external.ExtensionFileLoader object at 0x10fef6f30>
import 'uuid' # <_frozen_importlib_external.SourcelessFileLoader object at 0x10fef5c10>
PyiFrozenFinder(/Users/x/code/musicdoubao/dist/吸气声弱化工具.app/Contents/Frameworks/tkinter): find_spec: called with fullname='tkinter.font', target='tkinter.font'
PyiFrozenFinder(/Users/x/code/musicdoubao/dist/吸气声弱化工具.app/Contents/Frameworks/tkinter): find_spec: 'tkinter.font' not found in PYZ...
PyiFrozenFinder(/Users/x/code/musicdoubao/dist/吸气声弱化工具.app/Contents/Frameworks/tkinter): find_spec: attempting resolve using fallback finder FileFinder('/Users/x/code/musicdoubao/dist/吸气声弱化工具.app/Contents/Frameworks/tkinter').
PyiFrozenFinder(/Users/x/code/musicdoubao/dist/吸气声弱化工具.app/Contents/Frameworks/tkinter): find_spec: fallback finder returned spec: ModuleSpec(name='tkinter.font', loader=<_frozen_importlib_external.SourcelessFileLoader object at 0x10fef6e10>, origin='/Users/x/code/musicdoubao/dist/吸气声弱化工具.app/Contents/Frameworks/tkinter/font.pyc').
# code object from '/Users/x/code/musicdoubao/dist/吸气声弱化工具.app/Contents/Frameworks/tkinter/font.pyc'
import 'tkinter.font' # <_frozen_importlib_external.SourcelessFileLoader object at 0x10fef6e10>
PyiFrozenFinder(/Users/x/code/musicdoubao/dist/吸气声弱化工具.app/Contents/Frameworks/PIL): find_spec: called with fullname='PIL.ImageTk', target='PIL.ImageTk'
PyiFrozenFinder(/Users/x/code/musicdoubao/dist/吸气声弱化工具.app/Contents/Frameworks/PIL): find_spec: 'PIL.ImageTk' not found in PYZ...
PyiFrozenFinder(/Users/x/code/musicdoubao/dist/吸气声弱化工具.app/Contents/Frameworks/PIL): find_spec: attempting resolve using fallback finder FileFinder('/Users/x/code/musicdoubao/dist/吸气声弱化工具.app/Contents/Frameworks/PIL').
PyiFrozenFinder(/Users/x/code/musicdoubao/dist/吸气声弱化工具.app/Contents/Frameworks/PIL): find_spec: fallback finder returned spec: ModuleSpec(name='PIL.ImageTk', loader=<_frozen_importlib_external.SourcelessFileLoader object at 0x10fef7dd0>, origin='/Users/x/code/musicdoubao/dist/吸气声弱化工具.app/Contents/Frameworks/PIL/ImageTk.pyc').
# code object from '/Users/x/code/musicdoubao/dist/吸气声弱化工具.app/Contents/Frameworks/PIL/ImageTk.pyc'
import 'PIL.ImageTk' # <_frozen_importlib_external.SourcelessFileLoader object at 0x10fef7dd0>
PyiFrozenFinder(/Users/x/code/musicdoubao/dist/吸气声弱化工具.app/Contents/Frameworks/matplotlib): find_spec: called with fullname='matplotlib.backend_tools', target='matplotlib.backend_tools'
PyiFrozenFinder(/Users/x/code/musicdoubao/dist/吸气声弱化工具.app/Contents/Frameworks/matplotlib): find_spec: 'matplotlib.backend_tools' not found in PYZ...
PyiFrozenFinder(/Users/x/code/musicdoubao/dist/吸气声弱化工具.app/Contents/Frameworks/matplotlib): find_spec: attempting resolve using fallback finder FileFinder('/Users/x/code/musicdoubao/dist/吸气声弱化工具.app/Contents/Frameworks/matplotlib').
PyiFrozenFinder(/Users/x/code/musicdoubao/dist/吸气声弱化工具.app/Contents/Frameworks/matplotlib): find_spec: fallback finder returned spec: ModuleSpec(name='matplotlib.backend_tools', loader=<_frozen_importlib_external.SourcelessFileLoader object at 0x10ff602f0>, origin='/Users/x/code/musicdoubao/dist/吸气声弱化工具.app/Contents/Frameworks/matplotlib/backend_tools.pyc').
# code object from '/Users/x/code/musicdoubao/dist/吸气声弱化工具.app/Contents/Frameworks/matplotlib/backend_tools.pyc'
PyiFrozenFinder(/Users/x/code/musicdoubao/dist/吸气声弱化工具.app/Contents/Frameworks/matplotlib): find_spec: called with fullname='matplotlib._pylab_helpers', target='matplotlib._pylab_helpers'
PyiFrozenFinder(/Users/x/code/musicdoubao/dist/吸气声弱化工具.app/Contents/Frameworks/matplotlib): find_spec: 'matplotlib._pylab_helpers' not found in PYZ...
PyiFrozenFinder(/Users/x/code/musicdoubao/dist/吸气声弱化工具.app/Contents/Frameworks/matplotlib): find_spec: attempting resolve using fallback finder FileFinder('/Users/x/code/musicdoubao/dist/吸气声弱化工具.app/Contents/Frameworks/matplotlib').
PyiFrozenFinder(/Users/x/code/musicdoubao/dist/吸气声弱化工具.app/Contents/Frameworks/matplotlib): find_spec: fallback finder returned spec: ModuleSpec(name='matplotlib._pylab_helpers', loader=<_frozen_importlib_external.SourcelessFileLoader object at 0x10ff608f0>, origin='/Users/x/code/musicdoubao/dist/吸气声弱化工具.app/Contents/Frameworks/matplotlib/_pylab_helpers.pyc').
# code object from '/Users/x/code/musicdoubao/dist/吸气声弱化工具.app/Contents/Frameworks/matplotlib/_pylab_helpers.pyc'
import 'matplotlib._pylab_helpers' # <_frozen_importlib_external.SourcelessFileLoader object at 0x10ff608f0>
import 'matplotlib.backend_tools' # <_frozen_importlib_external.SourcelessFileLoader object at 0x10ff602f0>
PyiFrozenFinder(/Users/x/code/musicdoubao/dist/吸气声弱化工具.app/Contents/Frameworks/matplotlib): find_spec: called with fullname='matplotlib.backend_bases', target='matplotlib.backend_bases'
PyiFrozenFinder(/Users/x/code/musicdoubao/dist/吸气声弱化工具.app/Contents/Frameworks/matplotlib): find_spec: 'matplotlib.backend_bases' not found in PYZ...
PyiFrozenFinder(/Users/x/code/musicdoubao/dist/吸气声弱化工具.app/Contents/Frameworks/matplotlib): find_spec: attempting resolve using fallback finder FileFinder('/Users/x/code/musicdoubao/dist/吸气声弱化工具.app/Contents/Frameworks/matplotlib').
PyiFrozenFinder(/Users/x/code/musicdoubao/dist/吸气声弱化工具.app/Contents/Frameworks/matplotlib): find_spec: fallback finder returned spec: ModuleSpec(name='matplotlib.backend_bases', loader=<_frozen_importlib_external.SourcelessFileLoader object at 0x10ff615b0>, origin='/Users/x/code/musicdoubao/dist/吸气声弱化工具.app/Contents/Frameworks/matplotlib/backend_bases.pyc').
# code object from '/Users/x/code/musicdoubao/dist/吸气声弱化工具.app/Contents/Frameworks/matplotlib/backend_bases.pyc'
PyiFrozenFinder(/Users/x/code/musicdoubao/dist/吸气声弱化工具.app/Contents/Frameworks/matplotlib): find_spec: called with fullname='matplotlib.text', target='matplotlib.text'
PyiFrozenFinder(/Users/x/code/musicdoubao/dist/吸气声弱化工具.app/Contents/Frameworks/matplotlib): find_spec: 'matplotlib.text' not found in PYZ...
PyiFrozenFinder(/Users/x/code/musicdoubao/dist/吸气声弱化工具.app/Contents/Frameworks/matplotlib): find_spec: attempting resolve using fallback finder FileFinder('/Users/x/code/musicdoubao/dist/吸气声弱化工具.app/Contents/Frameworks/matplotlib').
PyiFrozenFinder(/Users/x/code/musicdoubao/dist/吸气声弱化工具.app/Contents/Frameworks/matplotlib): find_spec: fallback finder returned spec: ModuleSpec(name='matplotlib.text', loader=<_frozen_importlib_external.SourcelessFileLoader object at 0x10ff622d0>, origin='/Users/x/code/musicdoubao/dist/吸气声弱化工具.app/Contents/Frameworks/matplotlib/text.pyc').
# code object from '/Users/x/code/musicdoubao/dist/吸气声弱化工具.app/Contents/Frameworks/matplotlib/text.pyc'
PyiFrozenFinder(/Users/x/code/musicdoubao/dist/吸气声弱化工具.app/Contents/Frameworks/matplotlib): find_spec: called with fullname='matplotlib.font_manager', target='matplotlib.font_manager'
PyiFrozenFinder(/Users/x/code/musicdoubao/dist/吸气声弱化工具.app/Contents/Frameworks/matplotlib): find_spec: 'matplotlib.font_manager' not found in PYZ...
PyiFrozenFinder(/Users/x/code/musicdoubao/dist/吸气声弱化工具.app/Contents/Frameworks/matplotlib): find_spec: attempting resolve using fallback finder FileFinder('/Users/x/code/musicdoubao/dist/吸气声弱化工具.app/Contents/Frameworks/matplotlib').
PyiFrozenFinder(/Users/x/code/musicdoubao/dist/吸气声弱化工具.app/Contents/Frameworks/matplotlib): find_spec: fallback finder returned spec: ModuleSpec(name='matplotlib.font_manager', loader=<_frozen_importlib_external.SourcelessFileLoader object at 0x10ffa9430>, origin='/Users/x/code/musicdoubao/dist/吸气声弱化工具.app/Contents/Frameworks/matplotlib/font_manager.pyc').
# code object from '/Users/x/code/musicdoubao/dist/吸气声弱化工具.app/Contents/Frameworks/matplotlib/font_manager.pyc'
PyiFrozenFinder(/Users/x/code/musicdoubao/dist/吸气声弱化工具.app/Contents/Frameworks): find_spec: called with fullname='plistlib', target='plistlib'
PyiFrozenFinder(/Users/x/code/musicdoubao/dist/吸气声弱化工具.app/Contents/Frameworks): find_spec: 'plistlib' not found in PYZ...
PyiFrozenFinder(/Users/x/code/musicdoubao/dist/吸气声弱化工具.app/Contents/Frameworks): find_spec: attempting resolve using fallback finder FileFinder('/Users/x/code/musicdoubao/dist/吸气声弱化工具.app/Contents/Frameworks').
PyiFrozenFinder(/Users/x/code/musicdoubao/dist/吸气声弱化工具.app/Contents/Frameworks): find_spec: fallback finder returned spec: ModuleSpec(name='plistlib', loader=<_frozen_importlib_external.SourcelessFileLoader object at 0x10ffaa630>, origin='/Users/x/code/musicdoubao/dist/吸气声弱化工具.app/Contents/Frameworks/plistlib.pyc').
# code object from '/Users/x/code/musicdoubao/dist/吸气声弱化工具.app/Contents/Frameworks/plistlib.pyc'
PyiFrozenFinder(/Users/x/code/musicdoubao/dist/吸气声弱化工具.app/Contents/Frameworks): find_spec: called with fullname='xml', target='xml'
PyiFrozenFinder(/Users/x/code/musicdoubao/dist/吸气声弱化工具.app/Contents/Frameworks): find_spec: 'xml' not found in PYZ...
PyiFrozenFinder(/Users/x/code/musicdoubao/dist/吸气声弱化工具.app/Contents/Frameworks): find_spec: attempting resolve using fallback finder FileFinder('/Users/x/code/musicdoubao/dist/吸气声弱化工具.app/Contents/Frameworks').
PyiFrozenFinder(/Users/x/code/musicdoubao/dist/吸气声弱化工具.app/Contents/Frameworks): find_spec: fallback finder returned spec: ModuleSpec(name='xml', loader=<_frozen_importlib_external.SourcelessFileLoader object at 0x10ffab890>, origin='/Users/x/code/musicdoubao/dist/吸气声弱化工具.app/Contents/Frameworks/xml/__init__.pyc', submodule_search_locations=['/Users/x/code/musicdoubao/dist/吸气声弱化工具.app/Contents/Frameworks/xml']).
# code object from '/Users/x/code/musicdoubao/dist/吸气声弱化工具.app/Contents/Frameworks/xml/__init__.pyc'
import 'xml' # <_frozen_importlib_external.SourcelessFileLoader object at 0x10ffab890>
PyInstaller: running path finder hook for path: '/Users/x/code/musicdoubao/dist/吸气声弱化工具.app/Contents/Frameworks/xml'
PyInstaller: hook succeeded
PyiFrozenFinder(/Users/x/code/musicdoubao/dist/吸气声弱化工具.app/Contents/Frameworks/xml): find_spec: called with fullname='xml.parsers', target='xml.parsers'
PyiFrozenFinder(/Users/x/code/musicdoubao/dist/吸气声弱化工具.app/Contents/Frameworks/xml): find_spec: 'xml.parsers' not found in PYZ...
PyiFrozenFinder(/Users/x/code/musicdoubao/dist/吸气声弱化工具.app/Contents/Frameworks/xml): find_spec: attempting resolve using fallback finder FileFinder('/Users/x/code/musicdoubao/dist/吸气声弱化工具.app/Contents/Frameworks/xml').
PyiFrozenFinder(/Users/x/code/musicdoubao/dist/吸气声弱化工具.app/Contents/Frameworks/xml): find_spec: fallback finder returned spec: ModuleSpec(name='xml.parsers', loader=<_frozen_importlib_external.SourcelessFileLoader object at 0x10ffab830>, origin='/Users/x/code/musicdoubao/dist/吸气声弱化工具.app/Contents/Frameworks/xml/parsers/__init__.pyc', submodule_search_locations=['/Users/x/code/musicdoubao/dist/吸气声弱化工具.app/Contents/Frameworks/xml/parsers']).
# code object from '/Users/x/code/musicdoubao/dist/吸气声弱化工具.app/Contents/Frameworks/xml/parsers/__init__.pyc'
import 'xml.parsers' # <_frozen_importlib_external.SourcelessFileLoader object at 0x10ffab830>
PyInstaller: running path finder hook for path: '/Users/x/code/musicdoubao/dist/吸气声弱化工具.app/Contents/Frameworks/xml/parsers'
PyInstaller: hook succeeded
PyiFrozenFinder(/Users/x/code/musicdoubao/dist/吸气声弱化工具.app/Contents/Frameworks/xml/parsers): find_spec: called with fullname='xml.parsers.expat', target='xml.parsers.expat'
PyiFrozenFinder(/Users/x/code/musicdoubao/dist/吸气声弱化工具.app/Contents/Frameworks/xml/parsers): find_spec: 'xml.parsers.expat' not found in PYZ...
PyiFrozenFinder(/Users/x/code/musicdoubao/dist/吸气声弱化工具.app/Contents/Frameworks/xml/parsers): find_spec: attempting resolve using fallback finder FileFinder('/Users/x/code/musicdoubao/dist/吸气声弱化工具.app/Contents/Frameworks/xml/parsers').
PyiFrozenFinder(/Users/x/code/musicdoubao/dist/吸气声弱化工具.app/Contents/Frameworks/xml/parsers): find_spec: fallback finder returned spec: ModuleSpec(name='xml.parsers.expat', loader=<_frozen_importlib_external.SourcelessFileLoader object at 0x10ffab770>, origin='/Users/x/code/musicdoubao/dist/吸气声弱化工具.app/Contents/Frameworks/xml/parsers/expat.pyc').
# code object from '/Users/x/code/musicdoubao/dist/吸气声弱化工具.app/Contents/Frameworks/xml/parsers/expat.pyc'
# extension module 'pyexpat' loaded from '/Users/x/code/musicdoubao/dist/吸气声弱化工具.app/Contents/Frameworks/python3.14/lib-dynload/pyexpat.cpython-314-darwin.so'
# extension module 'pyexpat' executed from '/Users/x/code/musicdoubao/dist/吸气声弱化工具.app/Contents/Frameworks/python3.14/lib-dynload/pyexpat.cpython-314-darwin.so'
import 'pyexpat' # <_frozen_importlib_external.ExtensionFileLoader object at 0x1100043b0>
import 'xml.parsers.expat' # <_frozen_importlib_external.SourcelessFileLoader object at 0x10ffab770>
import 'plistlib' # <_frozen_importlib_external.SourcelessFileLoader object at 0x10ffaa630>
PyiFrozenFinder(/Users/x/code/musicdoubao/dist/吸气声弱化工具.app/Contents/Frameworks/matplotlib): find_spec: called with fullname='matplotlib._afm', target='matplotlib._afm'
PyiFrozenFinder(/Users/x/code/musicdoubao/dist/吸气声弱化工具.app/Contents/Frameworks/matplotlib): find_spec: 'matplotlib._afm' not found in PYZ...
PyiFrozenFinder(/Users/x/code/musicdoubao/dist/吸气声弱化工具.app/Contents/Frameworks/matplotlib): find_spec: attempting resolve using fallback finder FileFinder('/Users/x/code/musicdoubao/dist/吸气声弱化工具.app/Contents/Frameworks/matplotlib').
PyiFrozenFinder(/Users/x/code/musicdoubao/dist/吸气声弱化工具.app/Contents/Frameworks/matplotlib): find_spec: fallback finder returned spec: ModuleSpec(name='matplotlib._afm', loader=<_frozen_importlib_external.SourcelessFileLoader object at 0x10ffabef0>, origin='/Users/x/code/musicdoubao/dist/吸气声弱化工具.app/Contents/Frameworks/matplotlib/_afm.pyc').
# code object from '/Users/x/code/musicdoubao/dist/吸气声弱化工具.app/Contents/Frameworks/matplotlib/_afm.pyc'
PyiFrozenFinder(/Users/x/code/musicdoubao/dist/吸气声弱化工具.app/Contents/Frameworks/matplotlib): find_spec: called with fullname='matplotlib._mathtext_data', target='matplotlib._mathtext_data'
PyiFrozenFinder(/Users/x/code/musicdoubao/dist/吸气声弱化工具.app/Contents/Frameworks/matplotlib): find_spec: 'matplotlib._mathtext_data' not found in PYZ...
PyiFrozenFinder(/Users/x/code/musicdoubao/dist/吸气声弱化工具.app/Contents/Frameworks/matplotlib): find_spec: attempting resolve using fallback finder FileFinder('/Users/x/code/musicdoubao/dist/吸气声弱化工具.app/Contents/Frameworks/matplotlib').
PyiFrozenFinder(/Users/x/code/musicdoubao/dist/吸气声弱化工具.app/Contents/Frameworks/matplotlib): find_spec: fallback finder returned spec: ModuleSpec(name='matplotlib._mathtext_data', loader=<_frozen_importlib_external.SourcelessFileLoader object at 0x110005370>, origin='/Users/x/code/musicdoubao/dist/吸气声弱化工具.app/Contents/Frameworks/matplotlib/_mathtext_data.pyc').
# code object from '/Users/x/code/musicdoubao/dist/吸气声弱化工具.app/Contents/Frameworks/matplotlib/_mathtext_data.pyc'
import 'matplotlib._mathtext_data' # <_frozen_importlib_external.SourcelessFileLoader object at 0x110005370>
import 'matplotlib._afm' # <_frozen_importlib_external.SourcelessFileLoader object at 0x10ffabef0>
Matplotlib is building the font cache; this may take a moment.
# code object from '/Users/x/code/musicdoubao/dist/吸气声弱化工具.app/Contents/Frameworks/encodings/utf_16_be.pyc'
import 'encodings.utf_16_be' # <_frozen_importlib_external.SourcelessFileLoader object at 0x1109f6d50>
import 'matplotlib.font_manager' # <_frozen_importlib_external.SourcelessFileLoader object at 0x10ffa9430>
PyiFrozenFinder(/Users/x/code/musicdoubao/dist/吸气声弱化工具.app/Contents/Frameworks/matplotlib): find_spec: called with fullname='matplotlib.patches', target='matplotlib.patches'
PyiFrozenFinder(/Users/x/code/musicdoubao/dist/吸气声弱化工具.app/Contents/Frameworks/matplotlib): find_spec: 'matplotlib.patches' not found in PYZ...
PyiFrozenFinder(/Users/x/code/musicdoubao/dist/吸气声弱化工具.app/Contents/Frameworks/matplotlib): find_spec: attempting resolve using fallback finder FileFinder('/Users/x/code/musicdoubao/dist/吸气声弱化工具.app/Contents/Frameworks/matplotlib').
PyiFrozenFinder(/Users/x/code/musicdoubao/dist/吸气声弱化工具.app/Contents/Frameworks/matplotlib): find_spec: fallback finder returned spec: ModuleSpec(name='matplotlib.patches', loader=<_frozen_importlib_external.SourcelessFileLoader object at 0x1107d6f30>, origin='/Users/x/code/musicdoubao/dist/吸气声弱化工具.app/Contents/Frameworks/matplotlib/patches.pyc').
# code object from '/Users/x/code/musicdoubao/dist/吸气声弱化工具.app/Contents/Frameworks/matplotlib/patches.pyc'
PyiFrozenFinder(/Users/x/code/musicdoubao/dist/吸气声弱化工具.app/Contents/Frameworks/matplotlib): find_spec: called with fullname='matplotlib.hatch', target='matplotlib.hatch'
PyiFrozenFinder(/Users/x/code/musicdoubao/dist/吸气声弱化工具.app/Contents/Frameworks/matplotlib): find_spec: 'matplotlib.hatch' not found in PYZ...
PyiFrozenFinder(/Users/x/code/musicdoubao/dist/吸气声弱化工具.app/Contents/Frameworks/matplotlib): find_spec: attempting resolve using fallback finder FileFinder('/Users/x/code/musicdoubao/dist/吸气声弱化工具.app/Contents/Frameworks/matplotlib').
PyiFrozenFinder(/Users/x/code/musicdoubao/dist/吸气声弱化工具.app/Contents/Frameworks/matplotlib): find_spec: fallback finder returned spec: ModuleSpec(name='matplotlib.hatch', loader=<_frozen_importlib_external.SourcelessFileLoader object at 0x1109f7590>, origin='/Users/x/code/musicdoubao/dist/吸气声弱化工具.app/Contents/Frameworks/matplotlib/hatch.pyc').
# code object from '/Users/x/code/musicdoubao/dist/吸气声弱化工具.app/Contents/Frameworks/matplotlib/hatch.pyc'
import 'matplotlib.hatch' # <_frozen_importlib_external.SourcelessFileLoader object at 0x1109f7590>
PyiFrozenFinder(/Users/x/code/musicdoubao/dist/吸气声弱化工具.app/Contents/Frameworks/matplotlib): find_spec: called with fullname='matplotlib.lines', target='matplotlib.lines'
PyiFrozenFinder(/Users/x/code/musicdoubao/dist/吸气声弱化工具.app/Contents/Frameworks/matplotlib): find_spec: 'matplotlib.lines' not found in PYZ...
PyiFrozenFinder(/Users/x/code/musicdoubao/dist/吸气声弱化工具.app/Contents/Frameworks/matplotlib): find_spec: attempting resolve using fallback finder FileFinder('/Users/x/code/musicdoubao/dist/吸气声弱化工具.app/Contents/Frameworks/matplotlib').
PyiFrozenFinder(/Users/x/code/musicdoubao/dist/吸气声弱化工具.app/Contents/Frameworks/matplotlib): find_spec: fallback finder returned spec: ModuleSpec(name='matplotlib.lines', loader=<_frozen_importlib_external.SourcelessFileLoader object at 0x110a4cfb0>, origin='/Users/x/code/musicdoubao/dist/吸气声弱化工具.app/Contents/Frameworks/matplotlib/lines.pyc').
# code object from '/Users/x/code/musicdoubao/dist/吸气声弱化工具.app/Contents/Frameworks/matplotlib/lines.pyc'
PyiFrozenFinder(/Users/x/code/musicdoubao/dist/吸气声弱化工具.app/Contents/Frameworks/matplotlib): find_spec: called with fullname='matplotlib.markers', target='matplotlib.markers'
PyiFrozenFinder(/Users/x/code/musicdoubao/dist/吸气声弱化工具.app/Contents/Frameworks/matplotlib): find_spec: 'matplotlib.markers' not found in PYZ...
PyiFrozenFinder(/Users/x/code/musicdoubao/dist/吸气声弱化工具.app/Contents/Frameworks/matplotlib): find_spec: attempting resolve using fallback finder FileFinder('/Users/x/code/musicdoubao/dist/吸气声弱化工具.app/Contents/Frameworks/matplotlib').
PyiFrozenFinder(/Users/x/code/musicdoubao/dist/吸气声弱化工具.app/Contents/Frameworks/matplotlib): find_spec: fallback finder returned spec: ModuleSpec(name='matplotlib.markers', loader=<_frozen_importlib_external.SourcelessFileLoader object at 0x110a4e690>, origin='/Users/x/code/musicdoubao/dist/吸气声弱化工具.app/Contents/Frameworks/matplotlib/markers.pyc').
# code object from '/Users/x/code/musicdoubao/dist/吸气声弱化工具.app/Contents/Frameworks/matplotlib/markers.pyc'
import 'matplotlib.markers' # <_frozen_importlib_external.SourcelessFileLoader object at 0x110a4e690>
import 'matplotlib.lines' # <_frozen_importlib_external.SourcelessFileLoader object at 0x110a4cfb0>
import 'matplotlib.patches' # <_frozen_importlib_external.SourcelessFileLoader object at 0x1107d6f30>
PyiFrozenFinder(/Users/x/code/musicdoubao/dist/吸气声弱化工具.app/Contents/Frameworks/matplotlib): find_spec: called with fullname='matplotlib.textpath', target='matplotlib.textpath'
PyiFrozenFinder(/Users/x/code/musicdoubao/dist/吸气声弱化工具.app/Contents/Frameworks/matplotlib): find_spec: 'matplotlib.textpath' not found in PYZ...
PyiFrozenFinder(/Users/x/code/musicdoubao/dist/吸气声弱化工具.app/Contents/Frameworks/matplotlib): find_spec: attempting resolve using fallback finder FileFinder('/Users/x/code/musicdoubao/dist/吸气声弱化工具.app/Contents/Frameworks/matplotlib').
PyiFrozenFinder(/Users/x/code/musicdoubao/dist/吸气声弱化工具.app/Contents/Frameworks/matplotlib): find_spec: fallback finder returned spec: ModuleSpec(name='matplotlib.textpath', loader=<_frozen_importlib_external.SourcelessFileLoader object at 0x1109f7710>, origin='/Users/x/code/musicdoubao/dist/吸气声弱化工具.app/Contents/Frameworks/matplotlib/textpath.pyc').
# code object from '/Users/x/code/musicdoubao/dist/吸气声弱化工具.app/Contents/Frameworks/matplotlib/textpath.pyc'
PyiFrozenFinder(/Users/x/code/musicdoubao/dist/吸气声弱化工具.app/Contents/Frameworks/matplotlib): find_spec: called with fullname='matplotlib._text_helpers', target='matplotlib._text_helpers'
PyiFrozenFinder(/Users/x/code/musicdoubao/dist/吸气声弱化工具.app/Contents/Frameworks/matplotlib): find_spec: 'matplotlib._text_helpers' not found in PYZ...
PyiFrozenFinder(/Users/x/code/musicdoubao/dist/吸气声弱化工具.app/Contents/Frameworks/matplotlib): find_spec: attempting resolve using fallback finder FileFinder('/Users/x/code/musicdoubao/dist/吸气声弱化工具.app/Contents/Frameworks/matplotlib').
PyiFrozenFinder(/Users/x/code/musicdoubao/dist/吸气声弱化工具.app/Contents/Frameworks/matplotlib): find_spec: fallback finder returned spec: ModuleSpec(name='matplotlib._text_helpers', loader=<_frozen_importlib_external.SourcelessFileLoader object at 0x110a7d2b0>, origin='/Users/x/code/musicdoubao/dist/吸气声弱化工具.app/Contents/Frameworks/matplotlib/_text_helpers.pyc').
# code object from '/Users/x/code/musicdoubao/dist/吸气声弱化工具.app/Contents/Frameworks/matplotlib/_text_helpers.pyc'
import 'matplotlib._text_helpers' # <_frozen_importlib_external.SourcelessFileLoader object at 0x110a7d2b0>
PyiFrozenFinder(/Users/x/code/musicdoubao/dist/吸气声弱化工具.app/Contents/Frameworks/matplotlib): find_spec: called with fullname='matplotlib.dviread', target='matplotlib.dviread'
PyiFrozenFinder(/Users/x/code/musicdoubao/dist/吸气声弱化工具.app/Contents/Frameworks/matplotlib): find_spec: 'matplotlib.dviread' not found in PYZ...
PyiFrozenFinder(/Users/x/code/musicdoubao/dist/吸气声弱化工具.app/Contents/Frameworks/matplotlib): find_spec: attempting resolve using fallback finder FileFinder('/Users/x/code/musicdoubao/dist/吸气声弱化工具.app/Contents/Frameworks/matplotlib').
PyiFrozenFinder(/Users/x/code/musicdoubao/dist/吸气声弱化工具.app/Contents/Frameworks/matplotlib): find_spec: fallback finder returned spec: ModuleSpec(name='matplotlib.dviread', loader=<_frozen_importlib_external.SourcelessFileLoader object at 0x110a7d250>, origin='/Users/x/code/musicdoubao/dist/吸气声弱化工具.app/Contents/Frameworks/matplotlib/dviread.pyc').
# code object from '/Users/x/code/musicdoubao/dist/吸气声弱化工具.app/Contents/Frameworks/matplotlib/dviread.pyc'
import 'matplotlib.dviread' # <_frozen_importlib_external.SourcelessFileLoader object at 0x110a7d250>
PyiFrozenFinder(/Users/x/code/musicdoubao/dist/吸气声弱化工具.app/Contents/Frameworks/matplotlib): find_spec: called with fullname='matplotlib.mathtext', target='matplotlib.mathtext'
PyiFrozenFinder(/Users/x/code/musicdoubao/dist/吸气声弱化工具.app/Contents/Frameworks/matplotlib): find_spec: 'matplotlib.mathtext' not found in PYZ...
PyiFrozenFinder(/Users/x/code/musicdoubao/dist/吸气声弱化工具.app/Contents/Frameworks/matplotlib): find_spec: attempting resolve using fallback finder FileFinder('/Users/x/code/musicdoubao/dist/吸气声弱化工具.app/Contents/Frameworks/matplotlib').
PyiFrozenFinder(/Users/x/code/musicdoubao/dist/吸气声弱化工具.app/Contents/Frameworks/matplotlib): find_spec: fallback finder returned spec: ModuleSpec(name='matplotlib.mathtext', loader=<_frozen_importlib_external.SourcelessFileLoader object at 0x110a7dcd0>, origin='/Users/x/code/musicdoubao/dist/吸气声弱化工具.app/Contents/Frameworks/matplotlib/mathtext.pyc').
# code object from '/Users/x/code/musicdoubao/dist/吸气声弱化工具.app/Contents/Frameworks/matplotlib/mathtext.pyc'
PyiFrozenFinder(/Users/x/code/musicdoubao/dist/吸气声弱化工具.app/Contents/Frameworks/matplotlib): find_spec: called with fullname='matplotlib._mathtext', target='matplotlib._mathtext'
PyiFrozenFinder(/Users/x/code/musicdoubao/dist/吸气声弱化工具.app/Contents/Frameworks/matplotlib): find_spec: 'matplotlib._mathtext' not found in PYZ...
PyiFrozenFinder(/Users/x/code/musicdoubao/dist/吸气声弱化工具.app/Contents/Frameworks/matplotlib): find_spec: attempting resolve using fallback finder FileFinder('/Users/x/code/musicdoubao/dist/吸气声弱化工具.app/Contents/Frameworks/matplotlib').
PyiFrozenFinder(/Users/x/code/musicdoubao/dist/吸气声弱化工具.app/Contents/Frameworks/matplotlib): find_spec: fallback finder returned spec: ModuleSpec(name='matplotlib._mathtext', loader=<_frozen_importlib_external.SourcelessFileLoader object at 0x110a7e930>, origin='/Users/x/code/musicdoubao/dist/吸气声弱化工具.app/Contents/Frameworks/matplotlib/_mathtext.pyc').
# code object from '/Users/x/code/musicdoubao/dist/吸气声弱化工具.app/Contents/Frameworks/matplotlib/_mathtext.pyc'
# extension module 'unicodedata' loaded from '/Users/x/code/musicdoubao/dist/吸气声弱化工具.app/Contents/Frameworks/python3.14/lib-dynload/unicodedata.cpython-314-darwin.so'
# extension module 'unicodedata' executed from '/Users/x/code/musicdoubao/dist/吸气声弱化工具.app/Contents/Frameworks/python3.14/lib-dynload/unicodedata.cpython-314-darwin.so'
import 'unicodedata' # <_frozen_importlib_external.ExtensionFileLoader object at 0x110a7ecf0>
import 'matplotlib._mathtext' # <_frozen_importlib_external.SourcelessFileLoader object at 0x110a7e930>
import 'matplotlib.mathtext' # <_frozen_importlib_external.SourcelessFileLoader object at 0x110a7dcd0>
PyiFrozenFinder(/Users/x/code/musicdoubao/dist/吸气声弱化工具.app/Contents/Frameworks/matplotlib): find_spec: called with fullname='matplotlib.texmanager', target='matplotlib.texmanager'
PyiFrozenFinder(/Users/x/code/musicdoubao/dist/吸气声弱化工具.app/Contents/Frameworks/matplotlib): find_spec: 'matplotlib.texmanager' not found in PYZ...
PyiFrozenFinder(/Users/x/code/musicdoubao/dist/吸气声弱化工具.app/Contents/Frameworks/matplotlib): find_spec: attempting resolve using fallback finder FileFinder('/Users/x/code/musicdoubao/dist/吸气声弱化工具.app/Contents/Frameworks/matplotlib').
PyiFrozenFinder(/Users/x/code/musicdoubao/dist/吸气声弱化工具.app/Contents/Frameworks/matplotlib): find_spec: fallback finder returned spec: ModuleSpec(name='matplotlib.texmanager', loader=<_frozen_importlib_external.SourcelessFileLoader object at 0x110a7df70>, origin='/Users/x/code/musicdoubao/dist/吸气声弱化工具.app/Contents/Frameworks/matplotlib/texmanager.pyc').
# code object from '/Users/x/code/musicdoubao/dist/吸气声弱化工具.app/Contents/Frameworks/matplotlib/texmanager.pyc'
import 'matplotlib.texmanager' # <_frozen_importlib_external.SourcelessFileLoader object at 0x110a7df70>
import 'matplotlib.textpath' # <_frozen_importlib_external.SourcelessFileLoader object at 0x1109f7710>
import 'matplotlib.text' # <_frozen_importlib_external.SourcelessFileLoader object at 0x10ff622d0>
PyiFrozenFinder(/Users/x/code/musicdoubao/dist/吸气声弱化工具.app/Contents/Frameworks/matplotlib): find_spec: called with fullname='matplotlib._tight_bbox', target='matplotlib._tight_bbox'
PyiFrozenFinder(/Users/x/code/musicdoubao/dist/吸气声弱化工具.app/Contents/Frameworks/matplotlib): find_spec: 'matplotlib._tight_bbox' not found in PYZ...
PyiFrozenFinder(/Users/x/code/musicdoubao/dist/吸气声弱化工具.app/Contents/Frameworks/matplotlib): find_spec: attempting resolve using fallback finder FileFinder('/Users/x/code/musicdoubao/dist/吸气声弱化工具.app/Contents/Frameworks/matplotlib').
PyiFrozenFinder(/Users/x/code/musicdoubao/dist/吸气声弱化工具.app/Contents/Frameworks/matplotlib): find_spec: fallback finder returned spec: ModuleSpec(name='matplotlib._tight_bbox', loader=<_frozen_importlib_external.SourcelessFileLoader object at 0x10ff616d0>, origin='/Users/x/code/musicdoubao/dist/吸气声弱化工具.app/Contents/Frameworks/matplotlib/_tight_bbox.pyc').
# code object from '/Users/x/code/musicdoubao/dist/吸气声弱化工具.app/Contents/Frameworks/matplotlib/_tight_bbox.pyc'
import 'matplotlib._tight_bbox' # <_frozen_importlib_external.SourcelessFileLoader object at 0x10ff616d0>
PyiFrozenFinder(/Users/x/code/musicdoubao/dist/吸气声弱化工具.app/Contents/Frameworks/matplotlib): find_spec: called with fullname='matplotlib.widgets', target='matplotlib.widgets'
PyiFrozenFinder(/Users/x/code/musicdoubao/dist/吸气声弱化工具.app/Contents/Frameworks/matplotlib): find_spec: 'matplotlib.widgets' not found in PYZ...
PyiFrozenFinder(/Users/x/code/musicdoubao/dist/吸气声弱化工具.app/Contents/Frameworks/matplotlib): find_spec: attempting resolve using fallback finder FileFinder('/Users/x/code/musicdoubao/dist/吸气声弱化工具.app/Contents/Frameworks/matplotlib').
PyiFrozenFinder(/Users/x/code/musicdoubao/dist/吸气声弱化工具.app/Contents/Frameworks/matplotlib): find_spec: fallback finder returned spec: ModuleSpec(name='matplotlib.widgets', loader=<_frozen_importlib_external.SourcelessFileLoader object at 0x110a4d970>, origin='/Users/x/code/musicdoubao/dist/吸气声弱化工具.app/Contents/Frameworks/matplotlib/widgets.pyc').
# code object from '/Users/x/code/musicdoubao/dist/吸气声弱化工具.app/Contents/Frameworks/matplotlib/widgets.pyc'
PyiFrozenFinder(/Users/x/code/musicdoubao/dist/吸气声弱化工具.app/Contents/Frameworks/matplotlib): find_spec: called with fullname='matplotlib.collections', target='matplotlib.collections'
PyiFrozenFinder(/Users/x/code/musicdoubao/dist/吸气声弱化工具.app/Contents/Frameworks/matplotlib): find_spec: 'matplotlib.collections' not found in PYZ...
PyiFrozenFinder(/Users/x/code/musicdoubao/dist/吸气声弱化工具.app/Contents/Frameworks/matplotlib): find_spec: attempting resolve using fallback finder FileFinder('/Users/x/code/musicdoubao/dist/吸气声弱化工具.app/Contents/Frameworks/matplotlib').
PyiFrozenFinder(/Users/x/code/musicdoubao/dist/吸气声弱化工具.app/Contents/Frameworks/matplotlib): find_spec: fallback finder returned spec: ModuleSpec(name='matplotlib.collections', loader=<_frozen_importlib_external.SourcelessFileLoader object at 0x110afb470>, origin='/Users/x/code/musicdoubao/dist/吸气声弱化工具.app/Contents/Frameworks/matplotlib/collections.pyc').
# code object from '/Users/x/code/musicdoubao/dist/吸气声弱化工具.app/Contents/Frameworks/matplotlib/collections.pyc'
import 'matplotlib.collections' # <_frozen_importlib_external.SourcelessFileLoader object at 0x110afb470>
import 'matplotlib.widgets' # <_frozen_importlib_external.SourcelessFileLoader object at 0x110a4d970>
PyiFrozenFinder(/Users/x/code/musicdoubao/dist/吸气声弱化工具.app/Contents/Frameworks/matplotlib): find_spec: called with fullname='matplotlib.backend_managers', target='matplotlib.backend_managers'
PyiFrozenFinder(/Users/x/code/musicdoubao/dist/吸气声弱化工具.app/Contents/Frameworks/matplotlib): find_spec: 'matplotlib.backend_managers' not found in PYZ...
PyiFrozenFinder(/Users/x/code/musicdoubao/dist/吸气声弱化工具.app/Contents/Frameworks/matplotlib): find_spec: attempting resolve using fallback finder FileFinder('/Users/x/code/musicdoubao/dist/吸气声弱化工具.app/Contents/Frameworks/matplotlib').
PyiFrozenFinder(/Users/x/code/musicdoubao/dist/吸气声弱化工具.app/Contents/Frameworks/matplotlib): find_spec: fallback finder returned spec: ModuleSpec(name='matplotlib.backend_managers', loader=<_frozen_importlib_external.SourcelessFileLoader object at 0x110afb2f0>, origin='/Users/x/code/musicdoubao/dist/吸气声弱化工具.app/Contents/Frameworks/matplotlib/backend_managers.pyc').
# code object from '/Users/x/code/musicdoubao/dist/吸气声弱化工具.app/Contents/Frameworks/matplotlib/backend_managers.pyc'
import 'matplotlib.backend_managers' # <_frozen_importlib_external.SourcelessFileLoader object at 0x110afb2f0>
PyiFrozenFinder(/Users/x/code/musicdoubao/dist/吸气声弱化工具.app/Contents/Frameworks/matplotlib): find_spec: called with fullname='matplotlib.layout_engine', target='matplotlib.layout_engine'
PyiFrozenFinder(/Users/x/code/musicdoubao/dist/吸气声弱化工具.app/Contents/Frameworks/matplotlib): find_spec: 'matplotlib.layout_engine' not found in PYZ...
PyiFrozenFinder(/Users/x/code/musicdoubao/dist/吸气声弱化工具.app/Contents/Frameworks/matplotlib): find_spec: attempting resolve using fallback finder FileFinder('/Users/x/code/musicdoubao/dist/吸气声弱化工具.app/Contents/Frameworks/matplotlib').
PyiFrozenFinder(/Users/x/code/musicdoubao/dist/吸气声弱化工具.app/Contents/Frameworks/matplotlib): find_spec: fallback finder returned spec: ModuleSpec(name='matplotlib.layout_engine', loader=<_frozen_importlib_external.SourcelessFileLoader object at 0x110b69d30>, origin='/Users/x/code/musicdoubao/dist/吸气声弱化工具.app/Contents/Frameworks/matplotlib/layout_engine.pyc').
# code object from '/Users/x/code/musicdoubao/dist/吸气声弱化工具.app/Contents/Frameworks/matplotlib/layout_engine.pyc'
PyiFrozenFinder(/Users/x/code/musicdoubao/dist/吸气声弱化工具.app/Contents/Frameworks/matplotlib): find_spec: called with fullname='matplotlib._constrained_layout', target='matplotlib._constrained_layout'
PyiFrozenFinder(/Users/x/code/musicdoubao/dist/吸气声弱化工具.app/Contents/Frameworks/matplotlib): find_spec: 'matplotlib._constrained_layout' not found in PYZ...
PyiFrozenFinder(/Users/x/code/musicdoubao/dist/吸气声弱化工具.app/Contents/Frameworks/matplotlib): find_spec: attempting resolve using fallback finder FileFinder('/Users/x/code/musicdoubao/dist/吸气声弱化工具.app/Contents/Frameworks/matplotlib').
PyiFrozenFinder(/Users/x/code/musicdoubao/dist/吸气声弱化工具.app/Contents/Frameworks/matplotlib): find_spec: fallback finder returned spec: ModuleSpec(name='matplotlib._constrained_layout', loader=<_frozen_importlib_external.SourcelessFileLoader object at 0x110ba4470>, origin='/Users/x/code/musicdoubao/dist/吸气声弱化工具.app/Contents/Frameworks/matplotlib/_constrained_layout.pyc').
# code object from '/Users/x/code/musicdoubao/dist/吸气声弱化工具.app/Contents/Frameworks/matplotlib/_constrained_layout.pyc'
PyiFrozenFinder(/Users/x/code/musicdoubao/dist/吸气声弱化工具.app/Contents/Frameworks/matplotlib): find_spec: called with fullname='matplotlib._layoutgrid', target='matplotlib._layoutgrid'
PyiFrozenFinder(/Users/x/code/musicdoubao/dist/吸气声弱化工具.app/Contents/Frameworks/matplotlib): find_spec: 'matplotlib._layoutgrid' not found in PYZ...
PyiFrozenFinder(/Users/x/code/musicdoubao/dist/吸气声弱化工具.app/Contents/Frameworks/matplotlib): find_spec: attempting resolve using fallback finder FileFinder('/Users/x/code/musicdoubao/dist/吸气声弱化工具.app/Contents/Frameworks/matplotlib').
PyiFrozenFinder(/Users/x/code/musicdoubao/dist/吸气声弱化工具.app/Contents/Frameworks/matplotlib): find_spec: fallback finder returned spec: ModuleSpec(name='matplotlib._layoutgrid', loader=<_frozen_importlib_external.SourcelessFileLoader object at 0x110ba50d0>, origin='/Users/x/code/musicdoubao/dist/吸气声弱化工具.app/Contents/Frameworks/matplotlib/_layoutgrid.pyc').
# code object from '/Users/x/code/musicdoubao/dist/吸气声弱化工具.app/Contents/Frameworks/matplotlib/_layoutgrid.pyc'
import 'matplotlib._layoutgrid' # <_frozen_importlib_external.SourcelessFileLoader object at 0x110ba50d0>
import 'matplotlib._constrained_layout' # <_frozen_importlib_external.SourcelessFileLoader object at 0x110ba4470>
PyiFrozenFinder(/Users/x/code/musicdoubao/dist/吸气声弱化工具.app/Contents/Frameworks/matplotlib): find_spec: called with fullname='matplotlib._tight_layout', target='matplotlib._tight_layout'
PyiFrozenFinder(/Users/x/code/musicdoubao/dist/吸气声弱化工具.app/Contents/Frameworks/matplotlib): find_spec: 'matplotlib._tight_layout' not found in PYZ...
PyiFrozenFinder(/Users/x/code/musicdoubao/dist/吸气声弱化工具.app/Contents/Frameworks/matplotlib): find_spec: attempting resolve using fallback finder FileFinder('/Users/x/code/musicdoubao/dist/吸气声弱化工具.app/Contents/Frameworks/matplotlib').
PyiFrozenFinder(/Users/x/code/musicdoubao/dist/吸气声弱化工具.app/Contents/Frameworks/matplotlib): find_spec: fallback finder returned spec: ModuleSpec(name='matplotlib._tight_layout', loader=<_frozen_importlib_external.SourcelessFileLoader object at 0x110ba5070>, origin='/Users/x/code/musicdoubao/dist/吸气声弱化工具.app/Contents/Frameworks/matplotlib/_tight_layout.pyc').
# code object from '/Users/x/code/musicdoubao/dist/吸气声弱化工具.app/Contents/Frameworks/matplotlib/_tight_layout.pyc'
import 'matplotlib._tight_layout' # <_frozen_importlib_external.SourcelessFileLoader object at 0x110ba5070>
import 'matplotlib.layout_engine' # <_frozen_importlib_external.SourcelessFileLoader object at 0x110b69d30>
import 'matplotlib.backend_bases' # <_frozen_importlib_external.SourcelessFileLoader object at 0x10ff615b0>
PyiFrozenFinder(/Users/x/code/musicdoubao/dist/吸气声弱化工具.app/Contents/Frameworks/matplotlib/backends): find_spec: called with fullname='matplotlib.backends._tkagg', target='matplotlib.backends._tkagg'
PyiFrozenFinder(/Users/x/code/musicdoubao/dist/吸气声弱化工具.app/Contents/Frameworks/matplotlib/backends): find_spec: 'matplotlib.backends._tkagg' not found in PYZ...
PyiFrozenFinder(/Users/x/code/musicdoubao/dist/吸气声弱化工具.app/Contents/Frameworks/matplotlib/backends): find_spec: attempting resolve using fallback finder FileFinder('/Users/x/code/musicdoubao/dist/吸气声弱化工具.app/Contents/Frameworks/matplotlib/backends').
PyiFrozenFinder(/Users/x/code/musicdoubao/dist/吸气声弱化工具.app/Contents/Frameworks/matplotlib/backends): find_spec: fallback finder returned spec: ModuleSpec(name='matplotlib.backends._tkagg', loader=<_frozen_importlib_external.ExtensionFileLoader object at 0x10ff63590>, origin='/Users/x/code/musicdoubao/dist/吸气声弱化工具.app/Contents/Frameworks/matplotlib/backends/_tkagg.cpython-314-darwin.so').
# extension module 'matplotlib.backends._tkagg' loaded from '/Users/x/code/musicdoubao/dist/吸气声弱化工具.app/Contents/Frameworks/matplotlib/backends/_tkagg.cpython-314-darwin.so'
# extension module 'matplotlib.backends._tkagg' executed from '/Users/x/code/musicdoubao/dist/吸气声弱化工具.app/Contents/Frameworks/matplotlib/backends/_tkagg.cpython-314-darwin.so'
import 'matplotlib.backends._tkagg' # <_frozen_importlib_external.ExtensionFileLoader object at 0x10ff63590>
import 'matplotlib.backends._backend_tk' # <_frozen_importlib_external.SourcelessFileLoader object at 0x109af9f10>
PyiFrozenFinder(/Users/x/code/musicdoubao/dist/吸气声弱化工具.app/Contents/Frameworks/matplotlib/backends): find_spec: called with fullname='matplotlib.backends.backend_agg', target='matplotlib.backends.backend_agg'
PyiFrozenFinder(/Users/x/code/musicdoubao/dist/吸气声弱化工具.app/Contents/Frameworks/matplotlib/backends): find_spec: 'matplotlib.backends.backend_agg' not found in PYZ...
PyiFrozenFinder(/Users/x/code/musicdoubao/dist/吸气声弱化工具.app/Contents/Frameworks/matplotlib/backends): find_spec: attempting resolve using fallback finder FileFinder('/Users/x/code/musicdoubao/dist/吸气声弱化工具.app/Contents/Frameworks/matplotlib/backends').
PyiFrozenFinder(/Users/x/code/musicdoubao/dist/吸气声弱化工具.app/Contents/Frameworks/matplotlib/backends): find_spec: fallback finder returned spec: ModuleSpec(name='matplotlib.backends.backend_agg', loader=<_frozen_importlib_external.SourcelessFileLoader object at 0x10fef6a50>, origin='/Users/x/code/musicdoubao/dist/吸气声弱化工具.app/Contents/Frameworks/matplotlib/backends/backend_agg.pyc').
# code object from '/Users/x/code/musicdoubao/dist/吸气声弱化工具.app/Contents/Frameworks/matplotlib/backends/backend_agg.pyc'
PyiFrozenFinder(/Users/x/code/musicdoubao/dist/吸气声弱化工具.app/Contents/Frameworks/matplotlib/backends): find_spec: called with fullname='matplotlib.backends._backend_agg', target='matplotlib.backends._backend_agg'
PyiFrozenFinder(/Users/x/code/musicdoubao/dist/吸气声弱化工具.app/Contents/Frameworks/matplotlib/backends): find_spec: 'matplotlib.backends._backend_agg' not found in PYZ...
PyiFrozenFinder(/Users/x/code/musicdoubao/dist/吸气声弱化工具.app/Contents/Frameworks/matplotlib/backends): find_spec: attempting resolve using fallback finder FileFinder('/Users/x/code/musicdoubao/dist/吸气声弱化工具.app/Contents/Frameworks/matplotlib/backends').
PyiFrozenFinder(/Users/x/code/musicdoubao/dist/吸气声弱化工具.app/Contents/Frameworks/matplotlib/backends): find_spec: fallback finder returned spec: ModuleSpec(name='matplotlib.backends._backend_agg', loader=<_frozen_importlib_external.ExtensionFileLoader object at 0x110ba5af0>, origin='/Users/x/code/musicdoubao/dist/吸气声弱化工具.app/Contents/Frameworks/matplotlib/backends/_backend_agg.cpython-314-darwin.so').
# extension module 'matplotlib.backends._backend_agg' loaded from '/Users/x/code/musicdoubao/dist/吸气声弱化工具.app/Contents/Frameworks/matplotlib/backends/_backend_agg.cpython-314-darwin.so'
# extension module 'matplotlib.backends._backend_agg' executed from '/Users/x/code/musicdoubao/dist/吸气声弱化工具.app/Contents/Frameworks/matplotlib/backends/_backend_agg.cpython-314-darwin.so'
import 'matplotlib.backends._backend_agg' # <_frozen_importlib_external.ExtensionFileLoader object at 0x110ba5af0>
import 'matplotlib.backends.backend_agg' # <_frozen_importlib_external.SourcelessFileLoader object at 0x10fef6a50>
import 'matplotlib.backends.backend_tkagg' # <_frozen_importlib_external.SourcelessFileLoader object at 0x109afa210>
PyiFrozenFinder(/Users/x/code/musicdoubao/dist/吸气声弱化工具.app/Contents/Frameworks/matplotlib): find_spec: called with fullname='matplotlib.figure', target='matplotlib.figure'
PyiFrozenFinder(/Users/x/code/musicdoubao/dist/吸气声弱化工具.app/Contents/Frameworks/matplotlib): find_spec: 'matplotlib.figure' not found in PYZ...
PyiFrozenFinder(/Users/x/code/musicdoubao/dist/吸气声弱化工具.app/Contents/Frameworks/matplotlib): find_spec: attempting resolve using fallback finder FileFinder('/Users/x/code/musicdoubao/dist/吸气声弱化工具.app/Contents/Frameworks/matplotlib').
PyiFrozenFinder(/Users/x/code/musicdoubao/dist/吸气声弱化工具.app/Contents/Frameworks/matplotlib): find_spec: fallback finder returned spec: ModuleSpec(name='matplotlib.figure', loader=<_frozen_importlib_external.SourcelessFileLoader object at 0x109af9c70>, origin='/Users/x/code/musicdoubao/dist/吸气声弱化工具.app/Contents/Frameworks/matplotlib/figure.pyc').
# code object from '/Users/x/code/musicdoubao/dist/吸气声弱化工具.app/Contents/Frameworks/matplotlib/figure.pyc'
PyiFrozenFinder(/Users/x/code/musicdoubao/dist/吸气声弱化工具.app/Contents/Frameworks/matplotlib): find_spec: called with fullname='matplotlib._blocking_input', target='matplotlib._blocking_input'
PyiFrozenFinder(/Users/x/code/musicdoubao/dist/吸气声弱化工具.app/Contents/Frameworks/matplotlib): find_spec: 'matplotlib._blocking_input' not found in PYZ...
PyiFrozenFinder(/Users/x/code/musicdoubao/dist/吸气声弱化工具.app/Contents/Frameworks/matplotlib): find_spec: attempting resolve using fallback finder FileFinder('/Users/x/code/musicdoubao/dist/吸气声弱化工具.app/Contents/Frameworks/matplotlib').
PyiFrozenFinder(/Users/x/code/musicdoubao/dist/吸气声弱化工具.app/Contents/Frameworks/matplotlib): find_spec: fallback finder returned spec: ModuleSpec(name='matplotlib._blocking_input', loader=<_frozen_importlib_external.SourcelessFileLoader object at 0x110ba61b0>, origin='/Users/x/code/musicdoubao/dist/吸气声弱化工具.app/Contents/Frameworks/matplotlib/_blocking_input.pyc').
# code object from '/Users/x/code/musicdoubao/dist/吸气声弱化工具.app/Contents/Frameworks/matplotlib/_blocking_input.pyc'
import 'matplotlib._blocking_input' # <_frozen_importlib_external.SourcelessFileLoader object at 0x110ba61b0>
PyiFrozenFinder(/Users/x/code/musicdoubao/dist/吸气声弱化工具.app/Contents/Frameworks/matplotlib): find_spec: called with fullname='matplotlib.projections', target='matplotlib.projections'
PyiFrozenFinder(/Users/x/code/musicdoubao/dist/吸气声弱化工具.app/Contents/Frameworks/matplotlib): find_spec: 'matplotlib.projections' not found in PYZ...
PyiFrozenFinder(/Users/x/code/musicdoubao/dist/吸气声弱化工具.app/Contents/Frameworks/matplotlib): find_spec: attempting resolve using fallback finder FileFinder('/Users/x/code/musicdoubao/dist/吸气声弱化工具.app/Contents/Frameworks/matplotlib').
PyiFrozenFinder(/Users/x/code/musicdoubao/dist/吸气声弱化工具.app/Contents/Frameworks/matplotlib): find_spec: fallback finder returned spec: ModuleSpec(name='matplotlib.projections', loader=<_frozen_importlib_external.SourcelessFileLoader object at 0x110ba6270>, origin='/Users/x/code/musicdoubao/dist/吸气声弱化工具.app/Contents/Frameworks/matplotlib/projections/__init__.pyc', submodule_search_locations=['/Users/x/code/musicdoubao/dist/吸气声弱化工具.app/Contents/Frameworks/matplotlib/projections']).
# code object from '/Users/x/code/musicdoubao/dist/吸气声弱化工具.app/Contents/Frameworks/matplotlib/projections/__init__.pyc'
PyiFrozenFinder(/Users/x/code/musicdoubao/dist/吸气声弱化工具.app/Contents/Frameworks/matplotlib): find_spec: called with fullname='matplotlib.axes', target='matplotlib.axes'
PyiFrozenFinder(/Users/x/code/musicdoubao/dist/吸气声弱化工具.app/Contents/Frameworks/matplotlib): find_spec: 'matplotlib.axes' not found in PYZ...
PyiFrozenFinder(/Users/x/code/musicdoubao/dist/吸气声弱化工具.app/Contents/Frameworks/matplotlib): find_spec: attempting resolve using fallback finder FileFinder('/Users/x/code/musicdoubao/dist/吸气声弱化工具.app/Contents/Frameworks/matplotlib').
PyiFrozenFinder(/Users/x/code/musicdoubao/dist/吸气声弱化工具.app/Contents/Frameworks/matplotlib): find_spec: fallback finder returned spec: ModuleSpec(name='matplotlib.axes', loader=<_frozen_importlib_external.SourcelessFileLoader object at 0x110ba6390>, origin='/Users/x/code/musicdoubao/dist/吸气声弱化工具.app/Contents/Frameworks/matplotlib/axes/__init__.pyc', submodule_search_locations=['/Users/x/code/musicdoubao/dist/吸气声弱化工具.app/Contents/Frameworks/matplotlib/axes']).
# code object from '/Users/x/code/musicdoubao/dist/吸气声弱化工具.app/Contents/Frameworks/matplotlib/axes/__init__.pyc'
PyInstaller: running path finder hook for path: '/Users/x/code/musicdoubao/dist/吸气声弱化工具.app/Contents/Frameworks/matplotlib/axes'
PyInstaller: hook succeeded
PyiFrozenFinder(/Users/x/code/musicdoubao/dist/吸气声弱化工具.app/Contents/Frameworks/matplotlib/axes): find_spec: called with fullname='matplotlib.axes._base', target='matplotlib.axes._base'
PyiFrozenFinder(/Users/x/code/musicdoubao/dist/吸气声弱化工具.app/Contents/Frameworks/matplotlib/axes): find_spec: 'matplotlib.axes._base' not found in PYZ...
PyiFrozenFinder(/Users/x/code/musicdoubao/dist/吸气声弱化工具.app/Contents/Frameworks/matplotlib/axes): find_spec: attempting resolve using fallback finder FileFinder('/Users/x/code/musicdoubao/dist/吸气声弱化工具.app/Contents/Frameworks/matplotlib/axes').
PyiFrozenFinder(/Users/x/code/musicdoubao/dist/吸气声弱化工具.app/Contents/Frameworks/matplotlib/axes): find_spec: fallback finder returned spec: ModuleSpec(name='matplotlib.axes._base', loader=<_frozen_importlib_external.SourcelessFileLoader object at 0x110ba7110>, origin='/Users/x/code/musicdoubao/dist/吸气声弱化工具.app/Contents/Frameworks/matplotlib/axes/_base.pyc').
# code object from '/Users/x/code/musicdoubao/dist/吸气声弱化工具.app/Contents/Frameworks/matplotlib/axes/_base.pyc'
PyiFrozenFinder(/Users/x/code/musicdoubao/dist/吸气声弱化工具.app/Contents/Frameworks/matplotlib): find_spec: called with fullname='matplotlib.offsetbox', target='matplotlib.offsetbox'
PyiFrozenFinder(/Users/x/code/musicdoubao/dist/吸气声弱化工具.app/Contents/Frameworks/matplotlib): find_spec: 'matplotlib.offsetbox' not found in PYZ...
PyiFrozenFinder(/Users/x/code/musicdoubao/dist/吸气声弱化工具.app/Contents/Frameworks/matplotlib): find_spec: attempting resolve using fallback finder FileFinder('/Users/x/code/musicdoubao/dist/吸气声弱化工具.app/Contents/Frameworks/matplotlib').
PyiFrozenFinder(/Users/x/code/musicdoubao/dist/吸气声弱化工具.app/Contents/Frameworks/matplotlib): find_spec: fallback finder returned spec: ModuleSpec(name='matplotlib.offsetbox', loader=<_frozen_importlib_external.SourcelessFileLoader object at 0x110ba7710>, origin='/Users/x/code/musicdoubao/dist/吸气声弱化工具.app/Contents/Frameworks/matplotlib/offsetbox.pyc').
# code object from '/Users/x/code/musicdoubao/dist/吸气声弱化工具.app/Contents/Frameworks/matplotlib/offsetbox.pyc'
PyiFrozenFinder(/Users/x/code/musicdoubao/dist/吸气声弱化工具.app/Contents/Frameworks/matplotlib): find_spec: called with fullname='matplotlib.image', target='matplotlib.image'
PyiFrozenFinder(/Users/x/code/musicdoubao/dist/吸气声弱化工具.app/Contents/Frameworks/matplotlib): find_spec: 'matplotlib.image' not found in PYZ...
PyiFrozenFinder(/Users/x/code/musicdoubao/dist/吸气声弱化工具.app/Contents/Frameworks/matplotlib): find_spec: attempting resolve using fallback finder FileFinder('/Users/x/code/musicdoubao/dist/吸气声弱化工具.app/Contents/Frameworks/matplotlib').
PyiFrozenFinder(/Users/x/code/musicdoubao/dist/吸气声弱化工具.app/Contents/Frameworks/matplotlib): find_spec: fallback finder returned spec: ModuleSpec(name='matplotlib.image', loader=<_frozen_importlib_external.SourcelessFileLoader object at 0x110e44dd0>, origin='/Users/x/code/musicdoubao/dist/吸气声弱化工具.app/Contents/Frameworks/matplotlib/image.pyc').
# code object from '/Users/x/code/musicdoubao/dist/吸气声弱化工具.app/Contents/Frameworks/matplotlib/image.pyc'
import 'matplotlib.image' # <_frozen_importlib_external.SourcelessFileLoader object at 0x110e44dd0>
import 'matplotlib.offsetbox' # <_frozen_importlib_external.SourcelessFileLoader object at 0x110ba7710>
PyiFrozenFinder(/Users/x/code/musicdoubao/dist/吸气声弱化工具.app/Contents/Frameworks/matplotlib): find_spec: called with fullname='matplotlib.axis', target='matplotlib.axis'
PyiFrozenFinder(/Users/x/code/musicdoubao/dist/吸气声弱化工具.app/Contents/Frameworks/matplotlib): find_spec: 'matplotlib.axis' not found in PYZ...
PyiFrozenFinder(/Users/x/code/musicdoubao/dist/吸气声弱化工具.app/Contents/Frameworks/matplotlib): find_spec: attempting resolve using fallback finder FileFinder('/Users/x/code/musicdoubao/dist/吸气声弱化工具.app/Contents/Frameworks/matplotlib').
PyiFrozenFinder(/Users/x/code/musicdoubao/dist/吸气声弱化工具.app/Contents/Frameworks/matplotlib): find_spec: fallback finder returned spec: ModuleSpec(name='matplotlib.axis', loader=<_frozen_importlib_external.SourcelessFileLoader object at 0x110e47410>, origin='/Users/x/code/musicdoubao/dist/吸气声弱化工具.app/Contents/Frameworks/matplotlib/axis.pyc').
# code object from '/Users/x/code/musicdoubao/dist/吸气声弱化工具.app/Contents/Frameworks/matplotlib/axis.pyc'
PyiFrozenFinder(/Users/x/code/musicdoubao/dist/吸气声弱化工具.app/Contents/Frameworks/matplotlib): find_spec: called with fullname='matplotlib.units', target='matplotlib.units'
PyiFrozenFinder(/Users/x/code/musicdoubao/dist/吸气声弱化工具.app/Contents/Frameworks/matplotlib): find_spec: 'matplotlib.units' not found in PYZ...
PyiFrozenFinder(/Users/x/code/musicdoubao/dist/吸气声弱化工具.app/Contents/Frameworks/matplotlib): find_spec: attempting resolve using fallback finder FileFinder('/Users/x/code/musicdoubao/dist/吸气声弱化工具.app/Contents/Frameworks/matplotlib').
PyiFrozenFinder(/Users/x/code/musicdoubao/dist/吸气声弱化工具.app/Contents/Frameworks/matplotlib): find_spec: fallback finder returned spec: ModuleSpec(name='matplotlib.units', loader=<_frozen_importlib_external.SourcelessFileLoader object at 0x110e81730>, origin='/Users/x/code/musicdoubao/dist/吸气声弱化工具.app/Contents/Frameworks/matplotlib/units.pyc').
# code object from '/Users/x/code/musicdoubao/dist/吸气声弱化工具.app/Contents/Frameworks/matplotlib/units.pyc'
PyiFrozenFinder(/Users/x/code/musicdoubao/dist/吸气声弱化工具.app/Contents/Frameworks): find_spec: called with fullname='decimal', target='decimal'
PyiFrozenFinder(/Users/x/code/musicdoubao/dist/吸气声弱化工具.app/Contents/Frameworks): find_spec: 'decimal' not found in PYZ...
PyiFrozenFinder(/Users/x/code/musicdoubao/dist/吸气声弱化工具.app/Contents/Frameworks): find_spec: attempting resolve using fallback finder FileFinder('/Users/x/code/musicdoubao/dist/吸气声弱化工具.app/Contents/Frameworks').
PyiFrozenFinder(/Users/x/code/musicdoubao/dist/吸气声弱化工具.app/Contents/Frameworks): find_spec: fallback finder returned spec: ModuleSpec(name='decimal', loader=<_frozen_importlib_external.SourcelessFileLoader object at 0x110e83a70>, origin='/Users/x/code/musicdoubao/dist/吸气声弱化工具.app/Contents/Frameworks/decimal.pyc').
# code object from '/Users/x/code/musicdoubao/dist/吸气声弱化工具.app/Contents/Frameworks/decimal.pyc'
# extension module '_decimal' loaded from '/Users/x/code/musicdoubao/dist/吸气声弱化工具.app/Contents/Frameworks/python3.14/lib-dynload/_decimal.cpython-314-darwin.so'
# extension module '_decimal' executed from '/Users/x/code/musicdoubao/dist/吸气声弱化工具.app/Contents/Frameworks/python3.14/lib-dynload/_decimal.cpython-314-darwin.so'
import '_decimal' # <_frozen_importlib_external.ExtensionFileLoader object at 0x110e83b90>
import 'decimal' # <_frozen_importlib_external.SourcelessFileLoader object at 0x110e83a70>
import 'matplotlib.units' # <_frozen_importlib_external.SourcelessFileLoader object at 0x110e81730>
import 'matplotlib.axis' # <_frozen_importlib_external.SourcelessFileLoader object at 0x110e47410>
PyiFrozenFinder(/Users/x/code/musicdoubao/dist/吸气声弱化工具.app/Contents/Frameworks/matplotlib): find_spec: called with fullname='matplotlib.gridspec', target='matplotlib.gridspec'
PyiFrozenFinder(/Users/x/code/musicdoubao/dist/吸气声弱化工具.app/Contents/Frameworks/matplotlib): find_spec: 'matplotlib.gridspec' not found in PYZ...
PyiFrozenFinder(/Users/x/code/musicdoubao/dist/吸气声弱化工具.app/Contents/Frameworks/matplotlib): find_spec: attempting resolve using fallback finder FileFinder('/Users/x/code/musicdoubao/dist/吸气声弱化工具.app/Contents/Frameworks/matplotlib').
PyiFrozenFinder(/Users/x/code/musicdoubao/dist/吸气声弱化工具.app/Contents/Frameworks/matplotlib): find_spec: fallback finder returned spec: ModuleSpec(name='matplotlib.gridspec', loader=<_frozen_importlib_external.SourcelessFileLoader object at 0x110e81610>, origin='/Users/x/code/musicdoubao/dist/吸气声弱化工具.app/Contents/Frameworks/matplotlib/gridspec.pyc').
# code object from '/Users/x/code/musicdoubao/dist/吸气声弱化工具.app/Contents/Frameworks/matplotlib/gridspec.pyc'
import 'matplotlib.gridspec' # <_frozen_importlib_external.SourcelessFileLoader object at 0x110e81610>
PyiFrozenFinder(/Users/x/code/musicdoubao/dist/吸气声弱化工具.app/Contents/Frameworks/matplotlib): find_spec: called with fullname='matplotlib.spines', target='matplotlib.spines'
PyiFrozenFinder(/Users/x/code/musicdoubao/dist/吸气声弱化工具.app/Contents/Frameworks/matplotlib): find_spec: 'matplotlib.spines' not found in PYZ...
PyiFrozenFinder(/Users/x/code/musicdoubao/dist/吸气声弱化工具.app/Contents/Frameworks/matplotlib): find_spec: attempting resolve using fallback finder FileFinder('/Users/x/code/musicdoubao/dist/吸气声弱化工具.app/Contents/Frameworks/matplotlib').
PyiFrozenFinder(/Users/x/code/musicdoubao/dist/吸气声弱化工具.app/Contents/Frameworks/matplotlib): find_spec: fallback finder returned spec: ModuleSpec(name='matplotlib.spines', loader=<_frozen_importlib_external.SourcelessFileLoader object at 0x110e83fb0>, origin='/Users/x/code/musicdoubao/dist/吸气声弱化工具.app/Contents/Frameworks/matplotlib/spines.pyc').
# code object from '/Users/x/code/musicdoubao/dist/吸气声弱化工具.app/Contents/Frameworks/matplotlib/spines.pyc'
import 'matplotlib.spines' # <_frozen_importlib_external.SourcelessFileLoader object at 0x110e83fb0>
PyiFrozenFinder(/Users/x/code/musicdoubao/dist/吸气声弱化工具.app/Contents/Frameworks/matplotlib): find_spec: called with fullname='matplotlib.table', target='matplotlib.table'
PyiFrozenFinder(/Users/x/code/musicdoubao/dist/吸气声弱化工具.app/Contents/Frameworks/matplotlib): find_spec: 'matplotlib.table' not found in PYZ...
PyiFrozenFinder(/Users/x/code/musicdoubao/dist/吸气声弱化工具.app/Contents/Frameworks/matplotlib): find_spec: attempting resolve using fallback finder FileFinder('/Users/x/code/musicdoubao/dist/吸气声弱化工具.app/Contents/Frameworks/matplotlib').
PyiFrozenFinder(/Users/x/code/musicdoubao/dist/吸气声弱化工具.app/Contents/Frameworks/matplotlib): find_spec: fallback finder returned spec: ModuleSpec(name='matplotlib.table', loader=<_frozen_importlib_external.SourcelessFileLoader object at 0x110f21010>, origin='/Users/x/code/musicdoubao/dist/吸气声弱化工具.app/Contents/Frameworks/matplotlib/table.pyc').
# code object from '/Users/x/code/musicdoubao/dist/吸气声弱化工具.app/Contents/Frameworks/matplotlib/table.pyc'
import 'matplotlib.table' # <_frozen_importlib_external.SourcelessFileLoader object at 0x110f21010>
import 'matplotlib.axes._base' # <_frozen_importlib_external.SourcelessFileLoader object at 0x110ba7110>
PyiFrozenFinder(/Users/x/code/musicdoubao/dist/吸气声弱化工具.app/Contents/Frameworks/matplotlib/axes): find_spec: called with fullname='matplotlib.axes._axes', target='matplotlib.axes._axes'
PyiFrozenFinder(/Users/x/code/musicdoubao/dist/吸气声弱化工具.app/Contents/Frameworks/matplotlib/axes): find_spec: 'matplotlib.axes._axes' not found in PYZ...
PyiFrozenFinder(/Users/x/code/musicdoubao/dist/吸气声弱化工具.app/Contents/Frameworks/matplotlib/axes): find_spec: attempting resolve using fallback finder FileFinder('/Users/x/code/musicdoubao/dist/吸气声弱化工具.app/Contents/Frameworks/matplotlib/axes').
PyiFrozenFinder(/Users/x/code/musicdoubao/dist/吸气声弱化工具.app/Contents/Frameworks/matplotlib/axes): find_spec: fallback finder returned spec: ModuleSpec(name='matplotlib.axes._axes', loader=<_frozen_importlib_external.SourcelessFileLoader object at 0x110ba70b0>, origin='/Users/x/code/musicdoubao/dist/吸气声弱化工具.app/Contents/Frameworks/matplotlib/axes/_axes.pyc').
# code object from '/Users/x/code/musicdoubao/dist/吸气声弱化工具.app/Contents/Frameworks/matplotlib/axes/_axes.pyc'
PyiFrozenFinder(/Users/x/code/musicdoubao/dist/吸气声弱化工具.app/Contents/Frameworks/matplotlib): find_spec: called with fullname='matplotlib.category', target='matplotlib.category'
PyiFrozenFinder(/Users/x/code/musicdoubao/dist/吸气声弱化工具.app/Contents/Frameworks/matplotlib): find_spec: 'matplotlib.category' not found in PYZ...
PyiFrozenFinder(/Users/x/code/musicdoubao/dist/吸气声弱化工具.app/Contents/Frameworks/matplotlib): find_spec: attempting resolve using fallback finder FileFinder('/Users/x/code/musicdoubao/dist/吸气声弱化工具.app/Contents/Frameworks/matplotlib').
PyiFrozenFinder(/Users/x/code/musicdoubao/dist/吸气声弱化工具.app/Contents/Frameworks/matplotlib): find_spec: fallback finder returned spec: ModuleSpec(name='matplotlib.category', loader=<_frozen_importlib_external.SourcelessFileLoader object at 0x110f22f90>, origin='/Users/x/code/musicdoubao/dist/吸气声弱化工具.app/Contents/Frameworks/matplotlib/category.pyc').
# code object from '/Users/x/code/musicdoubao/dist/吸气声弱化工具.app/Contents/Frameworks/matplotlib/category.pyc'
PyiFrozenFinder(/Users/x/code/musicdoubao/dist/吸气声弱化工具.app/Contents/Frameworks/dateutil): find_spec: called with fullname='dateutil.parser', target='dateutil.parser'
PyiFrozenFinder(/Users/x/code/musicdoubao/dist/吸气声弱化工具.app/Contents/Frameworks/dateutil): find_spec: 'dateutil.parser' not found in PYZ...
PyiFrozenFinder(/Users/x/code/musicdoubao/dist/吸气声弱化工具.app/Contents/Frameworks/dateutil): find_spec: attempting resolve using fallback finder FileFinder('/Users/x/code/musicdoubao/dist/吸气声弱化工具.app/Contents/Frameworks/dateutil').
PyiFrozenFinder(/Users/x/code/musicdoubao/dist/吸气声弱化工具.app/Contents/Frameworks/dateutil): find_spec: fallback finder returned spec: ModuleSpec(name='dateutil.parser', loader=<_frozen_importlib_external.SourcelessFileLoader object at 0x110f78470>, origin='/Users/x/code/musicdoubao/dist/吸气声弱化工具.app/Contents/Frameworks/dateutil/parser/__init__.pyc', submodule_search_locations=['/Users/x/code/musicdoubao/dist/吸气声弱化工具.app/Contents/Frameworks/dateutil/parser']).
# code object from '/Users/x/code/musicdoubao/dist/吸气声弱化工具.app/Contents/Frameworks/dateutil/parser/__init__.pyc'
PyInstaller: running path finder hook for path: '/Users/x/code/musicdoubao/dist/吸气声弱化工具.app/Contents/Frameworks/dateutil/parser'
PyInstaller: hook succeeded
PyiFrozenFinder(/Users/x/code/musicdoubao/dist/吸气声弱化工具.app/Contents/Frameworks/dateutil/parser): find_spec: called with fullname='dateutil.parser._parser', target='dateutil.parser._parser'
PyiFrozenFinder(/Users/x/code/musicdoubao/dist/吸气声弱化工具.app/Contents/Frameworks/dateutil/parser): find_spec: 'dateutil.parser._parser' not found in PYZ...
PyiFrozenFinder(/Users/x/code/musicdoubao/dist/吸气声弱化工具.app/Contents/Frameworks/dateutil/parser): find_spec: attempting resolve using fallback finder FileFinder('/Users/x/code/musicdoubao/dist/吸气声弱化工具.app/Contents/Frameworks/dateutil/parser').
PyiFrozenFinder(/Users/x/code/musicdoubao/dist/吸气声弱化工具.app/Contents/Frameworks/dateutil/parser): find_spec: fallback finder returned spec: ModuleSpec(name='dateutil.parser._parser', loader=<_frozen_importlib_external.SourcelessFileLoader object at 0x110f78ad0>, origin='/Users/x/code/musicdoubao/dist/吸气声弱化工具.app/Contents/Frameworks/dateutil/parser/_parser.pyc').
# code object from '/Users/x/code/musicdoubao/dist/吸气声弱化工具.app/Contents/Frameworks/dateutil/parser/_parser.pyc'
PyiFrozenFinder(/Users/x/code/musicdoubao/dist/吸气声弱化工具.app/Contents/Frameworks): find_spec: called with fullname='calendar', target='calendar'
PyiFrozenFinder(/Users/x/code/musicdoubao/dist/吸气声弱化工具.app/Contents/Frameworks): find_spec: 'calendar' not found in PYZ...
PyiFrozenFinder(/Users/x/code/musicdoubao/dist/吸气声弱化工具.app/Contents/Frameworks): find_spec: attempting resolve using fallback finder FileFinder('/Users/x/code/musicdoubao/dist/吸气声弱化工具.app/Contents/Frameworks').
PyiFrozenFinder(/Users/x/code/musicdoubao/dist/吸气声弱化工具.app/Contents/Frameworks): find_spec: fallback finder returned spec: ModuleSpec(name='calendar', loader=<_frozen_importlib_external.SourcelessFileLoader object at 0x110f78d10>, origin='/Users/x/code/musicdoubao/dist/吸气声弱化工具.app/Contents/Frameworks/calendar.pyc').
# code object from '/Users/x/code/musicdoubao/dist/吸气声弱化工具.app/Contents/Frameworks/calendar.pyc'
import 'calendar' # <_frozen_importlib_external.SourcelessFileLoader object at 0x110f78d10>
PyiFrozenFinder(/Users/x/code/musicdoubao/dist/吸气声弱化工具.app/Contents/Frameworks): find_spec: called with fullname='six', target='six'
PyiFrozenFinder(/Users/x/code/musicdoubao/dist/吸气声弱化工具.app/Contents/Frameworks): find_spec: 'six' not found in PYZ...
PyiFrozenFinder(/Users/x/code/musicdoubao/dist/吸气声弱化工具.app/Contents/Frameworks): find_spec: attempting resolve using fallback finder FileFinder('/Users/x/code/musicdoubao/dist/吸气声弱化工具.app/Contents/Frameworks').
PyiFrozenFinder(/Users/x/code/musicdoubao/dist/吸气声弱化工具.app/Contents/Frameworks): find_spec: fallback finder returned spec: ModuleSpec(name='six', loader=<_frozen_importlib_external.SourcelessFileLoader object at 0x110f79b50>, origin='/Users/x/code/musicdoubao/dist/吸气声弱化工具.app/Contents/Frameworks/six.pyc').
# code object from '/Users/x/code/musicdoubao/dist/吸气声弱化工具.app/Contents/Frameworks/six.pyc'
import 'six' # <_frozen_importlib_external.SourcelessFileLoader object at 0x110f79b50>
PyiFrozenFinder(/Users/x/code/musicdoubao/dist/吸气声弱化工具.app/Contents/Frameworks/dateutil): find_spec: called with fullname='dateutil.relativedelta', target='dateutil.relativedelta'
PyiFrozenFinder(/Users/x/code/musicdoubao/dist/吸气声弱化工具.app/Contents/Frameworks/dateutil): find_spec: 'dateutil.relativedelta' not found in PYZ...
PyiFrozenFinder(/Users/x/code/musicdoubao/dist/吸气声弱化工具.app/Contents/Frameworks/dateutil): find_spec: attempting resolve using fallback finder FileFinder('/Users/x/code/musicdoubao/dist/吸气声弱化工具.app/Contents/Frameworks/dateutil').
PyiFrozenFinder(/Users/x/code/musicdoubao/dist/吸气声弱化工具.app/Contents/Frameworks/dateutil): find_spec: fallback finder returned spec: ModuleSpec(name='dateutil.relativedelta', loader=<_frozen_importlib_external.SourcelessFileLoader object at 0x110fbcfb0>, origin='/Users/x/code/musicdoubao/dist/吸气声弱化工具.app/Contents/Frameworks/dateutil/relativedelta.pyc').
# code object from '/Users/x/code/musicdoubao/dist/吸气声弱化工具.app/Contents/Frameworks/dateutil/relativedelta.pyc'
PyiFrozenFinder(/Users/x/code/musicdoubao/dist/吸气声弱化工具.app/Contents/Frameworks/dateutil): find_spec: called with fullname='dateutil._common', target='dateutil._common'
PyiFrozenFinder(/Users/x/code/musicdoubao/dist/吸气声弱化工具.app/Contents/Frameworks/dateutil): find_spec: 'dateutil._common' not found in PYZ...
PyiFrozenFinder(/Users/x/code/musicdoubao/dist/吸气声弱化工具.app/Contents/Frameworks/dateutil): find_spec: attempting resolve using fallback finder FileFinder('/Users/x/code/musicdoubao/dist/吸气声弱化工具.app/Contents/Frameworks/dateutil').
PyiFrozenFinder(/Users/x/code/musicdoubao/dist/吸气声弱化工具.app/Contents/Frameworks/dateutil): find_spec: fallback finder returned spec: ModuleSpec(name='dateutil._common', loader=<_frozen_importlib_external.SourcelessFileLoader object at 0x110fbe990>, origin='/Users/x/code/musicdoubao/dist/吸气声弱化工具.app/Contents/Frameworks/dateutil/_common.pyc').
# code object from '/Users/x/code/musicdoubao/dist/吸气声弱化工具.app/Contents/Frameworks/dateutil/_common.pyc'
import 'dateutil._common' # <_frozen_importlib_external.SourcelessFileLoader object at 0x110fbe990>
import 'dateutil.relativedelta' # <_frozen_importlib_external.SourcelessFileLoader object at 0x110fbcfb0>
PyiFrozenFinder(/Users/x/code/musicdoubao/dist/吸气声弱化工具.app/Contents/Frameworks/dateutil): find_spec: called with fullname='dateutil.tz', target='dateutil.tz'
PyiFrozenFinder(/Users/x/code/musicdoubao/dist/吸气声弱化工具.app/Contents/Frameworks/dateutil): find_spec: 'dateutil.tz' not found in PYZ...
PyiFrozenFinder(/Users/x/code/musicdoubao/dist/吸气声弱化工具.app/Contents/Frameworks/dateutil): find_spec: attempting resolve using fallback finder FileFinder('/Users/x/code/musicdoubao/dist/吸气声弱化工具.app/Contents/Frameworks/dateutil').
PyiFrozenFinder(/Users/x/code/musicdoubao/dist/吸气声弱化工具.app/Contents/Frameworks/dateutil): find_spec: fallback finder returned spec: ModuleSpec(name='dateutil.tz', loader=<_frozen_importlib_external.SourcelessFileLoader object at 0x110fbc950>, origin='/Users/x/code/musicdoubao/dist/吸气声弱化工具.app/Contents/Frameworks/dateutil/tz/__init__.pyc', submodule_search_locations=['/Users/x/code/musicdoubao/dist/吸气声弱化工具.app/Contents/Frameworks/dateutil/tz']).
# code object from '/Users/x/code/musicdoubao/dist/吸气声弱化工具.app/Contents/Frameworks/dateutil/tz/__init__.pyc'
PyInstaller: running path finder hook for path: '/Users/x/code/musicdoubao/dist/吸气声弱化工具.app/Contents/Frameworks/dateutil/tz'
PyInstaller: hook succeeded
PyiFrozenFinder(/Users/x/code/musicdoubao/dist/吸气声弱化工具.app/Contents/Frameworks/dateutil/tz): find_spec: called with fullname='dateutil.tz.tz', target='dateutil.tz.tz'
PyiFrozenFinder(/Users/x/code/musicdoubao/dist/吸气声弱化工具.app/Contents/Frameworks/dateutil/tz): find_spec: 'dateutil.tz.tz' not found in PYZ...
PyiFrozenFinder(/Users/x/code/musicdoubao/dist/吸气声弱化工具.app/Contents/Frameworks/dateutil/tz): find_spec: attempting resolve using fallback finder FileFinder('/Users/x/code/musicdoubao/dist/吸气声弱化工具.app/Contents/Frameworks/dateutil/tz').
PyiFrozenFinder(/Users/x/code/musicdoubao/dist/吸气声弱化工具.app/Contents/Frameworks/dateutil/tz): find_spec: fallback finder returned spec: ModuleSpec(name='dateutil.tz.tz', loader=<_frozen_importlib_external.SourcelessFileLoader object at 0x110fbeab0>, origin='/Users/x/code/musicdoubao/dist/吸气声弱化工具.app/Contents/Frameworks/dateutil/tz/tz.pyc').
# code object from '/Users/x/code/musicdoubao/dist/吸气声弱化工具.app/Contents/Frameworks/dateutil/tz/tz.pyc'
import 'six.moves' # <six._SixMetaPathImporter object at 0x110f0aba0>
PyiFrozenFinder(/Users/x/code/musicdoubao/dist/吸气声弱化工具.app/Contents/Frameworks/dateutil/tz): find_spec: called with fullname='dateutil.tz._common', target='dateutil.tz._common'
PyiFrozenFinder(/Users/x/code/musicdoubao/dist/吸气声弱化工具.app/Contents/Frameworks/dateutil/tz): find_spec: 'dateutil.tz._common' not found in PYZ...
PyiFrozenFinder(/Users/x/code/musicdoubao/dist/吸气声弱化工具.app/Contents/Frameworks/dateutil/tz): find_spec: attempting resolve using fallback finder FileFinder('/Users/x/code/musicdoubao/dist/吸气声弱化工具.app/Contents/Frameworks/dateutil/tz').
PyiFrozenFinder(/Users/x/code/musicdoubao/dist/吸气声弱化工具.app/Contents/Frameworks/dateutil/tz): find_spec: fallback finder returned spec: ModuleSpec(name='dateutil.tz._common', loader=<_frozen_importlib_external.SourcelessFileLoader object at 0x110fbec90>, origin='/Users/x/code/musicdoubao/dist/吸气声弱化工具.app/Contents/Frameworks/dateutil/tz/_common.pyc').
# code object from '/Users/x/code/musicdoubao/dist/吸气声弱化工具.app/Contents/Frameworks/dateutil/tz/_common.pyc'
import 'dateutil.tz._common' # <_frozen_importlib_external.SourcelessFileLoader object at 0x110fbec90>
PyiFrozenFinder(/Users/x/code/musicdoubao/dist/吸气声弱化工具.app/Contents/Frameworks/dateutil/tz): find_spec: called with fullname='dateutil.tz._factories', target='dateutil.tz._factories'
PyiFrozenFinder(/Users/x/code/musicdoubao/dist/吸气声弱化工具.app/Contents/Frameworks/dateutil/tz): find_spec: 'dateutil.tz._factories' not found in PYZ...
PyiFrozenFinder(/Users/x/code/musicdoubao/dist/吸气声弱化工具.app/Contents/Frameworks/dateutil/tz): find_spec: attempting resolve using fallback finder FileFinder('/Users/x/code/musicdoubao/dist/吸气声弱化工具.app/Contents/Frameworks/dateutil/tz').
PyiFrozenFinder(/Users/x/code/musicdoubao/dist/吸气声弱化工具.app/Contents/Frameworks/dateutil/tz): find_spec: fallback finder returned spec: ModuleSpec(name='dateutil.tz._factories', loader=<_frozen_importlib_external.SourcelessFileLoader object at 0x110fbed50>, origin='/Users/x/code/musicdoubao/dist/吸气声弱化工具.app/Contents/Frameworks/dateutil/tz/_factories.pyc').
# code object from '/Users/x/code/musicdoubao/dist/吸气声弱化工具.app/Contents/Frameworks/dateutil/tz/_factories.pyc'
import 'dateutil.tz._factories' # <_frozen_importlib_external.SourcelessFileLoader object at 0x110fbed50>
PyiFrozenFinder(/Users/x/code/musicdoubao/dist/吸气声弱化工具.app/Contents/Frameworks/dateutil/tz): find_spec: called with fullname='dateutil.tz.win', target='dateutil.tz.win'
PyiFrozenFinder(/Users/x/code/musicdoubao/dist/吸气声弱化工具.app/Contents/Frameworks/dateutil/tz): find_spec: 'dateutil.tz.win' not found in PYZ...
PyiFrozenFinder(/Users/x/code/musicdoubao/dist/吸气声弱化工具.app/Contents/Frameworks/dateutil/tz): find_spec: attempting resolve using fallback finder FileFinder('/Users/x/code/musicdoubao/dist/吸气声弱化工具.app/Contents/Frameworks/dateutil/tz').
PyiFrozenFinder(/Users/x/code/musicdoubao/dist/吸气声弱化工具.app/Contents/Frameworks/dateutil/tz): find_spec: fallback finder returned spec: ModuleSpec(name='dateutil.tz.win', loader=<_frozen_importlib_external.SourcelessFileLoader object at 0x110fbfc50>, origin='/Users/x/code/musicdoubao/dist/吸气声弱化工具.app/Contents/Frameworks/dateutil/tz/win.pyc').
# code object from '/Users/x/code/musicdoubao/dist/吸气声弱化工具.app/Contents/Frameworks/dateutil/tz/win.pyc'
# destroy dateutil.tz.win
import 'dateutil.tz.tz' # <_frozen_importlib_external.SourcelessFileLoader object at 0x110fbeab0>
import 'dateutil.tz' # <_frozen_importlib_external.SourcelessFileLoader object at 0x110fbc950>
import 'dateutil.parser._parser' # <_frozen_importlib_external.SourcelessFileLoader object at 0x110f78ad0>
PyiFrozenFinder(/Users/x/code/musicdoubao/dist/吸气声弱化工具.app/Contents/Frameworks/dateutil/parser): find_spec: called with fullname='dateutil.parser.isoparser', target='dateutil.parser.isoparser'
PyiFrozenFinder(/Users/x/code/musicdoubao/dist/吸气声弱化工具.app/Contents/Frameworks/dateutil/parser): find_spec: 'dateutil.parser.isoparser' not found in PYZ...
PyiFrozenFinder(/Users/x/code/musicdoubao/dist/吸气声弱化工具.app/Contents/Frameworks/dateutil/parser): find_spec: attempting resolve using fallback finder FileFinder('/Users/x/code/musicdoubao/dist/吸气声弱化工具.app/Contents/Frameworks/dateutil/parser').
PyiFrozenFinder(/Users/x/code/musicdoubao/dist/吸气声弱化工具.app/Contents/Frameworks/dateutil/parser): find_spec: fallback finder returned spec: ModuleSpec(name='dateutil.parser.isoparser', loader=<_frozen_importlib_external.SourcelessFileLoader object at 0x110fbecf0>, origin='/Users/x/code/musicdoubao/dist/吸气声弱化工具.app/Contents/Frameworks/dateutil/parser/isoparser.pyc').
# code object from '/Users/x/code/musicdoubao/dist/吸气声弱化工具.app/Contents/Frameworks/dateutil/parser/isoparser.pyc'
import 'dateutil.parser.isoparser' # <_frozen_importlib_external.SourcelessFileLoader object at 0x110fbecf0>
import 'dateutil.parser' # <_frozen_importlib_external.SourcelessFileLoader object at 0x110f78470>
import 'matplotlib.category' # <_frozen_importlib_external.SourcelessFileLoader object at 0x110f22f90>
PyiFrozenFinder(/Users/x/code/musicdoubao/dist/吸气声弱化工具.app/Contents/Frameworks/matplotlib): find_spec: called with fullname='matplotlib.contour', target='matplotlib.contour'
PyiFrozenFinder(/Users/x/code/musicdoubao/dist/吸气声弱化工具.app/Contents/Frameworks/matplotlib): find_spec: 'matplotlib.contour' not found in PYZ...
PyiFrozenFinder(/Users/x/code/musicdoubao/dist/吸气声弱化工具.app/Contents/Frameworks/matplotlib): find_spec: attempting resolve using fallback finder FileFinder('/Users/x/code/musicdoubao/dist/吸气声弱化工具.app/Contents/Frameworks/matplotlib').
PyiFrozenFinder(/Users/x/code/musicdoubao/dist/吸气声弱化工具.app/Contents/Frameworks/matplotlib): find_spec: fallback finder returned spec: ModuleSpec(name='matplotlib.contour', loader=<_frozen_importlib_external.SourcelessFileLoader object at 0x110f78350>, origin='/Users/x/code/musicdoubao/dist/吸气声弱化工具.app/Contents/Frameworks/matplotlib/contour.pyc').
# code object from '/Users/x/code/musicdoubao/dist/吸气声弱化工具.app/Contents/Frameworks/matplotlib/contour.pyc'
import 'matplotlib.contour' # <_frozen_importlib_external.SourcelessFileLoader object at 0x110f78350>
PyiFrozenFinder(/Users/x/code/musicdoubao/dist/吸气声弱化工具.app/Contents/Frameworks/matplotlib): find_spec: called with fullname='matplotlib.dates', target='matplotlib.dates'
PyiFrozenFinder(/Users/x/code/musicdoubao/dist/吸气声弱化工具.app/Contents/Frameworks/matplotlib): find_spec: 'matplotlib.dates' not found in PYZ...
PyiFrozenFinder(/Users/x/code/musicdoubao/dist/吸气声弱化工具.app/Contents/Frameworks/matplotlib): find_spec: attempting resolve using fallback finder FileFinder('/Users/x/code/musicdoubao/dist/吸气声弱化工具.app/Contents/Frameworks/matplotlib').
PyiFrozenFinder(/Users/x/code/musicdoubao/dist/吸气声弱化工具.app/Contents/Frameworks/matplotlib): find_spec: fallback finder returned spec: ModuleSpec(name='matplotlib.dates', loader=<_frozen_importlib_external.SourcelessFileLoader object at 0x110fe9310>, origin='/Users/x/code/musicdoubao/dist/吸气声弱化工具.app/Contents/Frameworks/matplotlib/dates.pyc').
# code object from '/Users/x/code/musicdoubao/dist/吸气声弱化工具.app/Contents/Frameworks/matplotlib/dates.pyc'
PyiFrozenFinder(/Users/x/code/musicdoubao/dist/吸气声弱化工具.app/Contents/Frameworks/dateutil): find_spec: called with fullname='dateutil.rrule', target='dateutil.rrule'
PyiFrozenFinder(/Users/x/code/musicdoubao/dist/吸气声弱化工具.app/Contents/Frameworks/dateutil): find_spec: 'dateutil.rrule' not found in PYZ...
PyiFrozenFinder(/Users/x/code/musicdoubao/dist/吸气声弱化工具.app/Contents/Frameworks/dateutil): find_spec: attempting resolve using fallback finder FileFinder('/Users/x/code/musicdoubao/dist/吸气声弱化工具.app/Contents/Frameworks/dateutil').
PyiFrozenFinder(/Users/x/code/musicdoubao/dist/吸气声弱化工具.app/Contents/Frameworks/dateutil): find_spec: fallback finder returned spec: ModuleSpec(name='dateutil.rrule', loader=<_frozen_importlib_external.SourcelessFileLoader object at 0x110fe9790>, origin='/Users/x/code/musicdoubao/dist/吸气声弱化工具.app/Contents/Frameworks/dateutil/rrule.pyc').
# code object from '/Users/x/code/musicdoubao/dist/吸气声弱化工具.app/Contents/Frameworks/dateutil/rrule.pyc'
import 'dateutil.rrule' # <_frozen_importlib_external.SourcelessFileLoader object at 0x110fe9790>
import 'matplotlib.dates' # <_frozen_importlib_external.SourcelessFileLoader object at 0x110fe9310>
PyiFrozenFinder(/Users/x/code/musicdoubao/dist/吸气声弱化工具.app/Contents/Frameworks/matplotlib): find_spec: called with fullname='matplotlib.inset', target='matplotlib.inset'
PyiFrozenFinder(/Users/x/code/musicdoubao/dist/吸气声弱化工具.app/Contents/Frameworks/matplotlib): find_spec: 'matplotlib.inset' not found in PYZ...
PyiFrozenFinder(/Users/x/code/musicdoubao/dist/吸气声弱化工具.app/Contents/Frameworks/matplotlib): find_spec: attempting resolve using fallback finder FileFinder('/Users/x/code/musicdoubao/dist/吸气声弱化工具.app/Contents/Frameworks/matplotlib').
PyiFrozenFinder(/Users/x/code/musicdoubao/dist/吸气声弱化工具.app/Contents/Frameworks/matplotlib): find_spec: fallback finder returned spec: ModuleSpec(name='matplotlib.inset', loader=<_frozen_importlib_external.SourcelessFileLoader object at 0x110fe99d0>, origin='/Users/x/code/musicdoubao/dist/吸气声弱化工具.app/Contents/Frameworks/matplotlib/inset.pyc').
# code object from '/Users/x/code/musicdoubao/dist/吸气声弱化工具.app/Contents/Frameworks/matplotlib/inset.pyc'
import 'matplotlib.inset' # <_frozen_importlib_external.SourcelessFileLoader object at 0x110fe99d0>
PyiFrozenFinder(/Users/x/code/musicdoubao/dist/吸气声弱化工具.app/Contents/Frameworks/matplotlib): find_spec: called with fullname='matplotlib.legend', target='matplotlib.legend'
PyiFrozenFinder(/Users/x/code/musicdoubao/dist/吸气声弱化工具.app/Contents/Frameworks/matplotlib): find_spec: 'matplotlib.legend' not found in PYZ...
PyiFrozenFinder(/Users/x/code/musicdoubao/dist/吸气声弱化工具.app/Contents/Frameworks/matplotlib): find_spec: attempting resolve using fallback finder FileFinder('/Users/x/code/musicdoubao/dist/吸气声弱化工具.app/Contents/Frameworks/matplotlib').
PyiFrozenFinder(/Users/x/code/musicdoubao/dist/吸气声弱化工具.app/Contents/Frameworks/matplotlib): find_spec: fallback finder returned spec: ModuleSpec(name='matplotlib.legend', loader=<_frozen_importlib_external.SourcelessFileLoader object at 0x110feba70>, origin='/Users/x/code/musicdoubao/dist/吸气声弱化工具.app/Contents/Frameworks/matplotlib/legend.pyc').
# code object from '/Users/x/code/musicdoubao/dist/吸气声弱化工具.app/Contents/Frameworks/matplotlib/legend.pyc'
PyiFrozenFinder(/Users/x/code/musicdoubao/dist/吸气声弱化工具.app/Contents/Frameworks/matplotlib): find_spec: called with fullname='matplotlib.container', target='matplotlib.container'
PyiFrozenFinder(/Users/x/code/musicdoubao/dist/吸气声弱化工具.app/Contents/Frameworks/matplotlib): find_spec: 'matplotlib.container' not found in PYZ...
PyiFrozenFinder(/Users/x/code/musicdoubao/dist/吸气声弱化工具.app/Contents/Frameworks/matplotlib): find_spec: attempting resolve using fallback finder FileFinder('/Users/x/code/musicdoubao/dist/吸气声弱化工具.app/Contents/Frameworks/matplotlib').
PyiFrozenFinder(/Users/x/code/musicdoubao/dist/吸气声弱化工具.app/Contents/Frameworks/matplotlib): find_spec: fallback finder returned spec: ModuleSpec(name='matplotlib.container', loader=<_frozen_importlib_external.SourcelessFileLoader object at 0x111030cb0>, origin='/Users/x/code/musicdoubao/dist/吸气声弱化工具.app/Contents/Frameworks/matplotlib/container.pyc').
# code object from '/Users/x/code/musicdoubao/dist/吸气声弱化工具.app/Contents/Frameworks/matplotlib/container.pyc'
import 'matplotlib.container' # <_frozen_importlib_external.SourcelessFileLoader object at 0x111030cb0>
PyiFrozenFinder(/Users/x/code/musicdoubao/dist/吸气声弱化工具.app/Contents/Frameworks/matplotlib): find_spec: called with fullname='matplotlib.legend_handler', target='matplotlib.legend_handler'
PyiFrozenFinder(/Users/x/code/musicdoubao/dist/吸气声弱化工具.app/Contents/Frameworks/matplotlib): find_spec: 'matplotlib.legend_handler' not found in PYZ...
PyiFrozenFinder(/Users/x/code/musicdoubao/dist/吸气声弱化工具.app/Contents/Frameworks/matplotlib): find_spec: attempting resolve using fallback finder FileFinder('/Users/x/code/musicdoubao/dist/吸气声弱化工具.app/Contents/Frameworks/matplotlib').
PyiFrozenFinder(/Users/x/code/musicdoubao/dist/吸气声弱化工具.app/Contents/Frameworks/matplotlib): find_spec: fallback finder returned spec: ModuleSpec(name='matplotlib.legend_handler', loader=<_frozen_importlib_external.SourcelessFileLoader object at 0x111031070>, origin='/Users/x/code/musicdoubao/dist/吸气声弱化工具.app/Contents/Frameworks/matplotlib/legend_handler.pyc').
# code object from '/Users/x/code/musicdoubao/dist/吸气声弱化工具.app/Contents/Frameworks/matplotlib/legend_handler.pyc'
import 'matplotlib.legend_handler' # <_frozen_importlib_external.SourcelessFileLoader object at 0x111031070>
import 'matplotlib.legend' # <_frozen_importlib_external.SourcelessFileLoader object at 0x110feba70>
PyiFrozenFinder(/Users/x/code/musicdoubao/dist/吸气声弱化工具.app/Contents/Frameworks/matplotlib): find_spec: called with fullname='matplotlib.mlab', target='matplotlib.mlab'
PyiFrozenFinder(/Users/x/code/musicdoubao/dist/吸气声弱化工具.app/Contents/Frameworks/matplotlib): find_spec: 'matplotlib.mlab' not found in PYZ...
PyiFrozenFinder(/Users/x/code/musicdoubao/dist/吸气声弱化工具.app/Contents/Frameworks/matplotlib): find_spec: attempting resolve using fallback finder FileFinder('/Users/x/code/musicdoubao/dist/吸气声弱化工具.app/Contents/Frameworks/matplotlib').
PyiFrozenFinder(/Users/x/code/musicdoubao/dist/吸气声弱化工具.app/Contents/Frameworks/matplotlib): find_spec: fallback finder returned spec: ModuleSpec(name='matplotlib.mlab', loader=<_frozen_importlib_external.SourcelessFileLoader object at 0x111030170>, origin='/Users/x/code/musicdoubao/dist/吸气声弱化工具.app/Contents/Frameworks/matplotlib/mlab.pyc').
# code object from '/Users/x/code/musicdoubao/dist/吸气声弱化工具.app/Contents/Frameworks/matplotlib/mlab.pyc'
import 'matplotlib.mlab' # <_frozen_importlib_external.SourcelessFileLoader object at 0x111030170>
PyiFrozenFinder(/Users/x/code/musicdoubao/dist/吸气声弱化工具.app/Contents/Frameworks/matplotlib): find_spec: called with fullname='matplotlib.quiver', target='matplotlib.quiver'
PyiFrozenFinder(/Users/x/code/musicdoubao/dist/吸气声弱化工具.app/Contents/Frameworks/matplotlib): find_spec: 'matplotlib.quiver' not found in PYZ...
PyiFrozenFinder(/Users/x/code/musicdoubao/dist/吸气声弱化工具.app/Contents/Frameworks/matplotlib): find_spec: attempting resolve using fallback finder FileFinder('/Users/x/code/musicdoubao/dist/吸气声弱化工具.app/Contents/Frameworks/matplotlib').
PyiFrozenFinder(/Users/x/code/musicdoubao/dist/吸气声弱化工具.app/Contents/Frameworks/matplotlib): find_spec: fallback finder returned spec: ModuleSpec(name='matplotlib.quiver', loader=<_frozen_importlib_external.SourcelessFileLoader object at 0x111032930>, origin='/Users/x/code/musicdoubao/dist/吸气声弱化工具.app/Contents/Frameworks/matplotlib/quiver.pyc').
# code object from '/Users/x/code/musicdoubao/dist/吸气声弱化工具.app/Contents/Frameworks/matplotlib/quiver.pyc'
import 'matplotlib.quiver' # <_frozen_importlib_external.SourcelessFileLoader object at 0x111032930>
PyiFrozenFinder(/Users/x/code/musicdoubao/dist/吸气声弱化工具.app/Contents/Frameworks/matplotlib): find_spec: called with fullname='matplotlib.stackplot', target='matplotlib.stackplot'
PyiFrozenFinder(/Users/x/code/musicdoubao/dist/吸气声弱化工具.app/Contents/Frameworks/matplotlib): find_spec: 'matplotlib.stackplot' not found in PYZ...
PyiFrozenFinder(/Users/x/code/musicdoubao/dist/吸气声弱化工具.app/Contents/Frameworks/matplotlib): find_spec: attempting resolve using fallback finder FileFinder('/Users/x/code/musicdoubao/dist/吸气声弱化工具.app/Contents/Frameworks/matplotlib').
PyiFrozenFinder(/Users/x/code/musicdoubao/dist/吸气声弱化工具.app/Contents/Frameworks/matplotlib): find_spec: fallback finder returned spec: ModuleSpec(name='matplotlib.stackplot', loader=<_frozen_importlib_external.SourcelessFileLoader object at 0x1110330b0>, origin='/Users/x/code/musicdoubao/dist/吸气声弱化工具.app/Contents/Frameworks/matplotlib/stackplot.pyc').
# code object from '/Users/x/code/musicdoubao/dist/吸气声弱化工具.app/Contents/Frameworks/matplotlib/stackplot.pyc'
import 'matplotlib.stackplot' # <_frozen_importlib_external.SourcelessFileLoader object at 0x1110330b0>
PyiFrozenFinder(/Users/x/code/musicdoubao/dist/吸气声弱化工具.app/Contents/Frameworks/matplotlib): find_spec: called with fullname='matplotlib.streamplot', target='matplotlib.streamplot'
PyiFrozenFinder(/Users/x/code/musicdoubao/dist/吸气声弱化工具.app/Contents/Frameworks/matplotlib): find_spec: 'matplotlib.streamplot' not found in PYZ...
PyiFrozenFinder(/Users/x/code/musicdoubao/dist/吸气声弱化工具.app/Contents/Frameworks/matplotlib): find_spec: attempting resolve using fallback finder FileFinder('/Users/x/code/musicdoubao/dist/吸气声弱化工具.app/Contents/Frameworks/matplotlib').
PyiFrozenFinder(/Users/x/code/musicdoubao/dist/吸气声弱化工具.app/Contents/Frameworks/matplotlib): find_spec: fallback finder returned spec: ModuleSpec(name='matplotlib.streamplot', loader=<_frozen_importlib_external.SourcelessFileLoader object at 0x111033050>, origin='/Users/x/code/musicdoubao/dist/吸气声弱化工具.app/Contents/Frameworks/matplotlib/streamplot.pyc').
# code object from '/Users/x/code/musicdoubao/dist/吸气声弱化工具.app/Contents/Frameworks/matplotlib/streamplot.pyc'
import 'matplotlib.streamplot' # <_frozen_importlib_external.SourcelessFileLoader object at 0x111033050>
PyiFrozenFinder(/Users/x/code/musicdoubao/dist/吸气声弱化工具.app/Contents/Frameworks/matplotlib): find_spec: called with fullname='matplotlib.tri', target='matplotlib.tri'
PyiFrozenFinder(/Users/x/code/musicdoubao/dist/吸气声弱化工具.app/Contents/Frameworks/matplotlib): find_spec: 'matplotlib.tri' not found in PYZ...
PyiFrozenFinder(/Users/x/code/musicdoubao/dist/吸气声弱化工具.app/Contents/Frameworks/matplotlib): find_spec: attempting resolve using fallback finder FileFinder('/Users/x/code/musicdoubao/dist/吸气声弱化工具.app/Contents/Frameworks/matplotlib').
PyiFrozenFinder(/Users/x/code/musicdoubao/dist/吸气声弱化工具.app/Contents/Frameworks/matplotlib): find_spec: fallback finder returned spec: ModuleSpec(name='matplotlib.tri', loader=<_frozen_importlib_external.SourcelessFileLoader object at 0x111033410>, origin='/Users/x/code/musicdoubao/dist/吸气声弱化工具.app/Contents/Frameworks/matplotlib/tri/__init__.pyc', submodule_search_locations=['/Users/x/code/musicdoubao/dist/吸气声弱化工具.app/Contents/Frameworks/matplotlib/tri']).
# code object from '/Users/x/code/musicdoubao/dist/吸气声弱化工具.app/Contents/Frameworks/matplotlib/tri/__init__.pyc'
PyInstaller: running path finder hook for path: '/Users/x/code/musicdoubao/dist/吸气声弱化工具.app/Contents/Frameworks/matplotlib/tri'
PyInstaller: hook succeeded
PyiFrozenFinder(/Users/x/code/musicdoubao/dist/吸气声弱化工具.app/Contents/Frameworks/matplotlib/tri): find_spec: called with fullname='matplotlib.tri._triangulation', target='matplotlib.tri._triangulation'
PyiFrozenFinder(/Users/x/code/musicdoubao/dist/吸气声弱化工具.app/Contents/Frameworks/matplotlib/tri): find_spec: 'matplotlib.tri._triangulation' not found in PYZ...
PyiFrozenFinder(/Users/x/code/musicdoubao/dist/吸气声弱化工具.app/Contents/Frameworks/matplotlib/tri): find_spec: attempting resolve using fallback finder FileFinder('/Users/x/code/musicdoubao/dist/吸气声弱化工具.app/Contents/Frameworks/matplotlib/tri').
PyiFrozenFinder(/Users/x/code/musicdoubao/dist/吸气声弱化工具.app/Contents/Frameworks/matplotlib/tri): find_spec: fallback finder returned spec: ModuleSpec(name='matplotlib.tri._triangulation', loader=<_frozen_importlib_external.SourcelessFileLoader object at 0x1110339b0>, origin='/Users/x/code/musicdoubao/dist/吸气声弱化工具.app/Contents/Frameworks/matplotlib/tri/_triangulation.pyc').
# code object from '/Users/x/code/musicdoubao/dist/吸气声弱化工具.app/Contents/Frameworks/matplotlib/tri/_triangulation.pyc'
import 'matplotlib.tri._triangulation' # <_frozen_importlib_external.SourcelessFileLoader object at 0x1110339b0>
PyiFrozenFinder(/Users/x/code/musicdoubao/dist/吸气声弱化工具.app/Contents/Frameworks/matplotlib/tri): find_spec: called with fullname='matplotlib.tri._tricontour', target='matplotlib.tri._tricontour'
PyiFrozenFinder(/Users/x/code/musicdoubao/dist/吸气声弱化工具.app/Contents/Frameworks/matplotlib/tri): find_spec: 'matplotlib.tri._tricontour' not found in PYZ...
PyiFrozenFinder(/Users/x/code/musicdoubao/dist/吸气声弱化工具.app/Contents/Frameworks/matplotlib/tri): find_spec: attempting resolve using fallback finder FileFinder('/Users/x/code/musicdoubao/dist/吸气声弱化工具.app/Contents/Frameworks/matplotlib/tri').
PyiFrozenFinder(/Users/x/code/musicdoubao/dist/吸气声弱化工具.app/Contents/Frameworks/matplotlib/tri): find_spec: fallback finder returned spec: ModuleSpec(name='matplotlib.tri._tricontour', loader=<_frozen_importlib_external.SourcelessFileLoader object at 0x111033a70>, origin='/Users/x/code/musicdoubao/dist/吸气声弱化工具.app/Contents/Frameworks/matplotlib/tri/_tricontour.pyc').
# code object from '/Users/x/code/musicdoubao/dist/吸气声弱化工具.app/Contents/Frameworks/matplotlib/tri/_tricontour.pyc'
import 'matplotlib.tri._tricontour' # <_frozen_importlib_external.SourcelessFileLoader object at 0x111033a70>
PyiFrozenFinder(/Users/x/code/musicdoubao/dist/吸气声弱化工具.app/Contents/Frameworks/matplotlib/tri): find_spec: called with fullname='matplotlib.tri._trifinder', target='matplotlib.tri._trifinder'
PyiFrozenFinder(/Users/x/code/musicdoubao/dist/吸气声弱化工具.app/Contents/Frameworks/matplotlib/tri): find_spec: 'matplotlib.tri._trifinder' not found in PYZ...
PyiFrozenFinder(/Users/x/code/musicdoubao/dist/吸气声弱化工具.app/Contents/Frameworks/matplotlib/tri): find_spec: attempting resolve using fallback finder FileFinder('/Users/x/code/musicdoubao/dist/吸气声弱化工具.app/Contents/Frameworks/matplotlib/tri').
PyiFrozenFinder(/Users/x/code/musicdoubao/dist/吸气声弱化工具.app/Contents/Frameworks/matplotlib/tri): find_spec: fallback finder returned spec: ModuleSpec(name='matplotlib.tri._trifinder', loader=<_frozen_importlib_external.SourcelessFileLoader object at 0x111033ef0>, origin='/Users/x/code/musicdoubao/dist/吸气声弱化工具.app/Contents/Frameworks/matplotlib/tri/_trifinder.pyc').
# code object from '/Users/x/code/musicdoubao/dist/吸气声弱化工具.app/Contents/Frameworks/matplotlib/tri/_trifinder.pyc'
import 'matplotlib.tri._trifinder' # <_frozen_importlib_external.SourcelessFileLoader object at 0x111033ef0>
PyiFrozenFinder(/Users/x/code/musicdoubao/dist/吸气声弱化工具.app/Contents/Frameworks/matplotlib/tri): find_spec: called with fullname='matplotlib.tri._triinterpolate', target='matplotlib.tri._triinterpolate'
PyiFrozenFinder(/Users/x/code/musicdoubao/dist/吸气声弱化工具.app/Contents/Frameworks/matplotlib/tri): find_spec: 'matplotlib.tri._triinterpolate' not found in PYZ...
PyiFrozenFinder(/Users/x/code/musicdoubao/dist/吸气声弱化工具.app/Contents/Frameworks/matplotlib/tri): find_spec: attempting resolve using fallback finder FileFinder('/Users/x/code/musicdoubao/dist/吸气声弱化工具.app/Contents/Frameworks/matplotlib/tri').
PyiFrozenFinder(/Users/x/code/musicdoubao/dist/吸气声弱化工具.app/Contents/Frameworks/matplotlib/tri): find_spec: fallback finder returned spec: ModuleSpec(name='matplotlib.tri._triinterpolate', loader=<_frozen_importlib_external.SourcelessFileLoader object at 0x111033f50>, origin='/Users/x/code/musicdoubao/dist/吸气声弱化工具.app/Contents/Frameworks/matplotlib/tri/_triinterpolate.pyc').
# code object from '/Users/x/code/musicdoubao/dist/吸气声弱化工具.app/Contents/Frameworks/matplotlib/tri/_triinterpolate.pyc'
PyiFrozenFinder(/Users/x/code/musicdoubao/dist/吸气声弱化工具.app/Contents/Frameworks/matplotlib/tri): find_spec: called with fullname='matplotlib.tri._tritools', target='matplotlib.tri._tritools'
PyiFrozenFinder(/Users/x/code/musicdoubao/dist/吸气声弱化工具.app/Contents/Frameworks/matplotlib/tri): find_spec: 'matplotlib.tri._tritools' not found in PYZ...
PyiFrozenFinder(/Users/x/code/musicdoubao/dist/吸气声弱化工具.app/Contents/Frameworks/matplotlib/tri): find_spec: attempting resolve using fallback finder FileFinder('/Users/x/code/musicdoubao/dist/吸气声弱化工具.app/Contents/Frameworks/matplotlib/tri').
PyiFrozenFinder(/Users/x/code/musicdoubao/dist/吸气声弱化工具.app/Contents/Frameworks/matplotlib/tri): find_spec: fallback finder returned spec: ModuleSpec(name='matplotlib.tri._tritools', loader=<_frozen_importlib_external.SourcelessFileLoader object at 0x1110a84d0>, origin='/Users/x/code/musicdoubao/dist/吸气声弱化工具.app/Contents/Frameworks/matplotlib/tri/_tritools.pyc').
# code object from '/Users/x/code/musicdoubao/dist/吸气声弱化工具.app/Contents/Frameworks/matplotlib/tri/_tritools.pyc'
import 'matplotlib.tri._tritools' # <_frozen_importlib_external.SourcelessFileLoader object at 0x1110a84d0>
import 'matplotlib.tri._triinterpolate' # <_frozen_importlib_external.SourcelessFileLoader object at 0x111033f50>
PyiFrozenFinder(/Users/x/code/musicdoubao/dist/吸气声弱化工具.app/Contents/Frameworks/matplotlib/tri): find_spec: called with fullname='matplotlib.tri._tripcolor', target='matplotlib.tri._tripcolor'
PyiFrozenFinder(/Users/x/code/musicdoubao/dist/吸气声弱化工具.app/Contents/Frameworks/matplotlib/tri): find_spec: 'matplotlib.tri._tripcolor' not found in PYZ...
PyiFrozenFinder(/Users/x/code/musicdoubao/dist/吸气声弱化工具.app/Contents/Frameworks/matplotlib/tri): find_spec: attempting resolve using fallback finder FileFinder('/Users/x/code/musicdoubao/dist/吸气声弱化工具.app/Contents/Frameworks/matplotlib/tri').
PyiFrozenFinder(/Users/x/code/musicdoubao/dist/吸气声弱化工具.app/Contents/Frameworks/matplotlib/tri): find_spec: fallback finder returned spec: ModuleSpec(name='matplotlib.tri._tripcolor', loader=<_frozen_importlib_external.SourcelessFileLoader object at 0x1110a81d0>, origin='/Users/x/code/musicdoubao/dist/吸气声弱化工具.app/Contents/Frameworks/matplotlib/tri/_tripcolor.pyc').
# code object from '/Users/x/code/musicdoubao/dist/吸气声弱化工具.app/Contents/Frameworks/matplotlib/tri/_tripcolor.pyc'
import 'matplotlib.tri._tripcolor' # <_frozen_importlib_external.SourcelessFileLoader object at 0x1110a81d0>
PyiFrozenFinder(/Users/x/code/musicdoubao/dist/吸气声弱化工具.app/Contents/Frameworks/matplotlib/tri): find_spec: called with fullname='matplotlib.tri._triplot', target='matplotlib.tri._triplot'
PyiFrozenFinder(/Users/x/code/musicdoubao/dist/吸气声弱化工具.app/Contents/Frameworks/matplotlib/tri): find_spec: 'matplotlib.tri._triplot' not found in PYZ...
PyiFrozenFinder(/Users/x/code/musicdoubao/dist/吸气声弱化工具.app/Contents/Frameworks/matplotlib/tri): find_spec: attempting resolve using fallback finder FileFinder('/Users/x/code/musicdoubao/dist/吸气声弱化工具.app/Contents/Frameworks/matplotlib/tri').
PyiFrozenFinder(/Users/x/code/musicdoubao/dist/吸气声弱化工具.app/Contents/Frameworks/matplotlib/tri): find_spec: fallback finder returned spec: ModuleSpec(name='matplotlib.tri._triplot', loader=<_frozen_importlib_external.SourcelessFileLoader object at 0x1110a97f0>, origin='/Users/x/code/musicdoubao/dist/吸气声弱化工具.app/Contents/Frameworks/matplotlib/tri/_triplot.pyc').
# code object from '/Users/x/code/musicdoubao/dist/吸气声弱化工具.app/Contents/Frameworks/matplotlib/tri/_triplot.pyc'
import 'matplotlib.tri._triplot' # <_frozen_importlib_external.SourcelessFileLoader object at 0x1110a97f0>
PyiFrozenFinder(/Users/x/code/musicdoubao/dist/吸气声弱化工具.app/Contents/Frameworks/matplotlib/tri): find_spec: called with fullname='matplotlib.tri._trirefine', target='matplotlib.tri._trirefine'
PyiFrozenFinder(/Users/x/code/musicdoubao/dist/吸气声弱化工具.app/Contents/Frameworks/matplotlib/tri): find_spec: 'matplotlib.tri._trirefine' not found in PYZ...
PyiFrozenFinder(/Users/x/code/musicdoubao/dist/吸气声弱化工具.app/Contents/Frameworks/matplotlib/tri): find_spec: attempting resolve using fallback finder FileFinder('/Users/x/code/musicdoubao/dist/吸气声弱化工具.app/Contents/Frameworks/matplotlib/tri').
PyiFrozenFinder(/Users/x/code/musicdoubao/dist/吸气声弱化工具.app/Contents/Frameworks/matplotlib/tri): find_spec: fallback finder returned spec: ModuleSpec(name='matplotlib.tri._trirefine', loader=<_frozen_importlib_external.SourcelessFileLoader object at 0x1110a98b0>, origin='/Users/x/code/musicdoubao/dist/吸气声弱化工具.app/Contents/Frameworks/matplotlib/tri/_trirefine.pyc').
# code object from '/Users/x/code/musicdoubao/dist/吸气声弱化工具.app/Contents/Frameworks/matplotlib/tri/_trirefine.pyc'
import 'matplotlib.tri._trirefine' # <_frozen_importlib_external.SourcelessFileLoader object at 0x1110a98b0>
import 'matplotlib.tri' # <_frozen_importlib_external.SourcelessFileLoader object at 0x111033410>
PyiFrozenFinder(/Users/x/code/musicdoubao/dist/吸气声弱化工具.app/Contents/Frameworks/matplotlib/axes): find_spec: called with fullname='matplotlib.axes._secondary_axes', target='matplotlib.axes._secondary_axes'
PyiFrozenFinder(/Users/x/code/musicdoubao/dist/吸气声弱化工具.app/Contents/Frameworks/matplotlib/axes): find_spec: 'matplotlib.axes._secondary_axes' not found in PYZ...
PyiFrozenFinder(/Users/x/code/musicdoubao/dist/吸气声弱化工具.app/Contents/Frameworks/matplotlib/axes): find_spec: attempting resolve using fallback finder FileFinder('/Users/x/code/musicdoubao/dist/吸气声弱化工具.app/Contents/Frameworks/matplotlib/axes').
PyiFrozenFinder(/Users/x/code/musicdoubao/dist/吸气声弱化工具.app/Contents/Frameworks/matplotlib/axes): find_spec: fallback finder returned spec: ModuleSpec(name='matplotlib.axes._secondary_axes', loader=<_frozen_importlib_external.SourcelessFileLoader object at 0x111033350>, origin='/Users/x/code/musicdoubao/dist/吸气声弱化工具.app/Contents/Frameworks/matplotlib/axes/_secondary_axes.pyc').
# code object from '/Users/x/code/musicdoubao/dist/吸气声弱化工具.app/Contents/Frameworks/matplotlib/axes/_secondary_axes.pyc'
import 'matplotlib.axes._secondary_axes' # <_frozen_importlib_external.SourcelessFileLoader object at 0x111033350>
import 'matplotlib.axes._axes' # <_frozen_importlib_external.SourcelessFileLoader object at 0x110ba70b0>
import 'matplotlib.axes' # <_frozen_importlib_external.SourcelessFileLoader object at 0x110ba6390>
PyInstaller: running path finder hook for path: '/Users/x/code/musicdoubao/dist/吸气声弱化工具.app/Contents/Frameworks/matplotlib/projections'
PyInstaller: hook succeeded
PyiFrozenFinder(/Users/x/code/musicdoubao/dist/吸气声弱化工具.app/Contents/Frameworks/matplotlib/projections): find_spec: called with fullname='matplotlib.projections.geo', target='matplotlib.projections.geo'
PyiFrozenFinder(/Users/x/code/musicdoubao/dist/吸气声弱化工具.app/Contents/Frameworks/matplotlib/projections): find_spec: 'matplotlib.projections.geo' not found in PYZ...
PyiFrozenFinder(/Users/x/code/musicdoubao/dist/吸气声弱化工具.app/Contents/Frameworks/matplotlib/projections): find_spec: attempting resolve using fallback finder FileFinder('/Users/x/code/musicdoubao/dist/吸气声弱化工具.app/Contents/Frameworks/matplotlib/projections').
PyiFrozenFinder(/Users/x/code/musicdoubao/dist/吸气声弱化工具.app/Contents/Frameworks/matplotlib/projections): find_spec: fallback finder returned spec: ModuleSpec(name='matplotlib.projections.geo', loader=<_frozen_importlib_external.SourcelessFileLoader object at 0x110ba7050>, origin='/Users/x/code/musicdoubao/dist/吸气声弱化工具.app/Contents/Frameworks/matplotlib/projections/geo.pyc').
# code object from '/Users/x/code/musicdoubao/dist/吸气声弱化工具.app/Contents/Frameworks/matplotlib/projections/geo.pyc'
import 'matplotlib.projections.geo' # <_frozen_importlib_external.SourcelessFileLoader object at 0x110ba7050>
PyiFrozenFinder(/Users/x/code/musicdoubao/dist/吸气声弱化工具.app/Contents/Frameworks/matplotlib/projections): find_spec: called with fullname='matplotlib.projections.polar', target='matplotlib.projections.polar'
PyiFrozenFinder(/Users/x/code/musicdoubao/dist/吸气声弱化工具.app/Contents/Frameworks/matplotlib/projections): find_spec: 'matplotlib.projections.polar' not found in PYZ...
PyiFrozenFinder(/Users/x/code/musicdoubao/dist/吸气声弱化工具.app/Contents/Frameworks/matplotlib/projections): find_spec: attempting resolve using fallback finder FileFinder('/Users/x/code/musicdoubao/dist/吸气声弱化工具.app/Contents/Frameworks/matplotlib/projections').
PyiFrozenFinder(/Users/x/code/musicdoubao/dist/吸气声弱化工具.app/Contents/Frameworks/matplotlib/projections): find_spec: fallback finder returned spec: ModuleSpec(name='matplotlib.projections.polar', loader=<_frozen_importlib_external.SourcelessFileLoader object at 0x1110ab830>, origin='/Users/x/code/musicdoubao/dist/吸气声弱化工具.app/Contents/Frameworks/matplotlib/projections/polar.pyc').
# code object from '/Users/x/code/musicdoubao/dist/吸气声弱化工具.app/Contents/Frameworks/matplotlib/projections/polar.pyc'
import 'matplotlib.projections.polar' # <_frozen_importlib_external.SourcelessFileLoader object at 0x1110ab830>
PyiFrozenFinder(/Users/x/code/musicdoubao/dist/吸气声弱化工具.app/Contents/Frameworks): find_spec: called with fullname='mpl_toolkits', target='mpl_toolkits'
PyiFrozenFinder(/Users/x/code/musicdoubao/dist/吸气声弱化工具.app/Contents/Frameworks): find_spec: 'mpl_toolkits' not found in PYZ...
PyiFrozenFinder(/Users/x/code/musicdoubao/dist/吸气声弱化工具.app/Contents/Frameworks): find_spec: attempting resolve using fallback finder FileFinder('/Users/x/code/musicdoubao/dist/吸气声弱化工具.app/Contents/Frameworks').
# possible namespace for /Users/x/code/musicdoubao/dist/吸气声弱化工具.app/Contents/Frameworks/mpl_toolkits
PyiFrozenFinder(/Users/x/code/musicdoubao/dist/吸气声弱化工具.app/Contents/Frameworks): find_spec: fallback finder returned spec: ModuleSpec(name='mpl_toolkits', loader=None, submodule_search_locations=['/Users/x/code/musicdoubao/dist/吸气声弱化工具.app/Contents/Frameworks/mpl_toolkits']).
PyiFrozenFinder(/Users/x/code/musicdoubao/dist/吸气声弱化工具.app/Contents/Frameworks/setuptools/_vendor): find_spec: called with fullname='mpl_toolkits', target='mpl_toolkits'
PyiFrozenFinder(/Users/x/code/musicdoubao/dist/吸气声弱化工具.app/Contents/Frameworks/setuptools/_vendor): find_spec: 'mpl_toolkits' not found in PYZ...
PyiFrozenFinder(/Users/x/code/musicdoubao/dist/吸气声弱化工具.app/Contents/Frameworks/setuptools/_vendor): find_spec: attempting resolve using fallback finder FileFinder('/Users/x/code/musicdoubao/dist/吸气声弱化工具.app/Contents/Frameworks/setuptools/_vendor').
PyiFrozenFinder(/Users/x/code/musicdoubao/dist/吸气声弱化工具.app/Contents/Frameworks/setuptools/_vendor): find_spec: fallback finder returned spec: None.
import 'mpl_toolkits' # <_frozen_importlib_external.NamespaceLoader object at 0x111098b00>
PyInstaller: running path finder hook for path: '/Users/x/code/musicdoubao/dist/吸气声弱化工具.app/Contents/Frameworks/mpl_toolkits'
PyInstaller: hook succeeded
PyiFrozenFinder(/Users/x/code/musicdoubao/dist/吸气声弱化工具.app/Contents/Frameworks/mpl_toolkits): find_spec: called with fullname='mpl_toolkits.mplot3d', target='mpl_toolkits.mplot3d'
PyiFrozenFinder(/Users/x/code/musicdoubao/dist/吸气声弱化工具.app/Contents/Frameworks/mpl_toolkits): find_spec: 'mpl_toolkits.mplot3d' not found in PYZ...
PyiFrozenFinder(/Users/x/code/musicdoubao/dist/吸气声弱化工具.app/Contents/Frameworks/mpl_toolkits): find_spec: attempting resolve using fallback finder FileFinder('/Users/x/code/musicdoubao/dist/吸气声弱化工具.app/Contents/Frameworks/mpl_toolkits').
PyiFrozenFinder(/Users/x/code/musicdoubao/dist/吸气声弱化工具.app/Contents/Frameworks/mpl_toolkits): find_spec: fallback finder returned spec: ModuleSpec(name='mpl_toolkits.mplot3d', loader=<_frozen_importlib_external.SourcelessFileLoader object at 0x11110cfb0>, origin='/Users/x/code/musicdoubao/dist/吸气声弱化工具.app/Contents/Frameworks/mpl_toolkits/mplot3d/__init__.pyc', submodule_search_locations=['/Users/x/code/musicdoubao/dist/吸气声弱化工具.app/Contents/Frameworks/mpl_toolkits/mplot3d']).
# code object from '/Users/x/code/musicdoubao/dist/吸气声弱化工具.app/Contents/Frameworks/mpl_toolkits/mplot3d/__init__.pyc'
PyInstaller: running path finder hook for path: '/Users/x/code/musicdoubao/dist/吸气声弱化工具.app/Contents/Frameworks/mpl_toolkits/mplot3d'
PyInstaller: hook succeeded
PyiFrozenFinder(/Users/x/code/musicdoubao/dist/吸气声弱化工具.app/Contents/Frameworks/mpl_toolkits/mplot3d): find_spec: called with fullname='mpl_toolkits.mplot3d.axes3d', target='mpl_toolkits.mplot3d.axes3d'
PyiFrozenFinder(/Users/x/code/musicdoubao/dist/吸气声弱化工具.app/Contents/Frameworks/mpl_toolkits/mplot3d): find_spec: 'mpl_toolkits.mplot3d.axes3d' not found in PYZ...
PyiFrozenFinder(/Users/x/code/musicdoubao/dist/吸气声弱化工具.app/Contents/Frameworks/mpl_toolkits/mplot3d): find_spec: attempting resolve using fallback finder FileFinder('/Users/x/code/musicdoubao/dist/吸气声弱化工具.app/Contents/Frameworks/mpl_toolkits/mplot3d').
PyiFrozenFinder(/Users/x/code/musicdoubao/dist/吸气声弱化工具.app/Contents/Frameworks/mpl_toolkits/mplot3d): find_spec: fallback finder returned spec: ModuleSpec(name='mpl_toolkits.mplot3d.axes3d', loader=<_frozen_importlib_external.SourcelessFileLoader object at 0x11110d430>, origin='/Users/x/code/musicdoubao/dist/吸气声弱化工具.app/Contents/Frameworks/mpl_toolkits/mplot3d/axes3d.pyc').
# code object from '/Users/x/code/musicdoubao/dist/吸气声弱化工具.app/Contents/Frameworks/mpl_toolkits/mplot3d/axes3d.pyc'
PyiFrozenFinder(/Users/x/code/musicdoubao/dist/吸气声弱化工具.app/Contents/Frameworks/mpl_toolkits/mplot3d): find_spec: called with fullname='mpl_toolkits.mplot3d.art3d', target='mpl_toolkits.mplot3d.art3d'
PyiFrozenFinder(/Users/x/code/musicdoubao/dist/吸气声弱化工具.app/Contents/Frameworks/mpl_toolkits/mplot3d): find_spec: 'mpl_toolkits.mplot3d.art3d' not found in PYZ...
PyiFrozenFinder(/Users/x/code/musicdoubao/dist/吸气声弱化工具.app/Contents/Frameworks/mpl_toolkits/mplot3d): find_spec: attempting resolve using fallback finder FileFinder('/Users/x/code/musicdoubao/dist/吸气声弱化工具.app/Contents/Frameworks/mpl_toolkits/mplot3d').
PyiFrozenFinder(/Users/x/code/musicdoubao/dist/吸气声弱化工具.app/Contents/Frameworks/mpl_toolkits/mplot3d): find_spec: fallback finder returned spec: ModuleSpec(name='mpl_toolkits.mplot3d.art3d', loader=<_frozen_importlib_external.SourcelessFileLoader object at 0x11110eb70>, origin='/Users/x/code/musicdoubao/dist/吸气声弱化工具.app/Contents/Frameworks/mpl_toolkits/mplot3d/art3d.pyc').
# code object from '/Users/x/code/musicdoubao/dist/吸气声弱化工具.app/Contents/Frameworks/mpl_toolkits/mplot3d/art3d.pyc'
PyiFrozenFinder(/Users/x/code/musicdoubao/dist/吸气声弱化工具.app/Contents/Frameworks/mpl_toolkits/mplot3d): find_spec: called with fullname='mpl_toolkits.mplot3d.proj3d', target='mpl_toolkits.mplot3d.proj3d'
PyiFrozenFinder(/Users/x/code/musicdoubao/dist/吸气声弱化工具.app/Contents/Frameworks/mpl_toolkits/mplot3d): find_spec: 'mpl_toolkits.mplot3d.proj3d' not found in PYZ...
PyiFrozenFinder(/Users/x/code/musicdoubao/dist/吸气声弱化工具.app/Contents/Frameworks/mpl_toolkits/mplot3d): find_spec: attempting resolve using fallback finder FileFinder('/Users/x/code/musicdoubao/dist/吸气声弱化工具.app/Contents/Frameworks/mpl_toolkits/mplot3d').
PyiFrozenFinder(/Users/x/code/musicdoubao/dist/吸气声弱化工具.app/Contents/Frameworks/mpl_toolkits/mplot3d): find_spec: fallback finder returned spec: ModuleSpec(name='mpl_toolkits.mplot3d.proj3d', loader=<_frozen_importlib_external.SourcelessFileLoader object at 0x11116c6b0>, origin='/Users/x/code/musicdoubao/dist/吸气声弱化工具.app/Contents/Frameworks/mpl_toolkits/mplot3d/proj3d.pyc').
# code object from '/Users/x/code/musicdoubao/dist/吸气声弱化工具.app/Contents/Frameworks/mpl_toolkits/mplot3d/proj3d.pyc'
import 'mpl_toolkits.mplot3d.proj3d' # <_frozen_importlib_external.SourcelessFileLoader object at 0x11116c6b0>
import 'mpl_toolkits.mplot3d.art3d' # <_frozen_importlib_external.SourcelessFileLoader object at 0x11110eb70>
PyiFrozenFinder(/Users/x/code/musicdoubao/dist/吸气声弱化工具.app/Contents/Frameworks/mpl_toolkits/mplot3d): find_spec: called with fullname='mpl_toolkits.mplot3d.axis3d', target='mpl_toolkits.mplot3d.axis3d'
PyiFrozenFinder(/Users/x/code/musicdoubao/dist/吸气声弱化工具.app/Contents/Frameworks/mpl_toolkits/mplot3d): find_spec: 'mpl_toolkits.mplot3d.axis3d' not found in PYZ...
PyiFrozenFinder(/Users/x/code/musicdoubao/dist/吸气声弱化工具.app/Contents/Frameworks/mpl_toolkits/mplot3d): find_spec: attempting resolve using fallback finder FileFinder('/Users/x/code/musicdoubao/dist/吸气声弱化工具.app/Contents/Frameworks/mpl_toolkits/mplot3d').
PyiFrozenFinder(/Users/x/code/musicdoubao/dist/吸气声弱化工具.app/Contents/Frameworks/mpl_toolkits/mplot3d): find_spec: fallback finder returned spec: ModuleSpec(name='mpl_toolkits.mplot3d.axis3d', loader=<_frozen_importlib_external.SourcelessFileLoader object at 0x11116c8f0>, origin='/Users/x/code/musicdoubao/dist/吸气声弱化工具.app/Contents/Frameworks/mpl_toolkits/mplot3d/axis3d.pyc').
# code object from '/Users/x/code/musicdoubao/dist/吸气声弱化工具.app/Contents/Frameworks/mpl_toolkits/mplot3d/axis3d.pyc'
import 'mpl_toolkits.mplot3d.axis3d' # <_frozen_importlib_external.SourcelessFileLoader object at 0x11116c8f0>
import 'mpl_toolkits.mplot3d.axes3d' # <_frozen_importlib_external.SourcelessFileLoader object at 0x11110d430>
import 'mpl_toolkits.mplot3d' # <_frozen_importlib_external.SourcelessFileLoader object at 0x11110cfb0>
import 'matplotlib.projections' # <_frozen_importlib_external.SourcelessFileLoader object at 0x110ba6270>
PyiFrozenFinder(/Users/x/code/musicdoubao/dist/吸气声弱化工具.app/Contents/Frameworks/matplotlib): find_spec: called with fullname='matplotlib.colorbar', target='matplotlib.colorbar'
PyiFrozenFinder(/Users/x/code/musicdoubao/dist/吸气声弱化工具.app/Contents/Frameworks/matplotlib): find_spec: 'matplotlib.colorbar' not found in PYZ...
PyiFrozenFinder(/Users/x/code/musicdoubao/dist/吸气声弱化工具.app/Contents/Frameworks/matplotlib): find_spec: attempting resolve using fallback finder FileFinder('/Users/x/code/musicdoubao/dist/吸气声弱化工具.app/Contents/Frameworks/matplotlib').
PyiFrozenFinder(/Users/x/code/musicdoubao/dist/吸气声弱化工具.app/Contents/Frameworks/matplotlib): find_spec: fallback finder returned spec: ModuleSpec(name='matplotlib.colorbar', loader=<_frozen_importlib_external.SourcelessFileLoader object at 0x110ba63f0>, origin='/Users/x/code/musicdoubao/dist/吸气声弱化工具.app/Contents/Frameworks/matplotlib/colorbar.pyc').
# code object from '/Users/x/code/musicdoubao/dist/吸气声弱化工具.app/Contents/Frameworks/matplotlib/colorbar.pyc'
import 'matplotlib.colorbar' # <_frozen_importlib_external.SourcelessFileLoader object at 0x110ba63f0>
import 'matplotlib.figure' # <_frozen_importlib_external.SourcelessFileLoader object at 0x109af9c70>
2026-04-05 00:05:01.589 吸气声弱化工具[37682:937052] Error received in message reply handler: Connection invalid
2026-04-05 00:05:01.589 吸气声弱化工具[37682:937405] Connection Invalid error for service com.apple.hiservices-xpcservice.
2026-04-05 00:05:01.653 吸气声弱化工具[37682:937052] +[NSXPCSharedListener endpointForReply:withListenerName:replyErrorCode:]: an error occurred while attempting to obtain endpoint for listener 'ClientCallsAuxiliary': Connection invalid
